{
  "bc_scan": {
    "t_fit": {
      "slope": 0.9999999999999989,
      "intercept": 1.0370003396454031e-17,
      "r2": 1.0
    },
    "Delta_fit": {
      "slope": 1.0,
      "intercept": -2.332069928965777e-19,
      "r2": 1.0
    }
  },
  "ad_scan": {
    "mu_fit": {
      "slope": 4.000000000000001,
      "intercept": -1.6192298739018256e-18,
      "r2": 1.0
    }
  }
}