{
  "t_fit": {
    "slope": 0.4999999999999997,
    "intercept": 2.2468799307890073e-17,
    "r2": 0.5000000000000001
  },
  "Delta_fit": {
    "slope": -0.5,
    "intercept": 1.8503717077085947e-17,
    "r2": 0.4999999999999999
  },
  "mu_fit": {
    "slope": 4.000000000000001,
    "intercept": -2.64338815386942e-18,
    "r2": 0.9411764705882353
  }
}