{
  "topo_mu": 0.0,
  "triv_mu": 3.0,
  "topo": {
    "Ns": [
      40,
      60,
      80,
      120,
      200
    ],
    "Emins": [
      3.823965666260866e-10,
      1.0037205822960436,
      1.0021458116141675,
      1.0009778747881308,
      1.0003591602967634
    ],
    "fit": {
      "slope": 0.08130861343392808,
      "intercept": -12.466335189350294,
      "xi": -12.298819986797668
    }
  },
  "triv": {
    "Ns": [
      40,
      60,
      80,
      120,
      200
    ],
    "Emins": [
      1.6729845855778185e-10,
      0.500027325919568,
      0.5000087598107212,
      0.5000017548390489,
      0.5000002301693736
    ],
    "fit": {
      "slope": 0.08181770326798102,
      "intercept": -13.238521187605125,
      "xi": -12.22229370976911
    }
  }
}