cxy,cyx,cxz,min_abs,site,max_weight,maj_score
0.09,0.09,0.0,1.6183904508055963e-10,198,0.11989382352015696,0.7071067819996399
0.09,0.09,0.0125,1.6183904508055963e-10,198,0.11989382352015696,0.7071067819996399
0.09,0.09,0.025,1.6183904508055963e-10,198,0.11989382352015696,0.7071067819996399
0.09,0.09,0.037500000000000006,1.6183904508055963e-10,198,0.11989382352015696,0.7071067819996399
0.09,0.09,0.05,1.6183904508055963e-10,198,0.11989382352015696,0.7071067819996399
0.09,0.09999999999999999,0.0,8.800076339561463e-11,198,0.1239876734939567,0.5108058158628072
0.09,0.09999999999999999,0.0125,8.800076339561463e-11,198,0.1239876734939567,0.5108058158628072
0.09,0.09999999999999999,0.025,8.800076339561463e-11,198,0.1239876734939567,0.5108058158628072
0.09,0.09999999999999999,0.037500000000000006,8.800076339561463e-11,198,0.1239876734939567,0.5108058158628072
0.09,0.09999999999999999,0.05,8.800076339561463e-11,198,0.1239876734939567,0.5108058158628072
0.09,0.11,0.0,4.2671111306739775e-11,198,0.12786808312031145,0.7921441419810397
0.09,0.11,0.0125,4.2671111306739775e-11,198,0.12786808312031145,0.7921441419810397
0.09,0.11,0.025,4.2671111306739775e-11,198,0.12786808312031145,0.7921441419810397
0.09,0.11,0.037500000000000006,4.2671111306739775e-11,198,0.12786808312031145,0.7921441419810397
0.09,0.11,0.05,4.2671111306739775e-11,198,0.12786808312031145,0.7921441419810397
0.09,0.12,0.0,1.920258000370302e-11,198,0.13154267461800326,0.800664783293533
0.09,0.12,0.0125,1.920258000370302e-11,198,0.13154267461800326,0.800664783293533
0.09,0.12,0.025,1.920258000370302e-11,198,0.13154267461800326,0.800664783293533
0.09,0.12,0.037500000000000006,1.920258000370302e-11,198,0.13154267461800326,0.800664783293533
0.09,0.12,0.05,1.920258000370302e-11,198,0.13154267461800326,0.800664783293533
0.09,0.13,0.0,8.333225741289983e-12,198,0.13503301222866,0.5472038685643987
0.09,0.13,0.0125,8.333225741289983e-12,198,0.13503301222866,0.5472038685643987
0.09,0.13,0.025,8.333225741289983e-12,198,0.13503301222866,0.5472038685643987
0.09,0.13,0.037500000000000006,8.333225741289983e-12,198,0.13503301222866,0.5472038685643987
0.09,0.13,0.05,8.333225741289983e-12,198,0.13503301222866,0.5472038685643987
0.09,0.14,0.0,3.580697411298545e-12,198,0.13834279176990133,0.875379447886499
0.09,0.14,0.0125,3.580697411298545e-12,198,0.13834279176990133,0.875379447886499
0.09,0.14,0.025,3.580697411298545e-12,198,0.13834279176990133,0.875379447886499
0.09,0.14,0.037500000000000006,3.580697411298545e-12,198,0.13834279176990133,0.875379447886499
0.09,0.14,0.05,3.580697411298545e-12,198,0.13834279176990133,0.875379447886499
0.09,0.15,0.0,1.551655412489433e-12,198,0.14150450605372955,0.6426629110625656
0.09,0.15,0.0125,1.551655412489433e-12,198,0.14150450605372955,0.6426629110625656
0.09,0.15,0.025,1.551655412489433e-12,198,0.14150450605372955,0.6426629110625656
0.09,0.15,0.037500000000000006,1.551655412489433e-12,198,0.14150450605372955,0.6426629110625656
0.09,0.15,0.05,1.551655412489433e-12,198,0.14150450605372955,0.6426629110625656
0.09,0.16,0.0,6.863868197763999e-13,198,0.14464529666763454,0.743355390230944
0.09,0.16,0.0125,6.863868197763999e-13,198,0.14464529666763454,0.743355390230944
0.09,0.16,0.025,6.863868197763999e-13,198,0.14464529666763454,0.743355390230944
0.09,0.16,0.037500000000000006,6.863868197763999e-13,198,0.14464529666763454,0.743355390230944
0.09,0.16,0.05,6.863868197763999e-13,198,0.14464529666763454,0.743355390230944
0.09,0.16999999999999998,0.0,3.098868207506698e-13,198,0.14833914651734775,0.8176412689409878
0.09,0.16999999999999998,0.0125,3.098868207506698e-13,198,0.14833914651734775,0.8176412689409878
0.09,0.16999999999999998,0.025,3.098868207506698e-13,198,0.14833914651734775,0.8176412689409878
0.09,0.16999999999999998,0.037500000000000006,3.098868207506698e-13,198,0.14833914651734775,0.8176412689409878
0.09,0.16999999999999998,0.05,3.098868207506698e-13,198,0.14833914651734775,0.8176412689409878
0.09,0.18,0.0,1.4340636499203673e-13,198,0.15207307030320294,0.5912879722621313
0.09,0.18,0.0125,1.4340636499203673e-13,198,0.15207307030320294,0.5912879722621313
0.09,0.18,0.025,1.4340636499203673e-13,198,0.15207307030320294,0.5912879722621313
0.09,0.18,0.037500000000000006,1.4340636499203673e-13,198,0.15207307030320294,0.5912879722621313
0.09,0.18,0.05,1.4340636499203673e-13,198,0.15207307030320294,0.5912879722621313
0.09,0.19,0.0,6.668654029570155e-14,198,0.15746733042624378,0.8936622180018847
0.09,0.19,0.0125,6.668654029570155e-14,198,0.15746733042624378,0.8936622180018847
0.09,0.19,0.025,6.668654029570155e-14,198,0.15746733042624378,0.8936622180018847
0.09,0.19,0.037500000000000006,6.668654029570155e-14,198,0.15746733042624378,0.8936622180018847
0.09,0.19,0.05,6.668654029570155e-14,198,0.15746733042624378,0.8936622180018847
0.09,0.2,0.0,3.152403488609534e-14,198,0.16560435036086968,0.5715863276879195
0.09,0.2,0.0125,3.152403488609534e-14,198,0.16560435036086968,0.5715863276879195
0.09,0.2,0.025,3.152403488609534e-14,198,0.16560435036086968,0.5715863276879195
0.09,0.2,0.037500000000000006,3.152403488609534e-14,198,0.16560435036086968,0.5715863276879195
0.09,0.2,0.05,3.152403488609534e-14,198,0.16560435036086968,0.5715863276879195
0.09,0.21,0.0,1.509538087084778e-14,198,0.18113465542295348,0.8447697020090508
0.09,0.21,0.0125,1.509538087084778e-14,198,0.18113465542295348,0.8447697020090508
0.09,0.21,0.025,1.509538087084778e-14,198,0.18113465542295348,0.8447697020090508
0.09,0.21,0.037500000000000006,1.509538087084778e-14,198,0.18113465542295348,0.8447697020090508
0.09,0.21,0.05,1.509538087084778e-14,198,0.18113465542295348,0.8447697020090508
0.09999999999999999,0.09,0.0,8.800057227700292e-11,198,0.1239883541132431,0.8596969506956976
0.09999999999999999,0.09,0.0125,8.800057227700292e-11,198,0.1239883541132431,0.8596969506956976
0.09999999999999999,0.09,0.025,8.800057227700292e-11,198,0.1239883541132431,0.8596969506956976
0.09999999999999999,0.09,0.037500000000000006,8.800057227700292e-11,198,0.1239883541132431,0.8596969506956976
0.09999999999999999,0.09,0.05,8.800057227700292e-11,198,0.1239883541132431,0.8596969506956976
0.09999999999999999,0.09999999999999999,0.0,3.6719121702748835e-11,198,0.12789340083190556,0.707106781885736
0.09999999999999999,0.09999999999999999,0.0125,3.6719121702748835e-11,198,0.12789340083190556,0.707106781885736
0.09999999999999999,0.09999999999999999,0.025,3.6719121702748835e-11,198,0.12789340083190556,0.707106781885736
0.09999999999999999,0.09999999999999999,0.037500000000000006,3.6719121702748835e-11,198,0.12789340083190556,0.707106781885736
0.09999999999999999,0.09999999999999999,0.05,3.6719121702748835e-11,198,0.12789340083190556,0.707106781885736
0.09999999999999999,0.11,0.0,1.540923124962642e-11,198,0.13159737171274843,0.5232797103166408
0.09999999999999999,0.11,0.0125,1.540923124962642e-11,198,0.13159737171274843,0.5232797103166408
0.09999999999999999,0.11,0.025,1.540923124962642e-11,198,0.13159737171274843,0.5232797103166408
0.09999999999999999,0.11,0.037500000000000006,1.540923124962642e-11,198,0.13159737171274843,0.5232797103166408
0.09999999999999999,0.11,0.05,1.540923124962642e-11,198,0.13159737171274843,0.5232797103166408
0.09999999999999999,0.12,0.0,6.322622101886218e-12,198,0.13512207201398138,0.8455980104539351
0.09999999999999999,0.12,0.0125,6.322622101886218e-12,198,0.13512207201398138,0.8455980104539351
0.09999999999999999,0.12,0.025,6.322622101886218e-12,198,0.13512207201398138,0.8455980104539351
0.09999999999999999,0.12,0.037500000000000006,6.322622101886218e-12,198,0.13512207201398138,0.8455980104539351
0.09999999999999999,0.12,0.05,6.322622101886218e-12,198,0.13512207201398138,0.8455980104539351
0.09999999999999999,0.13,0.0,2.5579705454595266e-12,198,0.138505835485852,0.7067906127927387
0.09999999999999999,0.13,0.0125,2.5579705454595266e-12,198,0.138505835485852,0.7067906127927387
0.09999999999999999,0.13,0.025,2.5579705454595266e-12,198,0.138505835485852,0.7067906127927387
0.09999999999999999,0.13,0.037500000000000006,2.5579705454595266e-12,198,0.138505835485852,0.7067906127927387
0.09999999999999999,0.13,0.05,2.5579705454595266e-12,198,0.138505835485852,0.7067906127927387
0.09999999999999999,0.14,0.0,1.0390848137797756e-12,198,0.14172719535737402,0.6305414831576284
0.09999999999999999,0.14,0.0125,1.0390848137797756e-12,198,0.14172719535737402,0.6305414831576284
0.09999999999999999,0.14,0.025,1.0390848137797756e-12,198,0.14172719535737402,0.6305414831576284
0.09999999999999999,0.14,0.037500000000000006,1.0390848137797756e-12,198,0.14172719535737402,0.6305414831576284
0.09999999999999999,0.14,0.05,1.0390848137797756e-12,198,0.14172719535737402,0.6305414831576284
0.09999999999999999,0.15,0.0,4.311210505700483e-13,198,0.1450728464620895,0.8711142176436255
0.09999999999999999,0.15,0.0125,4.311210505700483e-13,198,0.1450728464620895,0.8711142176436255
0.09999999999999999,0.15,0.025,4.311210505700483e-13,198,0.1450728464620895,0.8711142176436255
0.09999999999999999,0.15,0.037500000000000006,4.311210505700483e-13,198,0.1450728464620895,0.8711142176436255
0.09999999999999999,0.15,0.05,4.311210505700483e-13,198,0.1450728464620895,0.8711142176436255
0.09999999999999999,0.16,0.0,1.8508804640832287e-13,198,0.14897641486941537,0.5422109999533612
0.09999999999999999,0.16,0.0125,1.8508804640832287e-13,198,0.14897641486941537,0.5422109999533612
0.09999999999999999,0.16,0.025,1.8508804640832287e-13,198,0.14897641486941537,0.5422109999533612
0.09999999999999999,0.16,0.037500000000000006,1.8508804640832287e-13,198,0.14897641486941537,0.5422109999533612
0.09999999999999999,0.16,0.05,1.8508804640832287e-13,198,0.14897641486941537,0.5422109999533612
0.09999999999999999,0.16999999999999998,0.0,8.112518338288281e-14,198,0.15369575008446626,0.8719014648010683
0.09999999999999999,0.16999999999999998,0.0125,8.112518338288281e-14,198,0.15369575008446626,0.8719014648010683
0.09999999999999999,0.16999999999999998,0.025,8.112518338288281e-14,198,0.15369575008446626,0.8719014648010683
0.09999999999999999,0.16999999999999998,0.037500000000000006,8.112518338288281e-14,198,0.15369575008446626,0.8719014648010683
0.09999999999999999,0.16999999999999998,0.05,8.112518338288281e-14,198,0.15369575008446626,0.8719014648010683
0.09999999999999999,0.18,0.0,3.563823722419194e-14,198,0.161165081549014,0.6305789873583837
0.09999999999999999,0.18,0.0125,3.563823722419194e-14,198,0.161165081549014,0.6305789873583837
0.09999999999999999,0.18,0.025,3.563823722419194e-14,198,0.161165081549014,0.6305789873583837
0.09999999999999999,0.18,0.037500000000000006,3.563823722419194e-14,198,0.161165081549014,0.6305789873583837
0.09999999999999999,0.18,0.05,3.563823722419194e-14,198,0.161165081549014,0.6305789873583837
0.09999999999999999,0.19,0.0,1.5453933651620803e-14,198,0.17879749553338894,0.7686880527847217
0.09999999999999999,0.19,0.0125,1.5453933651620803e-14,198,0.17879749553338894,0.7686880527847217
0.09999999999999999,0.19,0.025,1.5453933651620803e-14,198,0.17879749553338894,0.7686880527847217
0.09999999999999999,0.19,0.037500000000000006,1.5453933651620803e-14,198,0.17879749553338894,0.7686880527847217
0.09999999999999999,0.19,0.05,1.5453933651620803e-14,198,0.17879749553338894,0.7686880527847217
0.09999999999999999,0.2,0.0,6.21247029257124e-15,198,0.2026556187472105,0.7864728248593674
0.09999999999999999,0.2,0.0125,6.21247029257124e-15,198,0.2026556187472105,0.7864728248593674
0.09999999999999999,0.2,0.025,6.21247029257124e-15,198,0.2026556187472105,0.7864728248593674
0.09999999999999999,0.2,0.037500000000000006,6.21247029257124e-15,198,0.2026556187472105,0.7864728248593674
0.09999999999999999,0.2,0.05,6.21247029257124e-15,198,0.2026556187472105,0.7864728248593674
0.09999999999999999,0.21,0.0,2.3028084366045513e-15,198,0.24269181471248666,0.539173124015275
0.09999999999999999,0.21,0.0125,2.3028084366045513e-15,198,0.24269181471248666,0.539173124015275
0.09999999999999999,0.21,0.025,2.3028084366045513e-15,198,0.24269181471248666,0.539173124015275
0.09999999999999999,0.21,0.037500000000000006,2.3028084366045513e-15,198,0.24269181471248666,0.539173124015275
0.09999999999999999,0.21,0.05,2.3028084366045513e-15,198,0.24269181471248666,0.539173124015275
0.11,0.09,0.0,4.2671360324567775e-11,198,0.12786682044480177,0.610334776477352
0.11,0.09,0.0125,4.2671360324567775e-11,198,0.12786682044480177,0.610334776477352
0.11,0.09,0.025,4.2671360324567775e-11,198,0.12786682044480177,0.610334776477352
0.11,0.09,0.037500000000000006,4.2671360324567775e-11,198,0.12786682044480177,0.610334776477352
0.11,0.09,0.05,4.2671360324567775e-11,198,0.12786682044480177,0.610334776477352
0.11,0.09999999999999999,0.0,1.5409686013716e-11,198,0.13159528932693287,0.8521587105473312
0.11,0.09999999999999999,0.0125,1.5409686013716e-11,198,0.13159528932693287,0.8521587105473312
0.11,0.09999999999999999,0.025,1.5409686013716e-11,198,0.13159528932693287,0.8521587105473312
0.11,0.09999999999999999,0.037500000000000006,1.5409686013716e-11,198,0.13159528932693287,0.8521587105473312
0.11,0.09999999999999999,0.05,1.5409686013716e-11,198,0.13159528932693287,0.8521587105473312
0.11,0.11,0.0,5.691905858935961e-12,198,0.13514806472166652,0.7071067804948384
0.11,0.11,0.0125,5.691905858935961e-12,198,0.13514806472166652,0.7071067804948384
0.11,0.11,0.025,5.691905858935961e-12,198,0.13514806472166652,0.7071067804948384
0.11,0.11,0.037500000000000006,5.691905858935961e-12,198,0.13514806472166652,0.7071067804948384
0.11,0.11,0.05,5.691905858935961e-12,198,0.13514806472166652,0.7071067804948384
0.11,0.12,0.0,2.101057456304002e-12,198,0.1385235367490642,0.5446994169239423
0.11,0.12,0.0125,2.101057456304002e-12,198,0.1385235367490642,0.5446994169239423
0.11,0.12,0.025,2.101057456304002e-12,198,0.1385235367490642,0.5446994169239423
0.11,0.12,0.037500000000000006,2.101057456304002e-12,198,0.1385235367490642,0.5446994169239423
0.11,0.12,0.05,2.101057456304002e-12,198,0.1385235367490642,0.5446994169239423
0.11,0.13,0.0,7.758982491683526e-13,198,0.1419898434754423,0.870719045589764
0.11,0.13,0.0125,7.758982491683526e-13,198,0.1419898434754423,0.870719045589764
0.11,0.13,0.025,7.758982491683526e-13,198,0.1419898434754423,0.870719045589764
0.11,0.13,0.037500000000000006,7.758982491683526e-13,198,0.1419898434754423,0.870719045589764
0.11,0.13,0.05,7.758982491683526e-13,198,0.1419898434754423,0.870719045589764
0.11,0.14,0.0,2.9117248948182164e-13,198,0.14549567260395413,0.5997012086851611
0.11,0.14,0.0125,2.9117248948182164e-13,198,0.14549567260395413,0.5997012086851611
0.11,0.14,0.025,2.9117248948182164e-13,198,0.14549567260395413,0.5997012086851611
0.11,0.14,0.037500000000000006,2.9117248948182164e-13,198,0.14549567260395413,0.5997012086851611
0.11,0.14,0.05,2.9117248948182164e-13,198,0.14549567260395413,0.5997012086851611
0.11,0.15,0.0,1.1381628542182795e-13,198,0.14993476612111087,0.7654907961178875
0.11,0.15,0.0125,1.1381628542182795e-13,198,0.14993476612111087,0.7654907961178875
0.11,0.15,0.025,1.1381628542182795e-13,198,0.14993476612111087,0.7654907961178875
0.11,0.15,0.037500000000000006,1.1381628542182795e-13,198,0.14993476612111087,0.7654907961178875
0.11,0.15,0.05,1.1381628542182795e-13,198,0.14993476612111087,0.7654907961178875
0.11,0.16,0.0,4.5490229426005526e-14,198,0.1553238894461662,0.7556161935949239
0.11,0.16,0.0125,4.5490229426005526e-14,198,0.1553238894461662,0.7556161935949239
0.11,0.16,0.025,4.5490229426005526e-14,198,0.1553238894461662,0.7556161935949239
0.11,0.16,0.037500000000000006,4.5490229426005526e-14,198,0.1553238894461662,0.7556161935949239
0.11,0.16,0.05,4.5490229426005526e-14,198,0.1553238894461662,0.7556161935949239
0.11,0.16999999999999998,0.0,1.8991055738052062e-14,198,0.173477581702507,0.6273028803099565
0.11,0.16999999999999998,0.0125,1.8991055738052062e-14,198,0.173477581702507,0.6273028803099565
0.11,0.16999999999999998,0.025,1.8991055738052062e-14,198,0.173477581702507,0.6273028803099565
0.11,0.16999999999999998,0.037500000000000006,1.8991055738052062e-14,198,0.173477581702507,0.6273028803099565
0.11,0.16999999999999998,0.05,1.8991055738052062e-14,198,0.173477581702507,0.6273028803099565
0.11,0.18,0.0,7.137452067523355e-15,198,0.1895555089205211,0.8740489636558126
0.11,0.18,0.0125,7.137452067523355e-15,198,0.1895555089205211,0.8740489636558126
0.11,0.18,0.025,7.137452067523355e-15,198,0.1895555089205211,0.8740489636558126
0.11,0.18,0.037500000000000006,7.137452067523355e-15,198,0.1895555089205211,0.8740489636558126
0.11,0.18,0.05,7.137452067523355e-15,198,0.1895555089205211,0.8740489636558126
0.11,0.19,0.0,1.662444637381412e-15,198,0.23050797159594727,0.4280895728896224
0.11,0.19,0.0125,1.662444637381412e-15,198,0.23050797159594727,0.4280895728896224
0.11,0.19,0.025,1.662444637381412e-15,198,0.23050797159594727,0.4280895728896224
0.11,0.19,0.037500000000000006,1.662444637381412e-15,198,0.23050797159594727,0.4280895728896224
0.11,0.19,0.05,1.662444637381412e-15,198,0.23050797159594727,0.4280895728896224
0.11,0.2,0.0,6.310441813073754e-16,198,0.2804190811809182,0.9655682177059595
0.11,0.2,0.0125,6.310441813073754e-16,198,0.2804190811809182,0.9655682177059595
0.11,0.2,0.025,6.310441813073754e-16,198,0.2804190811809182,0.9655682177059595
0.11,0.2,0.037500000000000006,6.310441813073754e-16,198,0.2804190811809182,0.9655682177059595
0.11,0.2,0.05,6.310441813073754e-16,198,0.2804190811809182,0.9655682177059595
0.11,0.21,0.0,1.0388501791021468e-16,198,0.30953644097517297,0.3172368769161269
0.11,0.21,0.0125,1.0388501791021468e-16,198,0.30953644097517297,0.3172368769161269
0.11,0.21,0.025,1.0388501791021468e-16,198,0.30953644097517297,0.3172368769161269
0.11,0.21,0.037500000000000006,1.0388501791021468e-16,198,0.30953644097517297,0.3172368769161269
0.11,0.21,0.05,1.0388501791021468e-16,198,0.30953644097517297,0.3172368769161269
0.12,0.09,0.0,1.920259340429873e-11,198,0.13154608174569,0.5991107399067049
0.12,0.09,0.0125,1.920259340429873e-11,198,0.13154608174569,0.5991107399067049
0.12,0.09,0.025,1.920259340429873e-11,198,0.13154608174569,0.5991107399067049
0.12,0.09,0.037500000000000006,1.920259340429873e-11,198,0.13154608174569,0.5991107399067049
0.12,0.09,0.05,1.920259340429873e-11,198,0.13154608174569,0.5991107399067049
0.12,0.09999999999999999,0.0,6.321929558694251e-12,198,0.13512033358279582,0.5338223428575831
0.12,0.09999999999999999,0.0125,6.321929558694251e-12,198,0.13512033358279582,0.5338223428575831
0.12,0.09999999999999999,0.025,6.321929558694251e-12,198,0.13512033358279582,0.5338223428575831
0.12,0.09999999999999999,0.037500000000000006,6.321929558694251e-12,198,0.13512033358279582,0.5338223428575831
0.12,0.09999999999999999,0.05,6.321929558694251e-12,198,0.13512033358279582,0.5338223428575831
0.12,0.11,0.0,2.1016474401534494e-12,198,0.13852721703206092,0.838634833089187
0.12,0.11,0.0125,2.1016474401534494e-12,198,0.13852721703206092,0.838634833089187
0.12,0.11,0.025,2.1016474401534494e-12,198,0.13852721703206092,0.838634833089187
0.12,0.11,0.037500000000000006,2.1016474401534494e-12,198,0.13852721703206092,0.838634833089187
0.12,0.11,0.05,2.1016474401534494e-12,198,0.13852721703206092,0.838634833089187
0.12,0.12,0.0,6.945713853918308e-13,198,0.14194662800296032,0.7071067861749595
0.12,0.12,0.0125,6.945713853918308e-13,198,0.14194662800296032,0.7071067861749595
0.12,0.12,0.025,6.945713853918308e-13,198,0.14194662800296032,0.7071067861749595
0.12,0.12,0.037500000000000006,6.945713853918308e-13,198,0.14194662800296032,0.7071067861749595
0.12,0.12,0.05,6.945713853918308e-13,198,0.14194662800296032,0.7071067861749595
0.12,0.13,0.0,2.272524299615739e-13,198,0.1456725091609249,0.5751356598026637
0.12,0.13,0.0125,2.272524299615739e-13,198,0.1456725091609249,0.5751356598026637
0.12,0.13,0.025,2.272524299615739e-13,198,0.1456725091609249,0.5751356598026637
0.12,0.13,0.037500000000000006,2.272524299615739e-13,198,0.1456725091609249,0.5751356598026637
0.12,0.13,0.05,2.272524299615739e-13,198,0.1456725091609249,0.5751356598026637
0.12,0.14,0.0,7.60234924784935e-14,198,0.1512969561295374,0.8722405211595072
0.12,0.14,0.0125,7.60234924784935e-14,198,0.1512969561295374,0.8722405211595072
0.12,0.14,0.025,7.60234924784935e-14,198,0.1512969561295374,0.8722405211595072
0.12,0.14,0.037500000000000006,7.60234924784935e-14,198,0.1512969561295374,0.8722405211595072
0.12,0.14,0.05,7.60234924784935e-14,198,0.1512969561295374,0.8722405211595072
0.12,0.15,0.0,2.5993704198650487e-14,198,0.16128567843246475,0.5020138406036618
0.12,0.15,0.0125,2.5993704198650487e-14,198,0.16128567843246475,0.5020138406036618
0.12,0.15,0.025,2.5993704198650487e-14,198,0.16128567843246475,0.5020138406036618
0.12,0.15,0.037500000000000006,2.5993704198650487e-14,198,0.16128567843246475,0.5020138406036618
0.12,0.15,0.05,2.5993704198650487e-14,198,0.16128567843246475,0.5020138406036618
0.12,0.16,0.0,8.629598074261826e-15,198,0.18003363631969532,0.895505049132443
0.12,0.16,0.0125,8.629598074261826e-15,198,0.18003363631969532,0.895505049132443
0.12,0.16,0.025,8.629598074261826e-15,198,0.18003363631969532,0.895505049132443
0.12,0.16,0.037500000000000006,8.629598074261826e-15,198,0.18003363631969532,0.895505049132443
0.12,0.16,0.05,8.629598074261826e-15,198,0.18003363631969532,0.895505049132443
0.12,0.16999999999999998,0.0,2.8332853341126403e-15,198,0.21234448194354516,0.4755105038629353
0.12,0.16999999999999998,0.0125,2.8332853341126403e-15,198,0.21234448194354516,0.4755105038629353
0.12,0.16999999999999998,0.025,2.8332853341126403e-15,198,0.21234448194354516,0.4755105038629353
0.12,0.16999999999999998,0.037500000000000006,2.8332853341126403e-15,198,0.21234448194354516,0.4755105038629353
0.12,0.16999999999999998,0.05,2.8332853341126403e-15,198,0.21234448194354516,0.4755105038629353
0.12,0.18,0.0,5.29045635386415e-16,198,0.2760540945842572,0.8950063258285141
0.12,0.18,0.0125,5.29045635386415e-16,198,0.2760540945842572,0.8950063258285141
0.12,0.18,0.025,5.29045635386415e-16,198,0.2760540945842572,0.8950063258285141
0.12,0.18,0.037500000000000006,5.29045635386415e-16,198,0.2760540945842572,0.8950063258285141
0.12,0.18,0.05,5.29045635386415e-16,198,0.2760540945842572,0.8950063258285141
0.12,0.19,0.0,4.639921776786422e-16,198,0.30805320503932865,0.5606354645870502
0.12,0.19,0.0125,4.639921776786422e-16,198,0.30805320503932865,0.5606354645870502
0.12,0.19,0.025,4.639921776786422e-16,198,0.30805320503932865,0.5606354645870502
0.12,0.19,0.037500000000000006,4.639921776786422e-16,198,0.30805320503932865,0.5606354645870502
0.12,0.19,0.05,4.639921776786422e-16,198,0.30805320503932865,0.5606354645870502
0.12,0.2,0.0,7.671817333018764e-16,198,0.3199551416721844,0.7275232936932248
0.12,0.2,0.0125,7.671817333018764e-16,198,0.3199551416721844,0.7275232936932248
0.12,0.2,0.025,7.671817333018764e-16,198,0.3199551416721844,0.7275232936932248
0.12,0.2,0.037500000000000006,7.671817333018764e-16,198,0.3199551416721844,0.7275232936932248
0.12,0.2,0.05,7.671817333018764e-16,198,0.3199551416721844,0.7275232936932248
0.12,0.21,0.0,6.717737802432196e-16,198,0.3249181867709101,0.7989738920486102
0.12,0.21,0.0125,6.717737802432196e-16,198,0.3249181867709101,0.7989738920486102
0.12,0.21,0.025,6.717737802432196e-16,198,0.3249181867709101,0.7989738920486102
0.12,0.21,0.037500000000000006,6.717737802432196e-16,198,0.3249181867709101,0.7989738920486102
0.12,0.21,0.05,6.717737802432196e-16,198,0.3249181867709101,0.7989738920486102
0.13,0.09,0.0,8.332895762821146e-12,198,0.13502213294693155,0.8369864034573385
0.13,0.09,0.0125,8.332895762821146e-12,198,0.13502213294693155,0.8369864034573385
0.13,0.09,0.025,8.332895762821146e-12,198,0.13502213294693155,0.8369864034573385
0.13,0.09,0.037500000000000006,8.332895762821146e-12,198,0.13502213294693155,0.8369864034573385
0.13,0.09,0.05,8.332895762821146e-12,198,0.13502213294693155,0.8369864034573385
0.13,0.09999999999999999,0.0,2.5578181895465695e-12,198,0.1384790136488542,0.7074159964801979
0.13,0.09999999999999999,0.0125,2.5578181895465695e-12,198,0.1384790136488542,0.7074159964801979
0.13,0.09999999999999999,0.025,2.5578181895465695e-12,198,0.1384790136488542,0.7074159964801979
0.13,0.09999999999999999,0.037500000000000006,2.5578181895465695e-12,198,0.1384790136488542,0.7074159964801979
0.13,0.09999999999999999,0.05,2.5578181895465695e-12,198,0.1384790136488542,0.7074159964801979
0.13,0.11,0.0,7.758457563710833e-13,198,0.14191455064237266,0.49190296546326767
0.13,0.11,0.0125,7.758457563710833e-13,198,0.14191455064237266,0.49190296546326767
0.13,0.11,0.025,7.758457563710833e-13,198,0.14191455064237266,0.49190296546326767
0.13,0.11,0.037500000000000006,7.758457563710833e-13,198,0.14191455064237266,0.49190296546326767
0.13,0.11,0.05,7.758457563710833e-13,198,0.14191455064237266,0.49190296546326767
0.13,0.12,0.0,2.278121455034528e-13,198,0.1460666798821808,0.8183626356343782
0.13,0.12,0.0125,2.278121455034528e-13,198,0.1460666798821808,0.8183626356343782
0.13,0.12,0.025,2.278121455034528e-13,198,0.1460666798821808,0.8183626356343782
0.13,0.12,0.037500000000000006,2.278121455034528e-13,198,0.1460666798821808,0.8183626356343782
0.13,0.12,0.05,2.278121455034528e-13,198,0.1460666798821808,0.8183626356343782
0.13,0.13,0.0,6.287978640887363e-14,198,0.15185153698204512,0.7071067506605972
0.13,0.13,0.0125,6.287978640887363e-14,198,0.15185153698204512,0.7071067506605972
0.13,0.13,0.025,6.287978640887363e-14,198,0.15185153698204512,0.7071067506605972
0.13,0.13,0.037500000000000006,6.287978640887363e-14,198,0.15185153698204512,0.7071067506605972
0.13,0.13,0.05,6.287978640887363e-14,198,0.15185153698204512,0.7071067506605972
0.13,0.14,0.0,1.6111634472717056e-14,198,0.1638119313310865,0.6297417497186055
0.13,0.14,0.0125,1.6111634472717056e-14,198,0.1638119313310865,0.6297417497186055
0.13,0.14,0.025,1.6111634472717056e-14,198,0.1638119313310865,0.6297417497186055
0.13,0.14,0.037500000000000006,1.6111634472717056e-14,198,0.1638119313310865,0.6297417497186055
0.13,0.14,0.05,1.6111634472717056e-14,198,0.1638119313310865,0.6297417497186055
0.13,0.15,0.0,3.6505337069638975e-15,198,0.19390466832505,0.8008985696700794
0.13,0.15,0.0125,3.6505337069638975e-15,198,0.19390466832505,0.8008985696700794
0.13,0.15,0.025,3.6505337069638975e-15,198,0.19390466832505,0.8008985696700794
0.13,0.15,0.037500000000000006,3.6505337069638975e-15,198,0.19390466832505,0.8008985696700794
0.13,0.15,0.05,3.6505337069638975e-15,198,0.19390466832505,0.8008985696700794
0.13,0.16,0.0,8.514796158833675e-16,198,0.2697480383943526,0.5970214266394474
0.13,0.16,0.0125,8.514796158833675e-16,198,0.2697480383943526,0.5970214266394474
0.13,0.16,0.025,8.514796158833675e-16,198,0.2697480383943526,0.5970214266394474
0.13,0.16,0.037500000000000006,8.514796158833675e-16,198,0.2697480383943526,0.5970214266394474
0.13,0.16,0.05,8.514796158833675e-16,198,0.2697480383943526,0.5970214266394474
0.13,0.16999999999999998,0.0,3.6243104365870105e-16,198,0.3039277946070875,0.8448651905399218
0.13,0.16999999999999998,0.0125,3.6243104365870105e-16,198,0.3039277946070875,0.8448651905399218
0.13,0.16999999999999998,0.025,3.6243104365870105e-16,198,0.3039277946070875,0.8448651905399218
0.13,0.16999999999999998,0.037500000000000006,3.6243104365870105e-16,198,0.3039277946070875,0.8448651905399218
0.13,0.16999999999999998,0.05,3.6243104365870105e-16,198,0.3039277946070875,0.8448651905399218
0.13,0.18,0.0,5.976692713303605e-18,198,0.31430116381988416,0.4252537460532636
0.13,0.18,0.0125,5.976692713303605e-18,198,0.31430116381988416,0.4252537460532636
0.13,0.18,0.025,5.976692713303605e-18,198,0.31430116381988416,0.4252537460532636
0.13,0.18,0.037500000000000006,5.976692713303605e-18,198,0.31430116381988416,0.4252537460532636
0.13,0.18,0.05,5.976692713303605e-18,198,0.31430116381988416,0.4252537460532636
0.13,0.19,0.0,1.163571489851272e-16,198,0.321777969278223,0.9592783111555389
0.13,0.19,0.0125,1.163571489851272e-16,198,0.321777969278223,0.9592783111555389
0.13,0.19,0.025,1.163571489851272e-16,198,0.321777969278223,0.9592783111555389
0.13,0.19,0.037500000000000006,1.163571489851272e-16,198,0.321777969278223,0.9592783111555389
0.13,0.19,0.05,1.163571489851272e-16,198,0.321777969278223,0.9592783111555389
0.13,0.2,0.0,9.83544825636887e-16,198,0.32594294386305966,0.15289704154440795
0.13,0.2,0.0125,9.83544825636887e-16,198,0.32594294386305966,0.15289704154440795
0.13,0.2,0.025,9.83544825636887e-16,198,0.32594294386305966,0.15289704154440795
0.13,0.2,0.037500000000000006,9.83544825636887e-16,198,0.32594294386305966,0.15289704154440795
0.13,0.2,0.05,9.83544825636887e-16,198,0.32594294386305966,0.15289704154440795
0.13,0.21,0.0,2.9200763241097766e-16,198,0.32944163276808014,0.9923746162983362
0.13,0.21,0.0125,2.9200763241097766e-16,198,0.32944163276808014,0.9923746162983362
0.13,0.21,0.025,2.9200763241097766e-16,198,0.32944163276808014,0.9923746162983362
0.13,0.21,0.037500000000000006,2.9200763241097766e-16,198,0.32944163276808014,0.9923746162983362
0.13,0.21,0.05,2.9200763241097766e-16,198,0.32944163276808014,0.9923746162983362
0.14,0.09,0.0,3.5804953777778184e-12,198,0.13833213281237927,0.48345133583870076
0.14,0.09,0.0125,3.5804953777778184e-12,198,0.13833213281237927,0.48345133583870076
0.14,0.09,0.025,3.5804953777778184e-12,198,0.13833213281237927,0.48345133583870076
0.14,0.09,0.037500000000000006,3.5804953777778184e-12,198,0.13833213281237927,0.48345133583870076
0.14,0.09,0.05,3.5804953777778184e-12,198,0.13833213281237927,0.48345133583870076
0.14,0.09999999999999999,0.0,1.0395867523482569e-12,198,0.14173794155333413,0.7761635829021526
0.14,0.09999999999999999,0.0125,1.0395867523482569e-12,198,0.14173794155333413,0.7761635829021526
0.14,0.09999999999999999,0.025,1.0395867523482569e-12,198,0.14173794155333413,0.7761635829021526
0.14,0.09999999999999999,0.037500000000000006,1.0395867523482569e-12,198,0.14173794155333413,0.7761635829021526
0.14,0.09999999999999999,0.05,1.0395867523482569e-12,198,0.14173794155333413,0.7761635829021526
0.14,0.11,0.0,2.911428675839544e-13,198,0.14526236877680354,0.8000388900204118
0.14,0.11,0.0125,2.911428675839544e-13,198,0.14526236877680354,0.8000388900204118
0.14,0.11,0.025,2.911428675839544e-13,198,0.14526236877680354,0.8000388900204118
0.14,0.11,0.037500000000000006,2.911428675839544e-13,198,0.14526236877680354,0.8000388900204118
0.14,0.11,0.05,2.911428675839544e-13,198,0.14526236877680354,0.8000388900204118
0.14,0.12,0.0,7.54159614541235e-14,198,0.1503296490350708,0.49059354534519317
0.14,0.12,0.0125,7.54159614541235e-14,198,0.1503296490350708,0.49059354534519317
0.14,0.12,0.025,7.54159614541235e-14,198,0.1503296490350708,0.49059354534519317
0.14,0.12,0.037500000000000006,7.54159614541235e-14,198,0.1503296490350708,0.49059354534519317
0.14,0.12,0.05,7.54159614541235e-14,198,0.1503296490350708,0.49059354534519317
0.14,0.13,0.0,1.586363879615005e-14,198,0.1640430387722058,0.7769115358712867
0.14,0.13,0.0125,1.586363879615005e-14,198,0.1640430387722058,0.7769115358712867
0.14,0.13,0.025,1.586363879615005e-14,198,0.1640430387722058,0.7769115358712867
0.14,0.13,0.037500000000000006,1.586363879615005e-14,198,0.1640430387722058,0.7769115358712867
0.14,0.13,0.05,1.586363879615005e-14,198,0.1640430387722058,0.7769115358712867
0.14,0.14,0.0,1.0369981519715879e-15,198,0.2166880814269368,0.7071078850937476
0.14,0.14,0.0125,1.0369981519715879e-15,198,0.2166880814269368,0.7071078850937476
0.14,0.14,0.025,1.0369981519715879e-15,198,0.2166880814269368,0.7071078850937476
0.14,0.14,0.037500000000000006,1.0369981519715879e-15,198,0.2166880814269368,0.7071078850937476
0.14,0.14,0.05,1.0369981519715879e-15,198,0.2166880814269368,0.7071078850937476
0.14,0.15,0.0,5.826404262259374e-16,198,0.2997807308836096,0.8955043620121721
0.14,0.15,0.0125,5.826404262259374e-16,198,0.2997807308836096,0.8955043620121721
0.14,0.15,0.025,5.826404262259374e-16,198,0.2997807308836096,0.8955043620121721
0.14,0.15,0.037500000000000006,5.826404262259374e-16,198,0.2997807308836096,0.8955043620121721
0.14,0.15,0.05,5.826404262259374e-16,198,0.2997807308836096,0.8955043620121721
0.14,0.16,0.0,8.348767454388682e-16,198,0.3121815345106851,0.10821344767665969
0.14,0.16,0.0125,8.348767454388682e-16,198,0.3121815345106851,0.10821344767665969
0.14,0.16,0.025,8.348767454388682e-16,198,0.3121815345106851,0.10821344767665969
0.14,0.16,0.037500000000000006,8.348767454388682e-16,198,0.3121815345106851,0.10821344767665969
0.14,0.16,0.05,8.348767454388682e-16,198,0.3121815345106851,0.10821344767665969
0.14,0.16999999999999998,0.0,4.296907870933236e-16,198,0.31806717075240654,0.9904298636635865
0.14,0.16999999999999998,0.0125,4.296907870933236e-16,198,0.31806717075240654,0.9904298636635865
0.14,0.16999999999999998,0.025,4.296907870933236e-16,198,0.31806717075240654,0.9904298636635865
0.14,0.16999999999999998,0.037500000000000006,4.296907870933236e-16,198,0.31806717075240654,0.9904298636635865
0.14,0.16999999999999998,0.05,4.296907870933236e-16,198,0.31806717075240654,0.9904298636635865
0.14,0.18,0.0,4.797732772928168e-16,198,0.3226039290093243,0.28563545315988903
0.14,0.18,0.0125,4.797732772928168e-16,198,0.3226039290093243,0.28563545315988903
0.14,0.18,0.025,4.797732772928168e-16,198,0.3226039290093243,0.28563545315988903
0.14,0.18,0.037500000000000006,4.797732772928168e-16,198,0.3226039290093243,0.28563545315988903
0.14,0.18,0.05,4.797732772928168e-16,198,0.3226039290093243,0.28563545315988903
0.14,0.19,0.0,1.6797524352648996e-16,198,0.32644205554102323,0.899239826952244
0.14,0.19,0.0125,1.6797524352648996e-16,198,0.32644205554102323,0.899239826952244
0.14,0.19,0.025,1.6797524352648996e-16,198,0.32644205554102323,0.899239826952244
0.14,0.19,0.037500000000000006,1.6797524352648996e-16,198,0.32644205554102323,0.899239826952244
0.14,0.19,0.05,1.6797524352648996e-16,198,0.32644205554102323,0.899239826952244
0.14,0.2,0.0,9.733547184750939e-16,198,0.3299090356565807,0.5649846896536831
0.14,0.2,0.0125,9.733547184750939e-16,198,0.3299090356565807,0.5649846896536831
0.14,0.2,0.025,9.733547184750939e-16,198,0.3299090356565807,0.5649846896536831
0.14,0.2,0.037500000000000006,9.733547184750939e-16,198,0.3299090356565807,0.5649846896536831
0.14,0.2,0.05,9.733547184750939e-16,198,0.3299090356565807,0.5649846896536831
0.14,0.21,0.0,1.0333236970994856e-15,198,0.33306724418056427,0.7432956002957916
0.14,0.21,0.0125,1.0333236970994856e-15,198,0.33306724418056427,0.7432956002957916
0.14,0.21,0.025,1.0333236970994856e-15,198,0.33306724418056427,0.7432956002957916
0.14,0.21,0.037500000000000006,1.0333236970994856e-15,198,0.33306724418056427,0.7432956002957916
0.14,0.21,0.05,1.0333236970994856e-15,198,0.33306724418056427,0.7432956002957916
0.15,0.09,0.0,1.5520840871874553e-12,198,0.14151327033927108,0.7661562139916431
0.15,0.09,0.0125,1.5520840871874553e-12,198,0.14151327033927108,0.7661562139916431
0.15,0.09,0.025,1.5520840871874553e-12,198,0.14151327033927108,0.7661562139916431
0.15,0.09,0.037500000000000006,1.5520840871874553e-12,198,0.14151327033927108,0.7661562139916431
0.15,0.09,0.05,1.5520840871874553e-12,198,0.14151327033927108,0.7661562139916431
0.15,0.09999999999999999,0.0,4.3155293612062063e-13,198,0.14504254189578172,0.4911201434843322
0.15,0.09999999999999999,0.0125,4.3155293612062063e-13,198,0.14504254189578172,0.4911201434843322
0.15,0.09999999999999999,0.025,4.3155293612062063e-13,198,0.14504254189578172,0.4911201434843322
0.15,0.09999999999999999,0.037500000000000006,4.3155293612062063e-13,198,0.14504254189578172,0.4911201434843322
0.15,0.09999999999999999,0.05,4.3155293612062063e-13,198,0.14504254189578172,0.4911201434843322
0.15,0.11,0.0,1.1357133492456075e-13,198,0.15022308473467733,0.643402125869152
0.15,0.11,0.0125,1.1357133492456075e-13,198,0.15022308473467733,0.643402125869152
0.15,0.11,0.025,1.1357133492456075e-13,198,0.15022308473467733,0.643402125869152
0.15,0.11,0.037500000000000006,1.1357133492456075e-13,198,0.15022308473467733,0.643402125869152
0.15,0.11,0.05,1.1357133492456075e-13,198,0.15022308473467733,0.643402125869152
0.15,0.12,0.0,2.5506115529457876e-14,198,0.15879031695976448,0.8622768035671805
0.15,0.12,0.0125,2.5506115529457876e-14,198,0.15879031695976448,0.8622768035671805
0.15,0.12,0.025,2.5506115529457876e-14,198,0.15879031695976448,0.8622768035671805
0.15,0.12,0.037500000000000006,2.5506115529457876e-14,198,0.15879031695976448,0.8622768035671805
0.15,0.12,0.05,2.5506115529457876e-14,198,0.15879031695976448,0.8622768035671805
0.15,0.13,0.0,4.2114976048951126e-15,198,0.1993979012910704,0.5960589000624653
0.15,0.13,0.0125,4.2114976048951126e-15,198,0.1993979012910704,0.5960589000624653
0.15,0.13,0.025,4.2114976048951126e-15,198,0.1993979012910704,0.5960589000624653
0.15,0.13,0.037500000000000006,4.2114976048951126e-15,198,0.1993979012910704,0.5960589000624653
0.15,0.13,0.05,4.2114976048951126e-15,198,0.1993979012910704,0.5960589000624653
0.15,0.14,0.0,8.448919533824153e-17,198,0.2973973204041943,0.44763517244971246
0.15,0.14,0.0125,8.448919533824153e-17,198,0.2973973204041943,0.44763517244971246
0.15,0.14,0.025,8.448919533824153e-17,198,0.2973973204041943,0.44763517244971246
0.15,0.14,0.037500000000000006,8.448919533824153e-17,198,0.2973973204041943,0.44763517244971246
0.15,0.14,0.05,8.448919533824153e-17,198,0.2973973204041943,0.44763517244971246
0.15,0.15,0.0,2.61056054846286e-16,198,0.3147598234538824,0.7071730764147242
0.15,0.15,0.0125,2.61056054846286e-16,198,0.3147598234538824,0.7071730764147242
0.15,0.15,0.025,2.61056054846286e-16,198,0.3147598234538824,0.7071730764147242
0.15,0.15,0.037500000000000006,2.61056054846286e-16,198,0.3147598234538824,0.7071730764147242
0.15,0.15,0.05,2.61056054846286e-16,198,0.3147598234538824,0.7071730764147242
0.15,0.16,0.0,6.092403010099072e-16,198,0.31890378362634153,0.37364648736033873
0.15,0.16,0.0125,6.092403010099072e-16,198,0.31890378362634153,0.37364648736033873
0.15,0.16,0.025,6.092403010099072e-16,198,0.31890378362634153,0.37364648736033873
0.15,0.16,0.037500000000000006,6.092403010099072e-16,198,0.31890378362634153,0.37364648736033873
0.15,0.16,0.05,6.092403010099072e-16,198,0.31890378362634153,0.37364648736033873
0.15,0.16999999999999998,0.0,8.157431868507643e-17,198,0.32294824408455625,0.7438183100954264
0.15,0.16999999999999998,0.0125,8.157431868507643e-17,198,0.32294824408455625,0.7438183100954264
0.15,0.16999999999999998,0.025,8.157431868507643e-17,198,0.32294824408455625,0.7438183100954264
0.15,0.16999999999999998,0.037500000000000006,8.157431868507643e-17,198,0.32294824408455625,0.7438183100954264
0.15,0.16999999999999998,0.05,8.157431868507643e-17,198,0.32294824408455625,0.7438183100954264
0.15,0.18,0.0,3.313942714560732e-16,198,0.32672512947365684,0.8385860070764047
0.15,0.18,0.0125,3.313942714560732e-16,198,0.32672512947365684,0.8385860070764047
0.15,0.18,0.025,3.313942714560732e-16,198,0.32672512947365684,0.8385860070764047
0.15,0.18,0.037500000000000006,3.313942714560732e-16,198,0.32672512947365684,0.8385860070764047
0.15,0.18,0.05,3.313942714560732e-16,198,0.32672512947365684,0.8385860070764047
0.15,0.19,0.0,6.013489097480209e-16,198,0.33021017758551413,0.37815532684632236
0.15,0.19,0.0125,6.013489097480209e-16,198,0.33021017758551413,0.37815532684632236
0.15,0.19,0.025,6.013489097480209e-16,198,0.33021017758551413,0.37815532684632236
0.15,0.19,0.037500000000000006,6.013489097480209e-16,198,0.33021017758551413,0.37815532684632236
0.15,0.19,0.05,6.013489097480209e-16,198,0.33021017758551413,0.37815532684632236
0.15,0.2,0.0,6.558259496512692e-16,198,0.3334288119186646,0.9670795203164094
0.15,0.2,0.0125,6.558259496512692e-16,198,0.3334288119186646,0.9670795203164094
0.15,0.2,0.025,6.558259496512692e-16,198,0.3334288119186646,0.9670795203164094
0.15,0.2,0.037500000000000006,6.558259496512692e-16,198,0.3334288119186646,0.9670795203164094
0.15,0.2,0.05,6.558259496512692e-16,198,0.3334288119186646,0.9670795203164094
0.15,0.21,0.0,5.400473254157205e-16,198,0.3364042418024964,0.16264070145002266
0.15,0.21,0.0125,5.400473254157205e-16,198,0.3364042418024964,0.16264070145002266
0.15,0.21,0.025,5.400473254157205e-16,198,0.3364042418024964,0.16264070145002266
0.15,0.21,0.037500000000000006,5.400473254157205e-16,198,0.3364042418024964,0.16264070145002266
0.15,0.21,0.05,5.400473254157205e-16,198,0.3364042418024964,0.16264070145002266
0.16,0.09,0.0,6.866471991487765e-13,198,0.144680992945276,0.668904991359537
0.16,0.09,0.0125,6.866471991487765e-13,198,0.144680992945276,0.668904991359537
0.16,0.09,0.025,6.866471991487765e-13,198,0.144680992945276,0.668904991359537
0.16,0.09,0.037500000000000006,6.866471991487765e-13,198,0.144680992945276,0.668904991359537
0.16,0.09,0.05,6.866471991487765e-13,198,0.144680992945276,0.668904991359537
0.16,0.09999999999999999,0.0,1.8557014999605097e-13,198,0.14894938927371942,0.840211345314866
0.16,0.09999999999999999,0.0125,1.8557014999605097e-13,198,0.14894938927371942,0.840211345314866
0.16,0.09999999999999999,0.025,1.8557014999605097e-13,198,0.14894938927371942,0.840211345314866
0.16,0.09999999999999999,0.037500000000000006,1.8557014999605097e-13,198,0.14894938927371942,0.840211345314866
0.16,0.09999999999999999,0.05,1.8557014999605097e-13,198,0.14894938927371942,0.840211345314866
0.16,0.11,0.0,4.625819613492622e-14,198,0.15887621824983966,0.6549237700809286
0.16,0.11,0.0125,4.625819613492622e-14,198,0.15887621824983966,0.6549237700809286
0.16,0.11,0.025,4.625819613492622e-14,198,0.15887621824983966,0.6549237700809286
0.16,0.11,0.037500000000000006,4.625819613492622e-14,198,0.15887621824983966,0.6549237700809286
0.16,0.11,0.05,4.625819613492622e-14,198,0.15887621824983966,0.6549237700809286
0.16,0.12,0.0,8.583881950697545e-15,198,0.18237236732816214,0.4413718190010975
0.16,0.12,0.0125,8.583881950697545e-15,198,0.18237236732816214,0.4413718190010975
0.16,0.12,0.025,8.583881950697545e-15,198,0.18237236732816214,0.4413718190010975
0.16,0.12,0.037500000000000006,8.583881950697545e-15,198,0.18237236732816214,0.4413718190010975
0.16,0.12,0.05,8.583881950697545e-15,198,0.18237236732816214,0.4413718190010975
0.16,0.13,0.0,5.184141577105637e-16,198,0.268824204829727,0.801836251913766
0.16,0.13,0.0125,5.184141577105637e-16,198,0.268824204829727,0.801836251913766
0.16,0.13,0.025,5.184141577105637e-16,198,0.268824204829727,0.801836251913766
0.16,0.13,0.037500000000000006,5.184141577105637e-16,198,0.268824204829727,0.801836251913766
0.16,0.13,0.05,5.184141577105637e-16,198,0.268824204829727,0.801836251913766
0.16,0.14,0.0,7.609564921863654e-16,198,0.313082577041749,0.9948652458974809
0.16,0.14,0.0125,7.609564921863654e-16,198,0.313082577041749,0.9948652458974809
0.16,0.14,0.025,7.609564921863654e-16,198,0.313082577041749,0.9948652458974809
0.16,0.14,0.037500000000000006,7.609564921863654e-16,198,0.313082577041749,0.9948652458974809
0.16,0.14,0.05,7.609564921863654e-16,198,0.313082577041749,0.9948652458974809
0.16,0.15,0.0,3.2962780193990303e-17,198,0.3189390955399274,0.9275897191952011
0.16,0.15,0.0125,3.2962780193990303e-17,198,0.3189390955399274,0.9275897191952011
0.16,0.15,0.025,3.2962780193990303e-17,198,0.3189390955399274,0.9275897191952011
0.16,0.15,0.037500000000000006,3.2962780193990303e-17,198,0.3189390955399274,0.9275897191952011
0.16,0.15,0.05,3.2962780193990303e-17,198,0.3189390955399274,0.9275897191952011
0.16,0.16,0.0,7.529729372882113e-16,198,0.3230534582663156,0.7071978815004756
0.16,0.16,0.0125,7.529729372882113e-16,198,0.3230534582663156,0.7071978815004756
0.16,0.16,0.025,7.529729372882113e-16,198,0.3230534582663156,0.7071978815004756
0.16,0.16,0.037500000000000006,7.529729372882113e-16,198,0.3230534582663156,0.7071978815004756
0.16,0.16,0.05,7.529729372882113e-16,198,0.3230534582663156,0.7071978815004756
0.16,0.16999999999999998,0.0,1.6168897155526107e-15,198,0.3268561371593476,0.1487011567562879
0.16,0.16999999999999998,0.0125,1.6168897155526107e-15,198,0.3268561371593476,0.1487011567562879
0.16,0.16999999999999998,0.025,1.6168897155526107e-15,198,0.3268561371593476,0.1487011567562879
0.16,0.16999999999999998,0.037500000000000006,1.6168897155526107e-15,198,0.3268561371593476,0.1487011567562879
0.16,0.16999999999999998,0.05,1.6168897155526107e-15,198,0.3268561371593476,0.1487011567562879
0.16,0.18,0.0,2.8540919924343603e-18,198,0.33039061711778195,0.9772448442118663
0.16,0.18,0.0125,2.8540919924343603e-18,198,0.33039061711778195,0.9772448442118663
0.16,0.18,0.025,2.8540919924343603e-18,198,0.33039061711778195,0.9772448442118663
0.16,0.18,0.037500000000000006,2.8540919924343603e-18,198,0.33039061711778195,0.9772448442118663
0.16,0.18,0.05,2.8540919924343603e-18,198,0.33039061711778195,0.9772448442118663
0.16,0.19,0.0,2.0829571195554421e-16,198,0.3336665364577121,0.3994080776989085
0.16,0.19,0.0125,2.0829571195554421e-16,198,0.3336665364577121,0.3994080776989085
0.16,0.19,0.025,2.0829571195554421e-16,198,0.3336665364577121,0.3994080776989085
0.16,0.19,0.037500000000000006,2.0829571195554421e-16,198,0.3336665364577121,0.3994080776989085
0.16,0.19,0.05,2.0829571195554421e-16,198,0.3336665364577121,0.3994080776989085
0.16,0.2,0.0,5.222038930167206e-16,198,0.3367007170692212,0.8742306142861642
0.16,0.2,0.0125,5.222038930167206e-16,198,0.3367007170692212,0.8742306142861642
0.16,0.2,0.025,5.222038930167206e-16,198,0.3367007170692212,0.8742306142861642
0.16,0.2,0.037500000000000006,5.222038930167206e-16,198,0.3367007170692212,0.8742306142861642
0.16,0.2,0.05,5.222038930167206e-16,198,0.3367007170692212,0.8742306142861642
0.16,0.21,0.0,1.5813929963462768e-15,198,0.3395024809407576,0.5375376183764103
0.16,0.21,0.0125,1.5813929963462768e-15,198,0.3395024809407576,0.5375376183764103
0.16,0.21,0.025,1.5813929963462768e-15,198,0.3395024809407576,0.5375376183764103
0.16,0.21,0.037500000000000006,1.5813929963462768e-15,198,0.3395024809407576,0.5375376183764103
0.16,0.21,0.05,1.5813929963462768e-15,198,0.3395024809407576,0.5375376183764103
0.16999999999999998,0.09,0.0,3.104437419557491e-13,198,0.14798685228007988,0.5758607849976222
0.16999999999999998,0.09,0.0125,3.104437419557491e-13,198,0.14798685228007988,0.5758607849976222
0.16999999999999998,0.09,0.025,3.104437419557491e-13,198,0.14798685228007988,0.5758607849976222
0.16999999999999998,0.09,0.037500000000000006,3.104437419557491e-13,198,0.14798685228007988,0.5758607849976222
0.16999999999999998,0.09,0.05,3.104437419557491e-13,198,0.14798685228007988,0.5758607849976222
0.16999999999999998,0.09999999999999999,0.0,8.103877306057214e-14,198,0.15378676437118113,0.48957767385008305
0.16999999999999998,0.09999999999999999,0.0125,8.103877306057214e-14,198,0.15378676437118113,0.48957767385008305
0.16999999999999998,0.09999999999999999,0.025,8.103877306057214e-14,198,0.15378676437118113,0.48957767385008305
0.16999999999999998,0.09999999999999999,0.037500000000000006,8.103877306057214e-14,198,0.15378676437118113,0.48957767385008305
0.16999999999999998,0.09999999999999999,0.05,8.103877306057214e-14,198,0.15378676437118113,0.48957767385008305
0.16999999999999998,0.11,0.0,1.8899509911571902e-14,198,0.16980766889769344,0.776316682045091
0.16999999999999998,0.11,0.0125,1.8899509911571902e-14,198,0.16980766889769344,0.776316682045091
0.16999999999999998,0.11,0.025,1.8899509911571902e-14,198,0.16980766889769344,0.776316682045091
0.16999999999999998,0.11,0.037500000000000006,1.8899509911571902e-14,198,0.16980766889769344,0.776316682045091
0.16999999999999998,0.11,0.05,1.8899509911571902e-14,198,0.16980766889769344,0.776316682045091
0.16999999999999998,0.12,0.0,2.8112460409081138e-15,198,0.21778727006643,0.8845620066209401
0.16999999999999998,0.12,0.0125,2.8112460409081138e-15,198,0.21778727006643,0.8845620066209401
0.16999999999999998,0.12,0.025,2.8112460409081138e-15,198,0.21778727006643,0.8845620066209401
0.16999999999999998,0.12,0.037500000000000006,2.8112460409081138e-15,198,0.21778727006643,0.8845620066209401
0.16999999999999998,0.12,0.05,2.8112460409081138e-15,198,0.21778727006643,0.8845620066209401
0.16999999999999998,0.13,0.0,6.422892577657966e-16,198,0.3027085885669577,0.5356125193129393
0.16999999999999998,0.13,0.0125,6.422892577657966e-16,198,0.3027085885669577,0.5356125193129393
0.16999999999999998,0.13,0.025,6.422892577657966e-16,198,0.3027085885669577,0.5356125193129393
0.16999999999999998,0.13,0.037500000000000006,6.422892577657966e-16,198,0.3027085885669577,0.5356125193129393
0.16999999999999998,0.13,0.05,6.422892577657966e-16,198,0.3027085885669577,0.5356125193129393
0.16999999999999998,0.14,0.0,3.980633770813505e-16,198,0.3182187287333099,0.13726069921600673
0.16999999999999998,0.14,0.0125,3.980633770813505e-16,198,0.3182187287333099,0.13726069921600673
0.16999999999999998,0.14,0.025,3.980633770813505e-16,198,0.3182187287333099,0.13726069921600673
0.16999999999999998,0.14,0.037500000000000006,3.980633770813505e-16,198,0.3182187287333099,0.13726069921600673
0.16999999999999998,0.14,0.05,3.980633770813505e-16,198,0.3182187287333099,0.13726069921600673
0.16999999999999998,0.15,0.0,2.390860383400233e-16,198,0.32296291301054814,0.6683103353858183
0.16999999999999998,0.15,0.0125,2.390860383400233e-16,198,0.32296291301054814,0.6683103353858183
0.16999999999999998,0.15,0.025,2.390860383400233e-16,198,0.32296291301054814,0.6683103353858183
0.16999999999999998,0.15,0.037500000000000006,2.390860383400233e-16,198,0.32296291301054814,0.6683103353858183
0.16999999999999998,0.15,0.05,2.390860383400233e-16,198,0.32296291301054814,0.6683103353858183
0.16999999999999998,0.16,0.0,1.9268845390510353e-16,198,0.32686024607710373,0.9889081483001372
0.16999999999999998,0.16,0.0125,1.9268845390510353e-16,198,0.32686024607710373,0.9889081483001372
0.16999999999999998,0.16,0.025,1.9268845390510353e-16,198,0.32686024607710373,0.9889081483001372
0.16999999999999998,0.16,0.037500000000000006,1.9268845390510353e-16,198,0.32686024607710373,0.9889081483001372
0.16999999999999998,0.16,0.05,1.9268845390510353e-16,198,0.32686024607710373,0.9889081483001372
0.16999999999999998,0.16999999999999998,0.0,2.590471327424464e-16,198,0.33045044845832827,0.7069554355171381
0.16999999999999998,0.16999999999999998,0.0125,2.590471327424464e-16,198,0.33045044845832827,0.7069554355171381
0.16999999999999998,0.16999999999999998,0.025,2.590471327424464e-16,198,0.33045044845832827,0.7069554355171381
0.16999999999999998,0.16999999999999998,0.037500000000000006,2.590471327424464e-16,198,0.33045044845832827,0.7069554355171381
0.16999999999999998,0.16999999999999998,0.05,2.590471327424464e-16,198,0.33045044845832827,0.7069554355171381
0.16999999999999998,0.18,0.0,7.203902782560161e-17,198,0.33378529573270466,0.3998009276858381
0.16999999999999998,0.18,0.0125,7.203902782560161e-17,198,0.33378529573270466,0.3998009276858381
0.16999999999999998,0.18,0.025,7.203902782560161e-17,198,0.33378529573270466,0.3998009276858381
0.16999999999999998,0.18,0.037500000000000006,7.203902782560161e-17,198,0.33378529573270466,0.3998009276858381
0.16999999999999998,0.18,0.05,7.203902782560161e-17,198,0.33378529573270466,0.3998009276858381
0.16999999999999998,0.19,0.0,1.1937567394888226e-16,198,0.3368786996143054,0.9634082963573253
0.16999999999999998,0.19,0.0125,1.1937567394888226e-16,198,0.3368786996143054,0.9634082963573253
0.16999999999999998,0.19,0.025,1.1937567394888226e-16,198,0.3368786996143054,0.9634082963573253
0.16999999999999998,0.19,0.037500000000000006,1.1937567394888226e-16,198,0.3368786996143054,0.9634082963573253
0.16999999999999998,0.19,0.05,1.1937567394888226e-16,198,0.3368786996143054,0.9634082963573253
0.16999999999999998,0.2,0.0,1.2610268132235086e-15,198,0.33973948380534214,0.27676032807728024
0.16999999999999998,0.2,0.0125,1.2610268132235086e-15,198,0.33973948380534214,0.27676032807728024
0.16999999999999998,0.2,0.025,1.2610268132235086e-15,198,0.33973948380534214,0.27676032807728024
0.16999999999999998,0.2,0.037500000000000006,1.2610268132235086e-15,198,0.33973948380534214,0.27676032807728024
0.16999999999999998,0.2,0.05,1.2610268132235086e-15,198,0.33973948380534214,0.27676032807728024
0.16999999999999998,0.21,0.0,3.0078267514455667e-15,198,0.34237595476526594,0.9524580540137415
0.16999999999999998,0.21,0.0125,3.0078267514455667e-15,198,0.34237595476526594,0.9524580540137415
0.16999999999999998,0.21,0.025,3.0078267514455667e-15,198,0.34237595476526594,0.9524580540137415
0.16999999999999998,0.21,0.037500000000000006,3.0078267514455667e-15,198,0.34237595476526594,0.9524580540137415
0.16999999999999998,0.21,0.05,3.0078267514455667e-15,198,0.34237595476526594,0.9524580540137415
0.18,0.09,0.0,1.4339332012994255e-13,198,0.15123789464499138,0.8055740516613717
0.18,0.09,0.0125,1.4339332012994255e-13,198,0.15123789464499138,0.8055740516613717
0.18,0.09,0.025,1.4339332012994255e-13,198,0.15123789464499138,0.8055740516613717
0.18,0.09,0.037500000000000006,1.4339332012994255e-13,198,0.15123789464499138,0.8055740516613717
0.18,0.09,0.05,1.4339332012994255e-13,198,0.15123789464499138,0.8055740516613717
0.18,0.09999999999999999,0.0,3.647836800562762e-14,198,0.1621243378666387,0.7768842298560615
0.18,0.09999999999999999,0.0125,3.647836800562762e-14,198,0.1621243378666387,0.7768842298560615
0.18,0.09999999999999999,0.025,3.647836800562762e-14,198,0.1621243378666387,0.7768842298560615
0.18,0.09999999999999999,0.037500000000000006,3.647836800562762e-14,198,0.1621243378666387,0.7768842298560615
0.18,0.09999999999999999,0.05,3.647836800562762e-14,198,0.1621243378666387,0.7768842298560615
0.18,0.11,0.0,7.557714573728043e-15,198,0.20031306625982476,0.4750748208887043
0.18,0.11,0.0125,7.557714573728043e-15,198,0.20031306625982476,0.4750748208887043
0.18,0.11,0.025,7.557714573728043e-15,198,0.20031306625982476,0.4750748208887043
0.18,0.11,0.037500000000000006,7.557714573728043e-15,198,0.20031306625982476,0.4750748208887043
0.18,0.11,0.05,7.557714573728043e-15,198,0.20031306625982476,0.4750748208887043
0.18,0.12,0.0,7.774751742924804e-16,198,0.26983791995859097,0.45189147985538786
0.18,0.12,0.0125,7.774751742924804e-16,198,0.26983791995859097,0.45189147985538786
0.18,0.12,0.025,7.774751742924804e-16,198,0.26983791995859097,0.45189147985538786
0.18,0.12,0.037500000000000006,7.774751742924804e-16,198,0.26983791995859097,0.45189147985538786
0.18,0.12,0.05,7.774751742924804e-16,198,0.26983791995859097,0.45189147985538786
0.18,0.13,0.0,8.711076731118075e-16,198,0.3121061957293572,0.9036255980854974
0.18,0.13,0.0125,8.711076731118075e-16,198,0.3121061957293572,0.9036255980854974
0.18,0.13,0.025,8.711076731118075e-16,198,0.3121061957293572,0.9036255980854974
0.18,0.13,0.037500000000000006,8.711076731118075e-16,198,0.3121061957293572,0.9036255980854974
0.18,0.13,0.05,8.711076731118075e-16,198,0.3121061957293572,0.9036255980854974
0.18,0.14,0.0,1.502255620454006e-15,198,0.32270651429390657,0.9584216321070439
0.18,0.14,0.0125,1.502255620454006e-15,198,0.32270651429390657,0.9584216321070439
0.18,0.14,0.025,1.502255620454006e-15,198,0.32270651429390657,0.9584216321070439
0.18,0.14,0.037500000000000006,1.502255620454006e-15,198,0.32270651429390657,0.9584216321070439
0.18,0.14,0.05,1.502255620454006e-15,198,0.32270651429390657,0.9584216321070439
0.18,0.15,0.0,2.187340550381339e-15,198,0.3267389532799015,0.5447412569147603
0.18,0.15,0.0125,2.187340550381339e-15,198,0.3267389532799015,0.5447412569147603
0.18,0.15,0.025,2.187340550381339e-15,198,0.3267389532799015,0.5447412569147603
0.18,0.15,0.037500000000000006,2.187340550381339e-15,198,0.3267389532799015,0.5447412569147603
0.18,0.15,0.05,2.187340550381339e-15,198,0.3267389532799015,0.5447412569147603
0.18,0.16,0.0,8.259370841612499e-16,198,0.330390044130218,0.21219861181366698
0.18,0.16,0.0125,8.259370841612499e-16,198,0.330390044130218,0.21219861181366698
0.18,0.16,0.025,8.259370841612499e-16,198,0.330390044130218,0.21219861181366698
0.18,0.16,0.037500000000000006,8.259370841612499e-16,198,0.330390044130218,0.21219861181366698
0.18,0.16,0.05,8.259370841612499e-16,198,0.330390044130218,0.21219861181366698
0.18,0.16999999999999998,0.0,6.876128391535921e-16,198,0.33378527362442734,0.9163921757735879
0.18,0.16999999999999998,0.0125,6.876128391535921e-16,198,0.33378527362442734,0.9163921757735879
0.18,0.16999999999999998,0.025,6.876128391535921e-16,198,0.33378527362442734,0.9163921757735879
0.18,0.16999999999999998,0.037500000000000006,6.876128391535921e-16,198,0.33378527362442734,0.9163921757735879
0.18,0.16999999999999998,0.05,6.876128391535921e-16,198,0.33378527362442734,0.9163921757735879
0.18,0.18,0.0,1.1932069258895685e-15,198,0.3369380529233845,0.7070573306145064
0.18,0.18,0.0125,1.1932069258895685e-15,198,0.3369380529233845,0.7070573306145064
0.18,0.18,0.025,1.1932069258895685e-15,198,0.3369380529233845,0.7070573306145064
0.18,0.18,0.037500000000000006,1.1932069258895685e-15,198,0.3369380529233845,0.7070573306145064
0.18,0.18,0.05,1.1932069258895685e-15,198,0.3369380529233845,0.7070573306145064
0.18,0.19,0.0,1.8205823963589143e-15,198,0.3398580755559175,0.7060173834900286
0.18,0.19,0.0125,1.8205823963589143e-15,198,0.3398580755559175,0.7060173834900286
0.18,0.19,0.025,1.8205823963589143e-15,198,0.3398580755559175,0.7060173834900286
0.18,0.19,0.037500000000000006,1.8205823963589143e-15,198,0.3398580755559175,0.7060173834900286
0.18,0.19,0.05,1.8205823963589143e-15,198,0.3398580755559175,0.7060173834900286
0.18,0.2,0.0,9.357633608472723e-16,198,0.34255355411574445,0.4732464894436354
0.18,0.2,0.0125,9.357633608472723e-16,198,0.34255355411574445,0.4732464894436354
0.18,0.2,0.025,9.357633608472723e-16,198,0.34255355411574445,0.4732464894436354
0.18,0.2,0.037500000000000006,9.357633608472723e-16,198,0.34255355411574445,0.4732464894436354
0.18,0.2,0.05,9.357633608472723e-16,198,0.34255355411574445,0.4732464894436354
0.18,0.21,0.0,2.1095966097511736e-15,198,0.34503241135522167,0.9418362024812319
0.18,0.21,0.0125,2.1095966097511736e-15,198,0.34503241135522167,0.9418362024812319
0.18,0.21,0.025,2.1095966097511736e-15,198,0.34503241135522167,0.9418362024812319
0.18,0.21,0.037500000000000006,2.1095966097511736e-15,198,0.34503241135522167,0.9418362024812319
0.18,0.21,0.05,2.1095966097511736e-15,198,0.34503241135522167,0.9418362024812319
0.19,0.09,0.0,6.676584384834364e-14,198,0.157703446796373,0.44843253657459636
0.19,0.09,0.0125,6.676584384834364e-14,198,0.157703446796373,0.44843253657459636
0.19,0.09,0.025,6.676584384834364e-14,198,0.157703446796373,0.44843253657459636
0.19,0.09,0.037500000000000006,6.676584384834364e-14,198,0.157703446796373,0.44843253657459636
0.19,0.09,0.05,6.676584384834364e-14,198,0.157703446796373,0.44843253657459636
0.19,0.09999999999999999,0.0,1.5863206560550787e-14,198,0.18228296279569411,0.6397802751464255
0.19,0.09999999999999999,0.0125,1.5863206560550787e-14,198,0.18228296279569411,0.6397802751464255
0.19,0.09999999999999999,0.025,1.5863206560550787e-14,198,0.18228296279569411,0.6397802751464255
0.19,0.09999999999999999,0.037500000000000006,1.5863206560550787e-14,198,0.18228296279569411,0.6397802751464255
0.19,0.09999999999999999,0.05,1.5863206560550787e-14,198,0.18228296279569411,0.6397802751464255
0.19,0.11,0.0,2.0864782970982606e-15,198,0.22664824643066758,0.8999772032619994
0.19,0.11,0.0125,2.0864782970982606e-15,198,0.22664824643066758,0.8999772032619994
0.19,0.11,0.025,2.0864782970982606e-15,198,0.22664824643066758,0.8999772032619994
0.19,0.11,0.037500000000000006,2.0864782970982606e-15,198,0.22664824643066758,0.8999772032619994
0.19,0.11,0.05,2.0864782970982606e-15,198,0.22664824643066758,0.8999772032619994
0.19,0.12,0.0,2.09699837488589e-16,198,0.30634278467309584,0.8271842695356314
0.19,0.12,0.0125,2.09699837488589e-16,198,0.30634278467309584,0.8271842695356314
0.19,0.12,0.025,2.09699837488589e-16,198,0.30634278467309584,0.8271842695356314
0.19,0.12,0.037500000000000006,2.09699837488589e-16,198,0.30634278467309584,0.8271842695356314
0.19,0.12,0.05,2.09699837488589e-16,198,0.30634278467309584,0.8271842695356314
0.19,0.13,0.0,3.0730252652686673e-16,198,0.3215399071247126,0.28287231446690725
0.19,0.13,0.0125,3.0730252652686673e-16,198,0.3215399071247126,0.28287231446690725
0.19,0.13,0.025,3.0730252652686673e-16,198,0.3215399071247126,0.28287231446690725
0.19,0.13,0.037500000000000006,3.0730252652686673e-16,198,0.3215399071247126,0.28287231446690725
0.19,0.13,0.05,3.0730252652686673e-16,198,0.3215399071247126,0.28287231446690725
0.19,0.14,0.0,1.0815114456165502e-16,198,0.326446301811398,0.4375604633247592
0.19,0.14,0.0125,1.0815114456165502e-16,198,0.326446301811398,0.4375604633247592
0.19,0.14,0.025,1.0815114456165502e-16,198,0.326446301811398,0.4375604633247592
0.19,0.14,0.037500000000000006,1.0815114456165502e-16,198,0.326446301811398,0.4375604633247592
0.19,0.14,0.05,1.0815114456165502e-16,198,0.326446301811398,0.4375604633247592
0.19,0.15,0.0,7.747656697863131e-16,198,0.330210318847286,0.9256633339142338
0.19,0.15,0.0125,7.747656697863131e-16,198,0.330210318847286,0.9256633339142338
0.19,0.15,0.025,7.747656697863131e-16,198,0.330210318847286,0.9256633339142338
0.19,0.15,0.037500000000000006,7.747656697863131e-16,198,0.330210318847286,0.9256633339142338
0.19,0.15,0.05,7.747656697863131e-16,198,0.330210318847286,0.9256633339142338
0.19,0.16,0.0,7.770717251736964e-16,198,0.33366649862244074,0.9169903665475718
0.19,0.16,0.0125,7.770717251736964e-16,198,0.33366649862244074,0.9169903665475718
0.19,0.16,0.025,7.770717251736964e-16,198,0.33366649862244074,0.9169903665475718
0.19,0.16,0.037500000000000006,7.770717251736964e-16,198,0.33366649862244074,0.9169903665475718
0.19,0.16,0.05,7.770717251736964e-16,198,0.33366649862244074,0.9169903665475718
0.19,0.16999999999999998,0.0,5.998231556250364e-16,198,0.3368786981612507,0.2675841123582997
0.19,0.16999999999999998,0.0125,5.998231556250364e-16,198,0.3368786981612507,0.2675841123582997
0.19,0.16999999999999998,0.025,5.998231556250364e-16,198,0.3368786981612507,0.2675841123582997
0.19,0.16999999999999998,0.037500000000000006,5.998231556250364e-16,198,0.3368786981612507,0.2675841123582997
0.19,0.16999999999999998,0.05,5.998231556250364e-16,198,0.3368786981612507,0.2675841123582997
0.19,0.18,0.0,1.7119861376465143e-15,198,0.3398580756127427,0.7030336627317882
0.19,0.18,0.0125,1.7119861376465143e-15,198,0.3398580756127427,0.7030336627317882
0.19,0.18,0.025,1.7119861376465143e-15,198,0.3398580756127427,0.7030336627317882
0.19,0.18,0.037500000000000006,1.7119861376465143e-15,198,0.3398580756127427,0.7030336627317882
0.19,0.18,0.05,1.7119861376465143e-15,198,0.3398580756127427,0.7030336627317882
0.19,0.19,0.0,2.216281948537912e-15,198,0.3426127843991347,0.6822807164960268
0.19,0.19,0.0125,2.216281948537912e-15,198,0.3426127843991347,0.6822807164960268
0.19,0.19,0.025,2.216281948537912e-15,198,0.3426127843991347,0.6822807164960268
0.19,0.19,0.037500000000000006,2.216281948537912e-15,198,0.3426127843991347,0.6822807164960268
0.19,0.19,0.05,2.216281948537912e-15,198,0.3426127843991347,0.6822807164960268
0.19,0.2,0.0,2.8715584664132845e-15,198,0.3451506298456274,0.8380645168446068
0.19,0.2,0.0125,2.8715584664132845e-15,198,0.3451506298456274,0.8380645168446068
0.19,0.2,0.025,2.8715584664132845e-15,198,0.3451506298456274,0.8380645168446068
0.19,0.2,0.037500000000000006,2.8715584664132845e-15,198,0.3451506298456274,0.8380645168446068
0.19,0.2,0.05,2.8715584664132845e-15,198,0.3451506298456274,0.8380645168446068
0.19,0.21,0.0,2.680392206834954e-15,198,0.3474792191447561,0.6463654805410959
0.19,0.21,0.0125,2.680392206834954e-15,198,0.3474792191447561,0.6463654805410959
0.19,0.21,0.025,2.680392206834954e-15,198,0.3474792191447561,0.6463654805410959
0.19,0.21,0.037500000000000006,2.680392206834954e-15,198,0.3474792191447561,0.6463654805410959
0.19,0.21,0.05,2.680392206834954e-15,198,0.3474792191447561,0.6463654805410959
0.2,0.09,0.0,3.144881593185824e-14,198,0.1645018706617189,0.8193581846616328
0.2,0.09,0.0125,3.144881593185824e-14,198,0.1645018706617189,0.8193581846616328
0.2,0.09,0.025,3.144881593185824e-14,198,0.1645018706617189,0.8193581846616328
0.2,0.09,0.037500000000000006,3.144881593185824e-14,198,0.1645018706617189,0.8193581846616328
0.2,0.09,0.05,3.144881593185824e-14,198,0.1645018706617189,0.8193581846616328
0.2,0.09999999999999999,0.0,6.295655118511914e-15,198,0.20210967634140914,0.6176514442439053
0.2,0.09999999999999999,0.0125,6.295655118511914e-15,198,0.20210967634140914,0.6176514442439053
0.2,0.09999999999999999,0.025,6.295655118511914e-15,198,0.20210967634140914,0.6176514442439053
0.2,0.09999999999999999,0.037500000000000006,6.295655118511914e-15,198,0.20210967634140914,0.6176514442439053
0.2,0.09999999999999999,0.05,6.295655118511914e-15,198,0.20210967634140914,0.6176514442439053
0.2,0.11,0.0,4.599366139063768e-16,198,0.27190877610773045,0.27921318615684754
0.2,0.11,0.0125,4.599366139063768e-16,198,0.27190877610773045,0.27921318615684754
0.2,0.11,0.025,4.599366139063768e-16,198,0.27190877610773045,0.27921318615684754
0.2,0.11,0.037500000000000006,4.599366139063768e-16,198,0.27190877610773045,0.27921318615684754
0.2,0.11,0.05,4.599366139063768e-16,198,0.27190877610773045,0.27921318615684754
0.2,0.12,0.0,5.532908873658615e-16,198,0.31858430333453625,0.6859384452419075
0.2,0.12,0.0125,5.532908873658615e-16,198,0.31858430333453625,0.6859384452419075
0.2,0.12,0.025,5.532908873658615e-16,198,0.31858430333453625,0.6859384452419075
0.2,0.12,0.037500000000000006,5.532908873658615e-16,198,0.31858430333453625,0.6859384452419075
0.2,0.12,0.05,5.532908873658615e-16,198,0.31858430333453625,0.6859384452419075
0.2,0.13,0.0,4.979678579107659e-16,198,0.32596346055056996,0.988261804241341
0.2,0.13,0.0125,4.979678579107659e-16,198,0.32596346055056996,0.988261804241341
0.2,0.13,0.025,4.979678579107659e-16,198,0.32596346055056996,0.988261804241341
0.2,0.13,0.037500000000000006,4.979678579107659e-16,198,0.32596346055056996,0.988261804241341
0.2,0.13,0.05,4.979678579107659e-16,198,0.32596346055056996,0.988261804241341
0.2,0.14,0.0,2.6902640092980847e-16,198,0.32990598682406624,0.8250270024388728
0.2,0.14,0.0125,2.6902640092980847e-16,198,0.32990598682406624,0.8250270024388728
0.2,0.14,0.025,2.6902640092980847e-16,198,0.32990598682406624,0.8250270024388728
0.2,0.14,0.037500000000000006,2.6902640092980847e-16,198,0.32990598682406624,0.8250270024388728
0.2,0.14,0.05,2.6902640092980847e-16,198,0.32990598682406624,0.8250270024388728
0.2,0.15,0.0,5.733044857924345e-16,198,0.3334288347885321,0.2538603322822571
0.2,0.15,0.0125,5.733044857924345e-16,198,0.3334288347885321,0.2538603322822571
0.2,0.15,0.025,5.733044857924345e-16,198,0.3334288347885321,0.2538603322822571
0.2,0.15,0.037500000000000006,5.733044857924345e-16,198,0.3334288347885321,0.2538603322822571
0.2,0.15,0.05,5.733044857924345e-16,198,0.3334288347885321,0.2538603322822571
0.2,0.16,0.0,2.3908551093275517e-16,198,0.33670071940559143,0.48705511323260714
0.2,0.16,0.0125,2.3908551093275517e-16,198,0.33670071940559143,0.48705511323260714
0.2,0.16,0.025,2.3908551093275517e-16,198,0.33670071940559143,0.48705511323260714
0.2,0.16,0.037500000000000006,2.3908551093275517e-16,198,0.33670071940559143,0.48705511323260714
0.2,0.16,0.05,2.3908551093275517e-16,198,0.33670071940559143,0.48705511323260714
0.2,0.16999999999999998,0.0,1.0439384523336088e-15,198,0.33973948416495714,0.9610021438541653
0.2,0.16999999999999998,0.0125,1.0439384523336088e-15,198,0.33973948416495714,0.9610021438541653
0.2,0.16999999999999998,0.025,1.0439384523336088e-15,198,0.33973948416495714,0.9610021438541653
0.2,0.16999999999999998,0.037500000000000006,1.0439384523336088e-15,198,0.33973948416495714,0.9610021438541653
0.2,0.16999999999999998,0.05,1.0439384523336088e-15,198,0.33973948416495714,0.9610021438541653
0.2,0.18,0.0,2.2034454099653603e-15,198,0.342553554053166,0.883506173502981
0.2,0.18,0.0125,2.2034454099653603e-15,198,0.342553554053166,0.883506173502981
0.2,0.18,0.025,2.2034454099653603e-15,198,0.342553554053166,0.883506173502981
0.2,0.18,0.037500000000000006,2.2034454099653603e-15,198,0.342553554053166,0.883506173502981
0.2,0.18,0.05,2.2034454099653603e-15,198,0.342553554053166,0.883506173502981
0.2,0.19,0.0,1.805518176364397e-15,198,0.3451506298466931,0.5592792376044153
0.2,0.19,0.0125,1.805518176364397e-15,198,0.3451506298466931,0.5592792376044153
0.2,0.19,0.025,1.805518176364397e-15,198,0.3451506298466931,0.5592792376044153
0.2,0.19,0.037500000000000006,1.805518176364397e-15,198,0.3451506298466931,0.5592792376044153
0.2,0.19,0.05,1.805518176364397e-15,198,0.3451506298466931,0.5592792376044153
0.2,0.2,0.0,1.974795715708505e-15,198,0.34753819914139605,0.7162357033519033
0.2,0.2,0.0125,1.974795715708505e-15,198,0.34753819914139605,0.7162357033519033
0.2,0.2,0.025,1.974795715708505e-15,198,0.34753819914139605,0.7162357033519033
0.2,0.2,0.037500000000000006,1.974795715708505e-15,198,0.34753819914139605,0.7162357033519033
0.2,0.2,0.05,1.974795715708505e-15,198,0.34753819914139605,0.7162357033519033
0.2,0.21,0.0,2.0812672112693447e-15,198,0.3497235691868475,0.24466251585925491
0.2,0.21,0.0125,2.0812672112693447e-15,198,0.3497235691868475,0.24466251585925491
0.2,0.21,0.025,2.0812672112693447e-15,198,0.3497235691868475,0.24466251585925491
0.2,0.21,0.037500000000000006,2.0812672112693447e-15,198,0.3497235691868475,0.24466251585925491
0.2,0.21,0.05,2.0812672112693447e-15,198,0.3497235691868475,0.24466251585925491
0.21,0.09,0.0,1.4740810232019992e-14,198,0.18024291069457415,0.5355529034933272
0.21,0.09,0.0125,1.4740810232019992e-14,198,0.18024291069457415,0.5355529034933272
0.21,0.09,0.025,1.4740810232019992e-14,198,0.18024291069457415,0.5355529034933272
0.21,0.09,0.037500000000000006,1.4740810232019992e-14,198,0.18024291069457415,0.5355529034933272
0.21,0.09,0.05,1.4740810232019992e-14,198,0.18024291069457415,0.5355529034933272
0.21,0.09999999999999999,0.0,2.0629352827835032e-15,198,0.2408134507211009,0.8407307037207727
0.21,0.09999999999999999,0.0125,2.0629352827835032e-15,198,0.2408134507211009,0.8407307037207727
0.21,0.09999999999999999,0.025,2.0629352827835032e-15,198,0.2408134507211009,0.8407307037207727
0.21,0.09999999999999999,0.037500000000000006,2.0629352827835032e-15,198,0.2408134507211009,0.8407307037207727
0.21,0.09999999999999999,0.05,2.0629352827835032e-15,198,0.2408134507211009,0.8407307037207727
0.21,0.11,0.0,1.6820125329973222e-16,198,0.3091571018664578,0.9480248788750755
0.21,0.11,0.0125,1.6820125329973222e-16,198,0.3091571018664578,0.9480248788750755
0.21,0.11,0.025,1.6820125329973222e-16,198,0.3091571018664578,0.9480248788750755
0.21,0.11,0.037500000000000006,1.6820125329973222e-16,198,0.3091571018664578,0.9480248788750755
0.21,0.11,0.05,1.6820125329973222e-16,198,0.3091571018664578,0.9480248788750755
0.21,0.12,0.0,4.096327220141053e-16,198,0.32487364372007443,0.6013722747678755
0.21,0.12,0.0125,4.096327220141053e-16,198,0.32487364372007443,0.6013722747678755
0.21,0.12,0.025,4.096327220141053e-16,198,0.32487364372007443,0.6013722747678755
0.21,0.12,0.037500000000000006,4.096327220141053e-16,198,0.32487364372007443,0.6013722747678755
0.21,0.12,0.05,4.096327220141053e-16,198,0.32487364372007443,0.6013722747678755
0.21,0.13,0.0,4.622838336590487e-16,198,0.3294485618084204,0.12322463952085577
0.21,0.13,0.0125,4.622838336590487e-16,198,0.3294485618084204,0.12322463952085577
0.21,0.13,0.025,4.622838336590487e-16,198,0.3294485618084204,0.12322463952085577
0.21,0.13,0.037500000000000006,4.622838336590487e-16,198,0.3294485618084204,0.12322463952085577
0.21,0.13,0.05,4.622838336590487e-16,198,0.3294485618084204,0.12322463952085577
0.21,0.14,0.0,3.477261911016511e-16,198,0.33306989968743983,0.6689938674153221
0.21,0.14,0.0125,3.477261911016511e-16,198,0.33306989968743983,0.6689938674153221
0.21,0.14,0.025,3.477261911016511e-16,198,0.33306989968743983,0.6689938674153221
0.21,0.14,0.037500000000000006,3.477261911016511e-16,198,0.33306989968743983,0.6689938674153221
0.21,0.14,0.05,3.477261911016511e-16,198,0.33306989968743983,0.6689938674153221
0.21,0.15,0.0,7.289134208300651e-16,198,0.33640416054131894,0.9867020419025998
0.21,0.15,0.0125,7.289134208300651e-16,198,0.33640416054131894,0.9867020419025998
0.21,0.15,0.025,7.289134208300651e-16,198,0.33640416054131894,0.9867020419025998
0.21,0.15,0.037500000000000006,7.289134208300651e-16,198,0.33640416054131894,0.9867020419025998
0.21,0.15,0.05,7.289134208300651e-16,198,0.33640416054131894,0.9867020419025998
0.21,0.16,0.0,6.329763629713252e-16,198,0.3395024835273093,0.8429930237691453
0.21,0.16,0.0125,6.329763629713252e-16,198,0.3395024835273093,0.8429930237691453
0.21,0.16,0.025,6.329763629713252e-16,198,0.3395024835273093,0.8429930237691453
0.21,0.16,0.037500000000000006,6.329763629713252e-16,198,0.3395024835273093,0.8429930237691453
0.21,0.16,0.05,6.329763629713252e-16,198,0.3395024835273093,0.8429930237691453
0.21,0.16999999999999998,0.0,3.1861418626297836e-15,198,0.3423759543841908,0.2886064811386489
0.21,0.16999999999999998,0.0125,3.1861418626297836e-15,198,0.3423759543841908,0.2886064811386489
0.21,0.16999999999999998,0.025,3.1861418626297836e-15,198,0.3423759543841908,0.2886064811386489
0.21,0.16999999999999998,0.037500000000000006,3.1861418626297836e-15,198,0.3423759543841908,0.2886064811386489
0.21,0.16999999999999998,0.05,3.1861418626297836e-15,198,0.3423759543841908,0.2886064811386489
0.21,0.18,0.0,2.760972195129438e-15,198,0.34503241136322493,0.337663592770934
0.21,0.18,0.0125,2.760972195129438e-15,198,0.34503241136322493,0.337663592770934
0.21,0.18,0.025,2.760972195129438e-15,198,0.34503241136322493,0.337663592770934
0.21,0.18,0.037500000000000006,2.760972195129438e-15,198,0.34503241136322493,0.337663592770934
0.21,0.18,0.05,2.760972195129438e-15,198,0.34503241136322493,0.337663592770934
0.21,0.19,0.0,2.506932124225122e-15,198,0.3474792191459071,0.821678573637835
0.21,0.19,0.0125,2.506932124225122e-15,198,0.3474792191459071,0.821678573637835
0.21,0.19,0.025,2.506932124225122e-15,198,0.3474792191459071,0.821678573637835
0.21,0.19,0.037500000000000006,2.506932124225122e-15,198,0.3474792191459071,0.821678573637835
0.21,0.19,0.05,2.506932124225122e-15,198,0.3474792191459071,0.821678573637835
0.21,0.2,0.0,1.436292135853717e-15,198,0.3497235691868386,0.999923923573236
0.21,0.2,0.0125,1.436292135853717e-15,198,0.3497235691868386,0.999923923573236
0.21,0.2,0.025,1.436292135853717e-15,198,0.3497235691868386,0.999923923573236
0.21,0.2,0.037500000000000006,1.436292135853717e-15,198,0.3497235691868386,0.999923923573236
0.21,0.2,0.05,1.436292135853717e-15,198,0.3497235691868386,0.999923923573236
0.21,0.21,0.0,2.5116936499515305e-15,198,0.35177248294292096,0.7772319618496527
0.21,0.21,0.0125,2.5116936499515305e-15,198,0.35177248294292096,0.7772319618496527
0.21,0.21,0.025,2.5116936499515305e-15,198,0.35177248294292096,0.7772319618496527
0.21,0.21,0.037500000000000006,2.5116936499515305e-15,198,0.35177248294292096,0.7772319618496527
0.21,0.21,0.05,2.5116936499515305e-15,198,0.35177248294292096,0.7772319618496527
0.14,0.14,0.0,1.0369981519715879e-15,198,0.2166880814269368,0.7071078850937476
0.14,0.14,0.0125,1.0369981519715879e-15,198,0.2166880814269368,0.7071078850937476
0.14,0.14,0.025,1.0369981519715879e-15,198,0.2166880814269368,0.7071078850937476
0.14,0.14,0.037500000000000006,1.0369981519715879e-15,198,0.2166880814269368,0.7071078850937476
0.14,0.14,0.05,1.0369981519715879e-15,198,0.2166880814269368,0.7071078850937476
0.14,0.15000000000000002,0.0,6.670438407052535e-16,198,0.29594733886757674,0.8934438311143601
0.14,0.15000000000000002,0.0125,6.670438407052535e-16,198,0.29594733886757674,0.8934438311143601
0.14,0.15000000000000002,0.025,6.670438407052535e-16,198,0.29594733886757674,0.8934438311143601
0.14,0.15000000000000002,0.037500000000000006,6.670438407052535e-16,198,0.29594733886757674,0.8934438311143601
0.14,0.15000000000000002,0.05,6.670438407052535e-16,198,0.29594733886757674,0.8934438311143601
0.14,0.16,0.0,8.348767454388682e-16,198,0.3121815345106851,0.10821344767665969
0.14,0.16,0.0125,8.348767454388682e-16,198,0.3121815345106851,0.10821344767665969
0.14,0.16,0.025,8.348767454388682e-16,198,0.3121815345106851,0.10821344767665969
0.14,0.16,0.037500000000000006,8.348767454388682e-16,198,0.3121815345106851,0.10821344767665969
0.14,0.16,0.05,8.348767454388682e-16,198,0.3121815345106851,0.10821344767665969
0.14,0.17,0.0,2.141582885545487e-16,198,0.31809600832786766,0.9904451548606223
0.14,0.17,0.0125,2.141582885545487e-16,198,0.31809600832786766,0.9904451548606223
0.14,0.17,0.025,2.141582885545487e-16,198,0.31809600832786766,0.9904451548606223
0.14,0.17,0.037500000000000006,2.141582885545487e-16,198,0.31809600832786766,0.9904451548606223
0.14,0.17,0.05,2.141582885545487e-16,198,0.31809600832786766,0.9904451548606223
0.14,0.18000000000000002,0.0,8.887395576395069e-16,198,0.32269534120141297,0.28536297005932637
0.14,0.18000000000000002,0.0125,8.887395576395069e-16,198,0.32269534120141297,0.28536297005932637
0.14,0.18000000000000002,0.025,8.887395576395069e-16,198,0.32269534120141297,0.28536297005932637
0.14,0.18000000000000002,0.037500000000000006,8.887395576395069e-16,198,0.32269534120141297,0.28536297005932637
0.14,0.18000000000000002,0.05,8.887395576395069e-16,198,0.32269534120141297,0.28536297005932637
0.14,0.19,0.0,1.6797524352648996e-16,198,0.32644205554102323,0.899239826952244
0.14,0.19,0.0125,1.6797524352648996e-16,198,0.32644205554102323,0.899239826952244
0.14,0.19,0.025,1.6797524352648996e-16,198,0.32644205554102323,0.899239826952244
0.14,0.19,0.037500000000000006,1.6797524352648996e-16,198,0.32644205554102323,0.899239826952244
0.14,0.19,0.05,1.6797524352648996e-16,198,0.32644205554102323,0.899239826952244
0.14,0.2,0.0,9.733547184750939e-16,198,0.3299090356565807,0.5649846896536831
0.14,0.2,0.0125,9.733547184750939e-16,198,0.3299090356565807,0.5649846896536831
0.14,0.2,0.025,9.733547184750939e-16,198,0.3299090356565807,0.5649846896536831
0.14,0.2,0.037500000000000006,9.733547184750939e-16,198,0.3299090356565807,0.5649846896536831
0.14,0.2,0.05,9.733547184750939e-16,198,0.3299090356565807,0.5649846896536831
0.14,0.21000000000000002,0.0,3.88425174289936e-16,198,0.33306922724737903,0.743495014821171
0.14,0.21000000000000002,0.0125,3.88425174289936e-16,198,0.33306922724737903,0.743495014821171
0.14,0.21000000000000002,0.025,3.88425174289936e-16,198,0.33306922724737903,0.743495014821171
0.14,0.21000000000000002,0.037500000000000006,3.88425174289936e-16,198,0.33306922724737903,0.743495014821171
0.14,0.21000000000000002,0.05,3.88425174289936e-16,198,0.33306922724737903,0.743495014821171
0.14,0.22000000000000003,0.0,1.0256447723739284e-15,198,0.33598925268745816,0.7539370778033987
0.14,0.22000000000000003,0.0125,1.0256447723739284e-15,198,0.33598925268745816,0.7539370778033987
0.14,0.22000000000000003,0.025,1.0256447723739284e-15,198,0.33598925268745816,0.7539370778033987
0.14,0.22000000000000003,0.037500000000000006,1.0256447723739284e-15,198,0.33598925268745816,0.7539370778033987
0.14,0.22000000000000003,0.05,1.0256447723739284e-15,198,0.33598925268745816,0.7539370778033987
0.14,0.23,0.0,2.4757930326711376e-15,198,0.3386744913545,0.5651322980550265
0.14,0.23,0.0125,2.4757930326711376e-15,198,0.3386744913545,0.5651322980550265
0.14,0.23,0.025,2.4757930326711376e-15,198,0.3386744913545,0.5651322980550265
0.14,0.23,0.037500000000000006,2.4757930326711376e-15,198,0.3386744913545,0.5651322980550265
0.14,0.23,0.05,2.4757930326711376e-15,198,0.3386744913545,0.5651322980550265
0.14,0.24000000000000002,0.0,1.9076691195632462e-15,198,0.3411364888827674,0.8827921710116488
0.14,0.24000000000000002,0.0125,1.9076691195632462e-15,198,0.3411364888827674,0.8827921710116488
0.14,0.24000000000000002,0.025,1.9076691195632462e-15,198,0.3411364888827674,0.8827921710116488
0.14,0.24000000000000002,0.037500000000000006,1.9076691195632462e-15,198,0.3411364888827674,0.8827921710116488
0.14,0.24000000000000002,0.05,1.9076691195632462e-15,198,0.3411364888827674,0.8827921710116488
0.14,0.25,0.0,2.718046115417267e-15,198,0.343383618775001,0.3722294203025076
0.14,0.25,0.0125,2.718046115417267e-15,198,0.343383618775001,0.3722294203025076
0.14,0.25,0.025,2.718046115417267e-15,198,0.343383618775001,0.3722294203025076
0.14,0.25,0.037500000000000006,2.718046115417267e-15,198,0.343383618775001,0.3722294203025076
0.14,0.25,0.05,2.718046115417267e-15,198,0.343383618775001,0.3722294203025076
0.14,0.26,0.0,7.579613675220782e-16,198,0.3454243369266091,0.9596236610184471
0.14,0.26,0.0125,7.579613675220782e-16,198,0.3454243369266091,0.9596236610184471
0.14,0.26,0.025,7.579613675220782e-16,198,0.3454243369266091,0.9596236610184471
0.14,0.26,0.037500000000000006,7.579613675220782e-16,198,0.3454243369266091,0.9596236610184471
0.14,0.26,0.05,7.579613675220782e-16,198,0.3454243369266091,0.9596236610184471
0.15000000000000002,0.14,0.0,4.3652508536562057e-16,198,0.2998853500416565,0.4449394279278922
0.15000000000000002,0.14,0.0125,4.3652508536562057e-16,198,0.2998853500416565,0.4449394279278922
0.15000000000000002,0.14,0.025,4.3652508536562057e-16,198,0.2998853500416565,0.4449394279278922
0.15000000000000002,0.14,0.037500000000000006,4.3652508536562057e-16,198,0.2998853500416565,0.4449394279278922
0.15000000000000002,0.14,0.05,4.3652508536562057e-16,198,0.2998853500416565,0.4449394279278922
0.15000000000000002,0.15000000000000002,0.0,2.538355391642944e-16,198,0.31475942495164544,0.7071818926509206
0.15000000000000002,0.15000000000000002,0.0125,2.538355391642944e-16,198,0.31475942495164544,0.7071818926509206
0.15000000000000002,0.15000000000000002,0.025,2.538355391642944e-16,198,0.31475942495164544,0.7071818926509206
0.15000000000000002,0.15000000000000002,0.037500000000000006,2.538355391642944e-16,198,0.31475942495164544,0.7071818926509206
0.15000000000000002,0.15000000000000002,0.05,2.538355391642944e-16,198,0.31475942495164544,0.7071818926509206
0.15000000000000002,0.16,0.0,3.77245795266883e-17,198,0.3189232719905406,0.3737546276908598
0.15000000000000002,0.16,0.0125,3.77245795266883e-17,198,0.3189232719905406,0.3737546276908598
0.15000000000000002,0.16,0.025,3.77245795266883e-17,198,0.3189232719905406,0.3737546276908598
0.15000000000000002,0.16,0.037500000000000006,3.77245795266883e-17,198,0.3189232719905406,0.3737546276908598
0.15000000000000002,0.16,0.05,3.77245795266883e-17,198,0.3189232719905406,0.3737546276908598
0.15000000000000002,0.17,0.0,8.157431868507643e-17,198,0.32294824408455625,0.7438183100954264
0.15000000000000002,0.17,0.0125,8.157431868507643e-17,198,0.32294824408455625,0.7438183100954264
0.15000000000000002,0.17,0.025,8.157431868507643e-17,198,0.32294824408455625,0.7438183100954264
0.15000000000000002,0.17,0.037500000000000006,8.157431868507643e-17,198,0.32294824408455625,0.7438183100954264
0.15000000000000002,0.17,0.05,8.157431868507643e-17,198,0.32294824408455625,0.7438183100954264
0.15000000000000002,0.18000000000000002,0.0,3.313942714560732e-16,198,0.32672512947365684,0.8385860070764047
0.15000000000000002,0.18000000000000002,0.0125,3.313942714560732e-16,198,0.32672512947365684,0.8385860070764047
0.15000000000000002,0.18000000000000002,0.025,3.313942714560732e-16,198,0.32672512947365684,0.8385860070764047
0.15000000000000002,0.18000000000000002,0.037500000000000006,3.313942714560732e-16,198,0.32672512947365684,0.8385860070764047
0.15000000000000002,0.18000000000000002,0.05,3.313942714560732e-16,198,0.32672512947365684,0.8385860070764047
0.15000000000000002,0.19,0.0,9.843939319458709e-17,198,0.33021100797615344,0.3780004220292166
0.15000000000000002,0.19,0.0125,9.843939319458709e-17,198,0.33021100797615344,0.3780004220292166
0.15000000000000002,0.19,0.025,9.843939319458709e-17,198,0.33021100797615344,0.3780004220292166
0.15000000000000002,0.19,0.037500000000000006,9.843939319458709e-17,198,0.33021100797615344,0.3780004220292166
0.15000000000000002,0.19,0.05,9.843939319458709e-17,198,0.33021100797615344,0.3780004220292166
0.15000000000000002,0.2,0.0,1.7042220261643756e-16,198,0.33342890729996977,0.967156396387055
0.15000000000000002,0.2,0.0125,1.7042220261643756e-16,198,0.33342890729996977,0.967156396387055
0.15000000000000002,0.2,0.025,1.7042220261643756e-16,198,0.33342890729996977,0.967156396387055
0.15000000000000002,0.2,0.037500000000000006,1.7042220261643756e-16,198,0.33342890729996977,0.967156396387055
0.15000000000000002,0.2,0.05,1.7042220261643756e-16,198,0.33342890729996977,0.967156396387055
0.15000000000000002,0.21000000000000002,0.0,2.680692730795605e-16,198,0.3364042481398972,0.16192572603802471
0.15000000000000002,0.21000000000000002,0.0125,2.680692730795605e-16,198,0.3364042481398972,0.16192572603802471
0.15000000000000002,0.21000000000000002,0.025,2.680692730795605e-16,198,0.3364042481398972,0.16192572603802471
0.15000000000000002,0.21000000000000002,0.037500000000000006,2.680692730795605e-16,198,0.3364042481398972,0.16192572603802471
0.15000000000000002,0.21000000000000002,0.05,2.680692730795605e-16,198,0.3364042481398972,0.16192572603802471
0.15000000000000002,0.22000000000000003,0.0,9.327149854222078e-16,198,0.3391473951997202,0.994516649230854
0.15000000000000002,0.22000000000000003,0.0125,9.327149854222078e-16,198,0.3391473951997202,0.994516649230854
0.15000000000000002,0.22000000000000003,0.025,9.327149854222078e-16,198,0.3391473951997202,0.994516649230854
0.15000000000000002,0.22000000000000003,0.037500000000000006,9.327149854222078e-16,198,0.3391473951997202,0.994516649230854
0.15000000000000002,0.22000000000000003,0.05,9.327149854222078e-16,198,0.3391473951997202,0.994516649230854
0.15000000000000002,0.23,0.0,6.831241377100307e-16,198,0.341666928773724,0.11295881780483513
0.15000000000000002,0.23,0.0125,6.831241377100307e-16,198,0.341666928773724,0.11295881780483513
0.15000000000000002,0.23,0.025,6.831241377100307e-16,198,0.341666928773724,0.11295881780483513
0.15000000000000002,0.23,0.037500000000000006,6.831241377100307e-16,198,0.341666928773724,0.11295881780483513
0.15000000000000002,0.23,0.05,6.831241377100307e-16,198,0.341666928773724,0.11295881780483513
0.15000000000000002,0.24000000000000002,0.0,1.4432174181458514e-15,198,0.3439711666272697,0.9849179715001718
0.15000000000000002,0.24000000000000002,0.0125,1.4432174181458514e-15,198,0.3439711666272697,0.9849179715001718
0.15000000000000002,0.24000000000000002,0.025,1.4432174181458514e-15,198,0.3439711666272697,0.9849179715001718
0.15000000000000002,0.24000000000000002,0.037500000000000006,1.4432174181458514e-15,198,0.3439711666272697,0.9849179715001718
0.15000000000000002,0.24000000000000002,0.05,1.4432174181458514e-15,198,0.3439711666272697,0.9849179715001718
0.15000000000000002,0.25,0.0,2.010295849975734e-15,198,0.34606818894748786,0.25040779342661923
0.15000000000000002,0.25,0.0125,2.010295849975734e-15,198,0.34606818894748786,0.25040779342661923
0.15000000000000002,0.25,0.025,2.010295849975734e-15,198,0.34606818894748786,0.25040779342661923
0.15000000000000002,0.25,0.037500000000000006,2.010295849975734e-15,198,0.34606818894748786,0.25040779342661923
0.15000000000000002,0.25,0.05,2.010295849975734e-15,198,0.34606818894748786,0.25040779342661923
0.15000000000000002,0.26,0.0,1.8895974966630287e-15,198,0.3479657993754205,0.940905217058852
0.15000000000000002,0.26,0.0125,1.8895974966630287e-15,198,0.3479657993754205,0.940905217058852
0.15000000000000002,0.26,0.025,1.8895974966630287e-15,198,0.3479657993754205,0.940905217058852
0.15000000000000002,0.26,0.037500000000000006,1.8895974966630287e-15,198,0.3479657993754205,0.940905217058852
0.15000000000000002,0.26,0.05,1.8895974966630287e-15,198,0.3479657993754205,0.940905217058852
0.16,0.14,0.0,7.609564921863654e-16,198,0.313082577041749,0.9948652458974809
0.16,0.14,0.0125,7.609564921863654e-16,198,0.313082577041749,0.9948652458974809
0.16,0.14,0.025,7.609564921863654e-16,198,0.313082577041749,0.9948652458974809
0.16,0.14,0.037500000000000006,7.609564921863654e-16,198,0.313082577041749,0.9948652458974809
0.16,0.14,0.05,7.609564921863654e-16,198,0.313082577041749,0.9948652458974809
0.16,0.15000000000000002,0.0,2.443133470769063e-16,198,0.31894982995528043,0.9275726041483894
0.16,0.15000000000000002,0.0125,2.443133470769063e-16,198,0.31894982995528043,0.9275726041483894
0.16,0.15000000000000002,0.025,2.443133470769063e-16,198,0.31894982995528043,0.9275726041483894
0.16,0.15000000000000002,0.037500000000000006,2.443133470769063e-16,198,0.31894982995528043,0.9275726041483894
0.16,0.15000000000000002,0.05,2.443133470769063e-16,198,0.31894982995528043,0.9275726041483894
0.16,0.16,0.0,7.529729372882113e-16,198,0.3230534582663156,0.7071978815004756
0.16,0.16,0.0125,7.529729372882113e-16,198,0.3230534582663156,0.7071978815004756
0.16,0.16,0.025,7.529729372882113e-16,198,0.3230534582663156,0.7071978815004756
0.16,0.16,0.037500000000000006,7.529729372882113e-16,198,0.3230534582663156,0.7071978815004756
0.16,0.16,0.05,7.529729372882113e-16,198,0.3230534582663156,0.7071978815004756
0.16,0.17,0.0,4.21691019264499e-16,198,0.32686045292657795,0.14856024807903218
0.16,0.17,0.0125,4.21691019264499e-16,198,0.32686045292657795,0.14856024807903218
0.16,0.17,0.025,4.21691019264499e-16,198,0.32686045292657795,0.14856024807903218
0.16,0.17,0.037500000000000006,4.21691019264499e-16,198,0.32686045292657795,0.14856024807903218
0.16,0.17,0.05,4.21691019264499e-16,198,0.32686045292657795,0.14856024807903218
0.16,0.18000000000000002,0.0,1.1264116089151078e-15,198,0.33039008199600595,0.9773436857479181
0.16,0.18000000000000002,0.0125,1.1264116089151078e-15,198,0.33039008199600595,0.9773436857479181
0.16,0.18000000000000002,0.025,1.1264116089151078e-15,198,0.33039008199600595,0.9773436857479181
0.16,0.18000000000000002,0.037500000000000006,1.1264116089151078e-15,198,0.33039008199600595,0.9773436857479181
0.16,0.18000000000000002,0.05,1.1264116089151078e-15,198,0.33039008199600595,0.9773436857479181
0.16,0.19,0.0,2.0829571195554421e-16,198,0.3336665364577121,0.3994080776989085
0.16,0.19,0.0125,2.0829571195554421e-16,198,0.3336665364577121,0.3994080776989085
0.16,0.19,0.025,2.0829571195554421e-16,198,0.3336665364577121,0.3994080776989085
0.16,0.19,0.037500000000000006,2.0829571195554421e-16,198,0.3336665364577121,0.3994080776989085
0.16,0.19,0.05,2.0829571195554421e-16,198,0.3336665364577121,0.3994080776989085
0.16,0.2,0.0,5.222038930167206e-16,198,0.3367007170692212,0.8742306142861642
0.16,0.2,0.0125,5.222038930167206e-16,198,0.3367007170692212,0.8742306142861642
0.16,0.2,0.025,5.222038930167206e-16,198,0.3367007170692212,0.8742306142861642
0.16,0.2,0.037500000000000006,5.222038930167206e-16,198,0.3367007170692212,0.8742306142861642
0.16,0.2,0.05,5.222038930167206e-16,198,0.3367007170692212,0.8742306142861642
0.16,0.21000000000000002,0.0,1.6394392613830402e-15,198,0.3395024770726175,0.5377098796574522
0.16,0.21000000000000002,0.0125,1.6394392613830402e-15,198,0.3395024770726175,0.5377098796574522
0.16,0.21000000000000002,0.025,1.6394392613830402e-15,198,0.3395024770726175,0.5377098796574522
0.16,0.21000000000000002,0.037500000000000006,1.6394392613830402e-15,198,0.3395024770726175,0.5377098796574522
0.16,0.21000000000000002,0.05,1.6394392613830402e-15,198,0.3395024770726175,0.5377098796574522
0.16,0.22000000000000003,0.0,1.925266447951806e-15,198,0.34208026209262166,0.8153727959043666
0.16,0.22000000000000003,0.0125,1.925266447951806e-15,198,0.34208026209262166,0.8153727959043666
0.16,0.22000000000000003,0.025,1.925266447951806e-15,198,0.34208026209262166,0.8153727959043666
0.16,0.22000000000000003,0.037500000000000006,1.925266447951806e-15,198,0.34208026209262166,0.8153727959043666
0.16,0.22000000000000003,0.05,1.925266447951806e-15,198,0.34208026209262166,0.8153727959043666
0.16,0.23,0.0,1.7050638860696507e-15,198,0.3444422279375102,0.6311555386801457
0.16,0.23,0.0125,1.7050638860696507e-15,198,0.3444422279375102,0.6311555386801457
0.16,0.23,0.025,1.7050638860696507e-15,198,0.3444422279375102,0.6311555386801457
0.16,0.23,0.037500000000000006,1.7050638860696507e-15,198,0.3444422279375102,0.6311555386801457
0.16,0.23,0.05,1.7050638860696507e-15,198,0.3444422279375102,0.6311555386801457
0.16,0.24000000000000002,0.0,6.063385028150136e-16,198,0.3465963177482488,0.734795813668914
0.16,0.24000000000000002,0.0125,6.063385028150136e-16,198,0.3465963177482488,0.734795813668914
0.16,0.24000000000000002,0.025,6.063385028150136e-16,198,0.3465963177482488,0.734795813668914
0.16,0.24000000000000002,0.037500000000000006,6.063385028150136e-16,198,0.3465963177482488,0.734795813668914
0.16,0.24000000000000002,0.05,6.063385028150136e-16,198,0.3465963177482488,0.734795813668914
0.16,0.25,0.0,6.922496321539581e-16,198,0.34855024738625956,0.7266944969153141
0.16,0.25,0.0125,6.922496321539581e-16,198,0.34855024738625956,0.7266944969153141
0.16,0.25,0.025,6.922496321539581e-16,198,0.34855024738625956,0.7266944969153141
0.16,0.25,0.037500000000000006,6.922496321539581e-16,198,0.34855024738625956,0.7266944969153141
0.16,0.25,0.05,6.922496321539581e-16,198,0.34855024738625956,0.7266944969153141
0.16,0.26,0.0,1.724425488740083e-15,198,0.3503115206868076,0.6541117867495959
0.16,0.26,0.0125,1.724425488740083e-15,198,0.3503115206868076,0.6541117867495959
0.16,0.26,0.025,1.724425488740083e-15,198,0.3503115206868076,0.6541117867495959
0.16,0.26,0.037500000000000006,1.724425488740083e-15,198,0.3503115206868076,0.6541117867495959
0.16,0.26,0.05,1.724425488740083e-15,198,0.3503115206868076,0.6541117867495959
0.17,0.14,0.0,2.1506326258419019e-16,198,0.318160351017427,0.13755902298452055
0.17,0.14,0.0125,2.1506326258419019e-16,198,0.318160351017427,0.13755902298452055
0.17,0.14,0.025,2.1506326258419019e-16,198,0.318160351017427,0.13755902298452055
0.17,0.14,0.037500000000000006,2.1506326258419019e-16,198,0.318160351017427,0.13755902298452055
0.17,0.14,0.05,2.1506326258419019e-16,198,0.318160351017427,0.13755902298452055
0.17,0.15000000000000002,0.0,2.390860383400233e-16,198,0.32296291301054814,0.6683103353858183
0.17,0.15000000000000002,0.0125,2.390860383400233e-16,198,0.32296291301054814,0.6683103353858183
0.17,0.15000000000000002,0.025,2.390860383400233e-16,198,0.32296291301054814,0.6683103353858183
0.17,0.15000000000000002,0.037500000000000006,2.390860383400233e-16,198,0.32296291301054814,0.6683103353858183
0.17,0.15000000000000002,0.05,2.390860383400233e-16,198,0.32296291301054814,0.6683103353858183
0.17,0.16,0.0,4.725487539556724e-16,198,0.3268622388845782,0.9889483865163998
0.17,0.16,0.0125,4.725487539556724e-16,198,0.3268622388845782,0.9889483865163998
0.17,0.16,0.025,4.725487539556724e-16,198,0.3268622388845782,0.9889483865163998
0.17,0.16,0.037500000000000006,4.725487539556724e-16,198,0.3268622388845782,0.9889483865163998
0.17,0.16,0.05,4.725487539556724e-16,198,0.3268622388845782,0.9889483865163998
0.17,0.17,0.0,3.20159195118185e-16,198,0.3304502943688056,0.7069887400775386
0.17,0.17,0.0125,3.20159195118185e-16,198,0.3304502943688056,0.7069887400775386
0.17,0.17,0.025,3.20159195118185e-16,198,0.3304502943688056,0.7069887400775386
0.17,0.17,0.037500000000000006,3.20159195118185e-16,198,0.3304502943688056,0.7069887400775386
0.17,0.17,0.05,3.20159195118185e-16,198,0.3304502943688056,0.7069887400775386
0.17,0.18000000000000002,0.0,2.6990422274525167e-16,198,0.3337852878960531,0.4005927239589025
0.17,0.18000000000000002,0.0125,2.6990422274525167e-16,198,0.3337852878960531,0.4005927239589025
0.17,0.18000000000000002,0.025,2.6990422274525167e-16,198,0.3337852878960531,0.4005927239589025
0.17,0.18000000000000002,0.037500000000000006,2.6990422274525167e-16,198,0.3337852878960531,0.4005927239589025
0.17,0.18000000000000002,0.05,2.6990422274525167e-16,198,0.3337852878960531,0.4005927239589025
0.17,0.19,0.0,1.90284107894552e-16,198,0.33687869885909427,0.9636545869008956
0.17,0.19,0.0125,1.90284107894552e-16,198,0.33687869885909427,0.9636545869008956
0.17,0.19,0.025,1.90284107894552e-16,198,0.33687869885909427,0.9636545869008956
0.17,0.19,0.037500000000000006,1.90284107894552e-16,198,0.33687869885909427,0.9636545869008956
0.17,0.19,0.05,1.90284107894552e-16,198,0.33687869885909427,0.9636545869008956
0.17,0.2,0.0,4.2960272592991793e-16,198,0.3397394839155802,0.2785502365786705
0.17,0.2,0.0125,4.2960272592991793e-16,198,0.3397394839155802,0.2785502365786705
0.17,0.2,0.025,4.2960272592991793e-16,198,0.3397394839155802,0.2785502365786705
0.17,0.2,0.037500000000000006,4.2960272592991793e-16,198,0.3397394839155802,0.2785502365786705
0.17,0.2,0.05,4.2960272592991793e-16,198,0.3397394839155802,0.2785502365786705
0.17,0.21000000000000002,0.0,1.7421780400405835e-15,198,0.34237595504213403,0.9574139247870747
0.17,0.21000000000000002,0.0125,1.7421780400405835e-15,198,0.34237595504213403,0.9574139247870747
0.17,0.21000000000000002,0.025,1.7421780400405835e-15,198,0.34237595504213403,0.9574139247870747
0.17,0.21000000000000002,0.037500000000000006,1.7421780400405835e-15,198,0.34237595504213403,0.9574139247870747
0.17,0.21000000000000002,0.05,1.7421780400405835e-15,198,0.34237595504213403,0.9574139247870747
0.17,0.22000000000000003,0.0,1.8074229016869183e-15,198,0.34479615642777606,0.28397403390330966
0.17,0.22000000000000003,0.0125,1.8074229016869183e-15,198,0.34479615642777606,0.28397403390330966
0.17,0.22000000000000003,0.025,1.8074229016869183e-15,198,0.34479615642777606,0.28397403390330966
0.17,0.22000000000000003,0.037500000000000006,1.8074229016869183e-15,198,0.34479615642777606,0.28397403390330966
0.17,0.22000000000000003,0.05,1.8074229016869183e-15,198,0.34479615642777606,0.28397403390330966
0.17,0.23,0.0,2.3686141515140928e-15,198,0.3470079191437172,0.9649736931812981
0.17,0.23,0.0125,2.3686141515140928e-15,198,0.3470079191437172,0.9649736931812981
0.17,0.23,0.025,2.3686141515140928e-15,198,0.3470079191437172,0.9649736931812981
0.17,0.23,0.037500000000000006,2.3686141515140928e-15,198,0.3470079191437172,0.9649736931812981
0.17,0.23,0.05,2.3686141515140928e-15,198,0.3470079191437172,0.9649736931812981
0.17,0.24000000000000002,0.0,1.5637315285201383e-16,198,0.3490188665228505,0.26559956085813463
0.17,0.24000000000000002,0.0125,1.5637315285201383e-16,198,0.3490188665228505,0.26559956085813463
0.17,0.24000000000000002,0.025,1.5637315285201383e-16,198,0.3490188665228505,0.26559956085813463
0.17,0.24000000000000002,0.037500000000000006,1.5637315285201383e-16,198,0.3490188665228505,0.26559956085813463
0.17,0.24000000000000002,0.05,1.5637315285201383e-16,198,0.3490188665228505,0.26559956085813463
0.17,0.25,0.0,2.5004328559519695e-15,198,0.3508364168505261,0.9842602090364323
0.17,0.25,0.0125,2.5004328559519695e-15,198,0.3508364168505261,0.9842602090364323
0.17,0.25,0.025,2.5004328559519695e-15,198,0.3508364168505261,0.9842602090364323
0.17,0.25,0.037500000000000006,2.5004328559519695e-15,198,0.3508364168505261,0.9842602090364323
0.17,0.25,0.05,2.5004328559519695e-15,198,0.3508364168505261,0.9842602090364323
0.17,0.26,0.0,2.927550552215021e-15,198,0.35246778628568026,0.2044682812926749
0.17,0.26,0.0125,2.927550552215021e-15,198,0.35246778628568026,0.2044682812926749
0.17,0.26,0.025,2.927550552215021e-15,198,0.35246778628568026,0.2044682812926749
0.17,0.26,0.037500000000000006,2.927550552215021e-15,198,0.35246778628568026,0.2044682812926749
0.17,0.26,0.05,2.927550552215021e-15,198,0.35246778628568026,0.2044682812926749
0.18000000000000002,0.14,0.0,3.6197096661189257e-16,198,0.3226378966493636,0.9583645425661741
0.18000000000000002,0.14,0.0125,3.6197096661189257e-16,198,0.3226378966493636,0.9583645425661741
0.18000000000000002,0.14,0.025,3.6197096661189257e-16,198,0.3226378966493636,0.9583645425661741
0.18000000000000002,0.14,0.037500000000000006,3.6197096661189257e-16,198,0.3226378966493636,0.9583645425661741
0.18000000000000002,0.14,0.05,3.6197096661189257e-16,198,0.3226378966493636,0.9583645425661741
0.18000000000000002,0.15000000000000002,0.0,2.187340550381339e-15,198,0.3267389532799015,0.5447412569147603
0.18000000000000002,0.15000000000000002,0.0125,2.187340550381339e-15,198,0.3267389532799015,0.5447412569147603
0.18000000000000002,0.15000000000000002,0.025,2.187340550381339e-15,198,0.3267389532799015,0.5447412569147603
0.18000000000000002,0.15000000000000002,0.037500000000000006,2.187340550381339e-15,198,0.3267389532799015,0.5447412569147603
0.18000000000000002,0.15000000000000002,0.05,2.187340550381339e-15,198,0.3267389532799015,0.5447412569147603
0.18000000000000002,0.16,0.0,4.4493373111971e-16,198,0.3303904550467126,0.21288540918564353
0.18000000000000002,0.16,0.0125,4.4493373111971e-16,198,0.3303904550467126,0.21288540918564353
0.18000000000000002,0.16,0.025,4.4493373111971e-16,198,0.3303904550467126,0.21288540918564353
0.18000000000000002,0.16,0.037500000000000006,4.4493373111971e-16,198,0.3303904550467126,0.21288540918564353
0.18000000000000002,0.16,0.05,4.4493373111971e-16,198,0.3303904550467126,0.21288540918564353
0.18000000000000002,0.17,0.0,7.067806530524199e-16,198,0.3337852699962558,0.9158725353707258
0.18000000000000002,0.17,0.0125,7.067806530524199e-16,198,0.3337852699962558,0.9158725353707258
0.18000000000000002,0.17,0.025,7.067806530524199e-16,198,0.3337852699962558,0.9158725353707258
0.18000000000000002,0.17,0.037500000000000006,7.067806530524199e-16,198,0.3337852699962558,0.9158725353707258
0.18000000000000002,0.17,0.05,7.067806530524199e-16,198,0.3337852699962558,0.9158725353707258
0.18000000000000002,0.18000000000000002,0.0,5.136070095838899e-16,198,0.33693805128252075,0.7066916063860849
0.18000000000000002,0.18000000000000002,0.0125,5.136070095838899e-16,198,0.33693805128252075,0.7066916063860849
0.18000000000000002,0.18000000000000002,0.025,5.136070095838899e-16,198,0.33693805128252075,0.7066916063860849
0.18000000000000002,0.18000000000000002,0.037500000000000006,5.136070095838899e-16,198,0.33693805128252075,0.7066916063860849
0.18000000000000002,0.18000000000000002,0.05,5.136070095838899e-16,198,0.33693805128252075,0.7066916063860849
0.18000000000000002,0.19,0.0,2.156458943114739e-15,198,0.3398580753350516,0.7142487262429427
0.18000000000000002,0.19,0.0125,2.156458943114739e-15,198,0.3398580753350516,0.7142487262429427
0.18000000000000002,0.19,0.025,2.156458943114739e-15,198,0.3398580753350516,0.7142487262429427
0.18000000000000002,0.19,0.037500000000000006,2.156458943114739e-15,198,0.3398580753350516,0.7142487262429427
0.18000000000000002,0.19,0.05,2.156458943114739e-15,198,0.3398580753350516,0.7142487262429427
0.18000000000000002,0.2,0.0,3.3955082691191052e-15,198,0.3425535538559916,0.4807242890507703
0.18000000000000002,0.2,0.0125,3.3955082691191052e-15,198,0.3425535538559916,0.4807242890507703
0.18000000000000002,0.2,0.025,3.3955082691191052e-15,198,0.3425535538559916,0.4807242890507703
0.18000000000000002,0.2,0.037500000000000006,3.3955082691191052e-15,198,0.3425535538559916,0.4807242890507703
0.18000000000000002,0.2,0.05,3.3955082691191052e-15,198,0.3425535538559916,0.4807242890507703
0.18000000000000002,0.21000000000000002,0.0,3.4400945729895172e-15,198,0.3450324113360208,0.9235317131530087
0.18000000000000002,0.21000000000000002,0.0125,3.4400945729895172e-15,198,0.3450324113360208,0.9235317131530087
0.18000000000000002,0.21000000000000002,0.025,3.4400945729895172e-15,198,0.3450324113360208,0.9235317131530087
0.18000000000000002,0.21000000000000002,0.037500000000000006,3.4400945729895172e-15,198,0.3450324113360208,0.9235317131530087
0.18000000000000002,0.21000000000000002,0.05,3.4400945729895172e-15,198,0.3450324113360208,0.9235317131530087
0.18000000000000002,0.22000000000000003,0.0,2.723093072894405e-15,198,0.34730236921260216,0.3829571741144585
0.18000000000000002,0.22000000000000003,0.0125,2.723093072894405e-15,198,0.34730236921260216,0.3829571741144585
0.18000000000000002,0.22000000000000003,0.025,2.723093072894405e-15,198,0.34730236921260216,0.3829571741144585
0.18000000000000002,0.22000000000000003,0.037500000000000006,2.723093072894405e-15,198,0.34730236921260216,0.3829571741144585
0.18000000000000002,0.22000000000000003,0.05,2.723093072894405e-15,198,0.34730236921260216,0.3829571741144585
0.18000000000000002,0.23,0.0,4.7479337248669956e-17,198,0.3493709513399197,0.9453555108413353
0.18000000000000002,0.23,0.0125,4.7479337248669956e-17,198,0.3493709513399197,0.9453555108413353
0.18000000000000002,0.23,0.025,4.7479337248669956e-17,198,0.3493709513399197,0.9453555108413353
0.18000000000000002,0.23,0.037500000000000006,4.7479337248669956e-17,198,0.3493709513399197,0.9453555108413353
0.18000000000000002,0.23,0.05,4.7479337248669956e-17,198,0.3493709513399197,0.9453555108413353
0.18000000000000002,0.24000000000000002,0.0,1.9742661877487396e-15,198,0.3512454854641387,0.47109575655535013
0.18000000000000002,0.24000000000000002,0.0125,1.9742661877487396e-15,198,0.3512454854641387,0.47109575655535013
0.18000000000000002,0.24000000000000002,0.025,1.9742661877487396e-15,198,0.3512454854641387,0.47109575655535013
0.18000000000000002,0.24000000000000002,0.037500000000000006,1.9742661877487396e-15,198,0.3512454854641387,0.47109575655535013
0.18000000000000002,0.24000000000000002,0.05,1.9742661877487396e-15,198,0.3512454854641387,0.47109575655535013
0.18000000000000002,0.25,0.0,1.978500821179582e-15,198,0.3529331053385276,0.9428578042934368
0.18000000000000002,0.25,0.0125,1.978500821179582e-15,198,0.3529331053385276,0.9428578042934368
0.18000000000000002,0.25,0.025,1.978500821179582e-15,198,0.3529331053385276,0.9428578042934368
0.18000000000000002,0.25,0.037500000000000006,1.978500821179582e-15,198,0.3529331053385276,0.9428578042934368
0.18000000000000002,0.25,0.05,1.978500821179582e-15,198,0.3529331053385276,0.9428578042934368
0.18000000000000002,0.26,0.0,4.0898865729636286e-16,198,0.3544407529153045,0.19281730393408456
0.18000000000000002,0.26,0.0125,4.0898865729636286e-16,198,0.3544407529153045,0.19281730393408456
0.18000000000000002,0.26,0.025,4.0898865729636286e-16,198,0.3544407529153045,0.19281730393408456
0.18000000000000002,0.26,0.037500000000000006,4.0898865729636286e-16,198,0.3544407529153045,0.19281730393408456
0.18000000000000002,0.26,0.05,4.0898865729636286e-16,198,0.3544407529153045,0.19281730393408456
0.19,0.14,0.0,1.0815114456165502e-16,198,0.326446301811398,0.4375604633247592
0.19,0.14,0.0125,1.0815114456165502e-16,198,0.326446301811398,0.4375604633247592
0.19,0.14,0.025,1.0815114456165502e-16,198,0.326446301811398,0.4375604633247592
0.19,0.14,0.037500000000000006,1.0815114456165502e-16,198,0.326446301811398,0.4375604633247592
0.19,0.14,0.05,1.0815114456165502e-16,198,0.326446301811398,0.4375604633247592
0.19,0.15000000000000002,0.0,5.093592543166305e-17,198,0.3302105601006444,0.9256521848699062
0.19,0.15000000000000002,0.0125,5.093592543166305e-17,198,0.3302105601006444,0.9256521848699062
0.19,0.15000000000000002,0.025,5.093592543166305e-17,198,0.3302105601006444,0.9256521848699062
0.19,0.15000000000000002,0.037500000000000006,5.093592543166305e-17,198,0.3302105601006444,0.9256521848699062
0.19,0.15000000000000002,0.05,5.093592543166305e-17,198,0.3302105601006444,0.9256521848699062
0.19,0.16,0.0,7.770717251736964e-16,198,0.33366649862244074,0.9169903665475718
0.19,0.16,0.0125,7.770717251736964e-16,198,0.33366649862244074,0.9169903665475718
0.19,0.16,0.025,7.770717251736964e-16,198,0.33366649862244074,0.9169903665475718
0.19,0.16,0.037500000000000006,7.770717251736964e-16,198,0.33366649862244074,0.9169903665475718
0.19,0.16,0.05,7.770717251736964e-16,198,0.33366649862244074,0.9169903665475718
0.19,0.17,0.0,5.110584818687542e-16,198,0.3368787001481084,0.2655748464168381
0.19,0.17,0.0125,5.110584818687542e-16,198,0.3368787001481084,0.2655748464168381
0.19,0.17,0.025,5.110584818687542e-16,198,0.3368787001481084,0.2655748464168381
0.19,0.17,0.037500000000000006,5.110584818687542e-16,198,0.3368787001481084,0.2655748464168381
0.19,0.17,0.05,5.110584818687542e-16,198,0.3368787001481084,0.2655748464168381
0.19,0.18000000000000002,0.0,1.90837280474874e-15,198,0.3398580755253968,0.7025493721071118
0.19,0.18000000000000002,0.0125,1.90837280474874e-15,198,0.3398580755253968,0.7025493721071118
0.19,0.18000000000000002,0.025,1.90837280474874e-15,198,0.3398580755253968,0.7025493721071118
0.19,0.18000000000000002,0.037500000000000006,1.90837280474874e-15,198,0.3398580755253968,0.7025493721071118
0.19,0.18000000000000002,0.05,1.90837280474874e-15,198,0.3398580755253968,0.7025493721071118
0.19,0.19,0.0,2.216281948537912e-15,198,0.3426127843991347,0.6822807164960268
0.19,0.19,0.0125,2.216281948537912e-15,198,0.3426127843991347,0.6822807164960268
0.19,0.19,0.025,2.216281948537912e-15,198,0.3426127843991347,0.6822807164960268
0.19,0.19,0.037500000000000006,2.216281948537912e-15,198,0.3426127843991347,0.6822807164960268
0.19,0.19,0.05,2.216281948537912e-15,198,0.3426127843991347,0.6822807164960268
0.19,0.2,0.0,2.8715584664132845e-15,198,0.3451506298456274,0.8380645168446068
0.19,0.2,0.0125,2.8715584664132845e-15,198,0.3451506298456274,0.8380645168446068
0.19,0.2,0.025,2.8715584664132845e-15,198,0.3451506298456274,0.8380645168446068
0.19,0.2,0.037500000000000006,2.8715584664132845e-15,198,0.3451506298456274,0.8380645168446068
0.19,0.2,0.05,2.8715584664132845e-15,198,0.3451506298456274,0.8380645168446068
0.19,0.21000000000000002,0.0,2.6951566166771838e-15,198,0.3474792191449635,0.6122225510668052
0.19,0.21000000000000002,0.0125,2.6951566166771838e-15,198,0.3474792191449635,0.6122225510668052
0.19,0.21000000000000002,0.025,2.6951566166771838e-15,198,0.3474792191449635,0.6122225510668052
0.19,0.21000000000000002,0.037500000000000006,2.6951566166771838e-15,198,0.3474792191449635,0.6122225510668052
0.19,0.21000000000000002,0.05,2.6951566166771838e-15,198,0.3474792191449635,0.6122225510668052
0.19,0.22000000000000003,0.0,5.353159333713353e-16,198,0.34960597061220033,0.8235866305300016
0.19,0.22000000000000003,0.0125,5.353159333713353e-16,198,0.34960597061220033,0.8235866305300016
0.19,0.22000000000000003,0.025,5.353159333713353e-16,198,0.34960597061220033,0.8235866305300016
0.19,0.22000000000000003,0.037500000000000006,5.353159333713353e-16,198,0.34960597061220033,0.8235866305300016
0.19,0.22000000000000003,0.05,5.353159333713353e-16,198,0.34960597061220033,0.8235866305300016
0.19,0.23,0.0,5.070061971623303e-16,198,0.35153811551884956,0.7928769694519042
0.19,0.23,0.0125,5.070061971623303e-16,198,0.35153811551884956,0.7928769694519042
0.19,0.23,0.025,5.070061971623303e-16,198,0.35153811551884956,0.7928769694519042
0.19,0.23,0.037500000000000006,5.070061971623303e-16,198,0.35153811551884956,0.7928769694519042
0.19,0.23,0.05,5.070061971623303e-16,198,0.35153811551884956,0.7928769694519042
0.19,0.24000000000000002,0.0,1.8752119772181495e-15,198,0.3532826995982015,0.7757104580105356
0.19,0.24000000000000002,0.0125,1.8752119772181495e-15,198,0.3532826995982015,0.7757104580105356
0.19,0.24000000000000002,0.025,1.8752119772181495e-15,198,0.3532826995982015,0.7757104580105356
0.19,0.24000000000000002,0.037500000000000006,1.8752119772181495e-15,198,0.3532826995982015,0.7757104580105356
0.19,0.24000000000000002,0.05,1.8752119772181495e-15,198,0.3532826995982015,0.7757104580105356
0.19,0.25,0.0,2.6000166966816738e-15,198,0.3548465847494253,0.2762323553546438
0.19,0.25,0.0125,2.6000166966816738e-15,198,0.3548465847494253,0.2762323553546438
0.19,0.25,0.025,2.6000166966816738e-15,198,0.3548465847494253,0.2762323553546438
0.19,0.25,0.037500000000000006,2.6000166966816738e-15,198,0.3548465847494253,0.2762323553546438
0.19,0.25,0.05,2.6000166966816738e-15,198,0.3548465847494253,0.2762323553546438
0.19,0.26,0.0,1.1676438978661197e-15,198,0.3562364509558241,0.6498944737345159
0.19,0.26,0.0125,1.1676438978661197e-15,198,0.3562364509558241,0.6498944737345159
0.19,0.26,0.025,1.1676438978661197e-15,198,0.3562364509558241,0.6498944737345159
0.19,0.26,0.037500000000000006,1.1676438978661197e-15,198,0.3562364509558241,0.6498944737345159
0.19,0.26,0.05,1.1676438978661197e-15,198,0.3562364509558241,0.6498944737345159
0.2,0.14,0.0,2.6902640092980847e-16,198,0.32990598682406624,0.8250270024388728
0.2,0.14,0.0125,2.6902640092980847e-16,198,0.32990598682406624,0.8250270024388728
0.2,0.14,0.025,2.6902640092980847e-16,198,0.32990598682406624,0.8250270024388728
0.2,0.14,0.037500000000000006,2.6902640092980847e-16,198,0.32990598682406624,0.8250270024388728
0.2,0.14,0.05,2.6902640092980847e-16,198,0.32990598682406624,0.8250270024388728
0.2,0.15000000000000002,0.0,9.037091295067781e-16,198,0.3334290912302102,0.25400948092349446
0.2,0.15000000000000002,0.0125,9.037091295067781e-16,198,0.3334290912302102,0.25400948092349446
0.2,0.15000000000000002,0.025,9.037091295067781e-16,198,0.3334290912302102,0.25400948092349446
0.2,0.15000000000000002,0.037500000000000006,9.037091295067781e-16,198,0.3334290912302102,0.25400948092349446
0.2,0.15000000000000002,0.05,9.037091295067781e-16,198,0.3334290912302102,0.25400948092349446
0.2,0.16,0.0,2.3908551093275517e-16,198,0.33670071940559143,0.48705511323260714
0.2,0.16,0.0125,2.3908551093275517e-16,198,0.33670071940559143,0.48705511323260714
0.2,0.16,0.025,2.3908551093275517e-16,198,0.33670071940559143,0.48705511323260714
0.2,0.16,0.037500000000000006,2.3908551093275517e-16,198,0.33670071940559143,0.48705511323260714
0.2,0.16,0.05,2.3908551093275517e-16,198,0.33670071940559143,0.48705511323260714
0.2,0.17,0.0,2.4951667215855596e-15,198,0.3397394823454997,0.9621314858843066
0.2,0.17,0.0125,2.4951667215855596e-15,198,0.3397394823454997,0.9621314858843066
0.2,0.17,0.025,2.4951667215855596e-15,198,0.3397394823454997,0.9621314858843066
0.2,0.17,0.037500000000000006,2.4951667215855596e-15,198,0.3397394823454997,0.9621314858843066
0.2,0.17,0.05,2.4951667215855596e-15,198,0.3397394823454997,0.9621314858843066
0.2,0.18000000000000002,0.0,1.7716274160845209e-15,198,0.3425535540021831,0.8705751166204614
0.2,0.18000000000000002,0.0125,1.7716274160845209e-15,198,0.3425535540021831,0.8705751166204614
0.2,0.18000000000000002,0.025,1.7716274160845209e-15,198,0.3425535540021831,0.8705751166204614
0.2,0.18000000000000002,0.037500000000000006,1.7716274160845209e-15,198,0.3425535540021831,0.8705751166204614
0.2,0.18000000000000002,0.05,1.7716274160845209e-15,198,0.3425535540021831,0.8705751166204614
0.2,0.19,0.0,1.805518176364397e-15,198,0.3451506298466931,0.5592792376044153
0.2,0.19,0.0125,1.805518176364397e-15,198,0.3451506298466931,0.5592792376044153
0.2,0.19,0.025,1.805518176364397e-15,198,0.3451506298466931,0.5592792376044153
0.2,0.19,0.037500000000000006,1.805518176364397e-15,198,0.3451506298466931,0.5592792376044153
0.2,0.19,0.05,1.805518176364397e-15,198,0.3451506298466931,0.5592792376044153
0.2,0.2,0.0,1.974795715708505e-15,198,0.34753819914139605,0.7162357033519033
0.2,0.2,0.0125,1.974795715708505e-15,198,0.34753819914139605,0.7162357033519033
0.2,0.2,0.025,1.974795715708505e-15,198,0.34753819914139605,0.7162357033519033
0.2,0.2,0.037500000000000006,1.974795715708505e-15,198,0.34753819914139605,0.7162357033519033
0.2,0.2,0.05,1.974795715708505e-15,198,0.34753819914139605,0.7162357033519033
0.2,0.21000000000000002,0.0,2.9953113970222977e-15,198,0.3497235691863386,0.12614957083733175
0.2,0.21000000000000002,0.0125,2.9953113970222977e-15,198,0.3497235691863386,0.12614957083733175
0.2,0.21000000000000002,0.025,2.9953113970222977e-15,198,0.3497235691863386,0.12614957083733175
0.2,0.21000000000000002,0.037500000000000006,2.9953113970222977e-15,198,0.3497235691863386,0.12614957083733175
0.2,0.21000000000000002,0.05,2.9953113970222977e-15,198,0.3497235691863386,0.12614957083733175
0.2,0.22000000000000003,0.0,1.7644582538377695e-15,198,0.35171386911905017,0.9350271788573015
0.2,0.22000000000000003,0.0125,1.7644582538377695e-15,198,0.35171386911905017,0.9350271788573015
0.2,0.22000000000000003,0.025,1.7644582538377695e-15,198,0.35171386911905017,0.9350271788573015
0.2,0.22000000000000003,0.037500000000000006,1.7644582538377695e-15,198,0.35171386911905017,0.9350271788573015
0.2,0.22000000000000003,0.05,1.7644582538377695e-15,198,0.35171386911905017,0.9350271788573015
0.2,0.23,0.0,1.1510993101818382e-15,198,0.35351605108989437,0.3729145699927074
0.2,0.23,0.0125,1.1510993101818382e-15,198,0.35351605108989437,0.3729145699927074
0.2,0.23,0.025,1.1510993101818382e-15,198,0.35351605108989437,0.3729145699927074
0.2,0.23,0.037500000000000006,1.1510993101818382e-15,198,0.35351605108989437,0.3729145699927074
0.2,0.23,0.05,1.1510993101818382e-15,198,0.35351605108989437,0.3729145699927074
0.2,0.24000000000000002,0.0,3.0931920787912794e-16,198,0.3551368915238501,0.9068836164413864
0.2,0.24000000000000002,0.0125,3.0931920787912794e-16,198,0.3551368915238501,0.9068836164413864
0.2,0.24000000000000002,0.025,3.0931920787912794e-16,198,0.3551368915238501,0.9068836164413864
0.2,0.24000000000000002,0.037500000000000006,3.0931920787912794e-16,198,0.3551368915238501,0.9068836164413864
0.2,0.24000000000000002,0.05,3.0931920787912794e-16,198,0.3551368915238501,0.9068836164413864
0.2,0.25,0.0,2.6749720160706702e-15,198,0.3565829925932789,0.8162827639280283
0.2,0.25,0.0125,2.6749720160706702e-15,198,0.3565829925932789,0.8162827639280283
0.2,0.25,0.025,2.6749720160706702e-15,198,0.3565829925932789,0.8162827639280283
0.2,0.25,0.037500000000000006,2.6749720160706702e-15,198,0.3565829925932789,0.8162827639280283
0.2,0.25,0.05,2.6749720160706702e-15,198,0.3565829925932789,0.8162827639280283
0.2,0.26,0.0,7.088273444019304e-16,198,0.35786078389530385,0.30386617264925786
0.2,0.26,0.0125,7.088273444019304e-16,198,0.35786078389530385,0.30386617264925786
0.2,0.26,0.025,7.088273444019304e-16,198,0.35786078389530385,0.30386617264925786
0.2,0.26,0.037500000000000006,7.088273444019304e-16,198,0.35786078389530385,0.30386617264925786
0.2,0.26,0.05,7.088273444019304e-16,198,0.35786078389530385,0.30386617264925786
0.21000000000000002,0.14,0.0,1.2622180740909117e-15,198,0.33306807053197107,0.6690648087625828
0.21000000000000002,0.14,0.0125,1.2622180740909117e-15,198,0.33306807053197107,0.6690648087625828
0.21000000000000002,0.14,0.025,1.2622180740909117e-15,198,0.33306807053197107,0.6690648087625828
0.21000000000000002,0.14,0.037500000000000006,1.2622180740909117e-15,198,0.33306807053197107,0.6690648087625828
0.21000000000000002,0.14,0.05,1.2622180740909117e-15,198,0.33306807053197107,0.6690648087625828
0.21000000000000002,0.15000000000000002,0.0,9.87702854409167e-16,198,0.3364040757630841,0.9868371031139849
0.21000000000000002,0.15000000000000002,0.0125,9.87702854409167e-16,198,0.3364040757630841,0.9868371031139849
0.21000000000000002,0.15000000000000002,0.025,9.87702854409167e-16,198,0.3364040757630841,0.9868371031139849
0.21000000000000002,0.15000000000000002,0.037500000000000006,9.87702854409167e-16,198,0.3364040757630841,0.9868371031139849
0.21000000000000002,0.15000000000000002,0.05,9.87702854409167e-16,198,0.3364040757630841,0.9868371031139849
0.21000000000000002,0.16,0.0,6.876761730526977e-16,198,0.3395024834425448,0.843160067707196
0.21000000000000002,0.16,0.0125,6.876761730526977e-16,198,0.3395024834425448,0.843160067707196
0.21000000000000002,0.16,0.025,6.876761730526977e-16,198,0.3395024834425448,0.843160067707196
0.21000000000000002,0.16,0.037500000000000006,6.876761730526977e-16,198,0.3395024834425448,0.843160067707196
0.21000000000000002,0.16,0.05,6.876761730526977e-16,198,0.3395024834425448,0.843160067707196
0.21000000000000002,0.17,0.0,2.8228447628999425e-15,198,0.34237595456651215,0.2970398753906699
0.21000000000000002,0.17,0.0125,2.8228447628999425e-15,198,0.34237595456651215,0.2970398753906699
0.21000000000000002,0.17,0.025,2.8228447628999425e-15,198,0.34237595456651215,0.2970398753906699
0.21000000000000002,0.17,0.037500000000000006,2.8228447628999425e-15,198,0.34237595456651215,0.2970398753906699
0.21000000000000002,0.17,0.05,2.8228447628999425e-15,198,0.34237595456651215,0.2970398753906699
0.21000000000000002,0.18000000000000002,0.0,9.25446780164359e-16,198,0.3450324113672577,0.3340137134769942
0.21000000000000002,0.18000000000000002,0.0125,9.25446780164359e-16,198,0.3450324113672577,0.3340137134769942
0.21000000000000002,0.18000000000000002,0.025,9.25446780164359e-16,198,0.3450324113672577,0.3340137134769942
0.21000000000000002,0.18000000000000002,0.037500000000000006,9.25446780164359e-16,198,0.3450324113672577,0.3340137134769942
0.21000000000000002,0.18000000000000002,0.05,9.25446780164359e-16,198,0.3450324113672577,0.3340137134769942
0.21000000000000002,0.19,0.0,2.5854392859964826e-15,198,0.34747921914527735,0.8147691069886179
0.21000000000000002,0.19,0.0125,2.5854392859964826e-15,198,0.34747921914527735,0.8147691069886179
0.21000000000000002,0.19,0.025,2.5854392859964826e-15,198,0.34747921914527735,0.8147691069886179
0.21000000000000002,0.19,0.037500000000000006,2.5854392859964826e-15,198,0.34747921914527735,0.8147691069886179
0.21000000000000002,0.19,0.05,2.5854392859964826e-15,198,0.34747921914527735,0.8147691069886179
0.21000000000000002,0.2,0.0,1.8169041732900304e-15,198,0.3497235691868541,0.9695648579755548
0.21000000000000002,0.2,0.0125,1.8169041732900304e-15,198,0.3497235691868541,0.9695648579755548
0.21000000000000002,0.2,0.025,1.8169041732900304e-15,198,0.3497235691868541,0.9695648579755548
0.21000000000000002,0.2,0.037500000000000006,1.8169041732900304e-15,198,0.3497235691868541,0.9695648579755548
0.21000000000000002,0.2,0.05,1.8169041732900304e-15,198,0.3497235691868541,0.9695648579755548
0.21000000000000002,0.21000000000000002,0.0,3.0018223408709733e-15,198,0.35177248294292673,0.7726733826311198
0.21000000000000002,0.21000000000000002,0.0125,3.0018223408709733e-15,198,0.35177248294292673,0.7726733826311198
0.21000000000000002,0.21000000000000002,0.025,3.0018223408709733e-15,198,0.35177248294292673,0.7726733826311198
0.21000000000000002,0.21000000000000002,0.037500000000000006,3.0018223408709733e-15,198,0.35177248294292673,0.7726733826311198
0.21000000000000002,0.21000000000000002,0.05,3.0018223408709733e-15,198,0.35177248294292673,0.7726733826311198
0.21000000000000002,0.22000000000000003,0.0,2.45071038163128e-15,198,0.35363281354572773,0.9333668038776863
0.21000000000000002,0.22000000000000003,0.0125,2.45071038163128e-15,198,0.35363281354572773,0.9333668038776863
0.21000000000000002,0.22000000000000003,0.025,2.45071038163128e-15,198,0.35363281354572773,0.9333668038776863
0.21000000000000002,0.22000000000000003,0.037500000000000006,2.45071038163128e-15,198,0.35363281354572773,0.9333668038776863
0.21000000000000002,0.22000000000000003,0.05,2.45071038163128e-15,198,0.35363281354572773,0.9333668038776863
0.21000000000000002,0.23,0.0,2.2234988465131513e-15,198,0.3553112466251351,0.8790556426463085
0.21000000000000002,0.23,0.0125,2.2234988465131513e-15,198,0.3553112466251351,0.8790556426463085
0.21000000000000002,0.23,0.025,2.2234988465131513e-15,198,0.3553112466251351,0.8790556426463085
0.21000000000000002,0.23,0.037500000000000006,2.2234988465131513e-15,198,0.3553112466251351,0.8790556426463085
0.21000000000000002,0.23,0.05,2.2234988465131513e-15,198,0.3553112466251351,0.8790556426463085
0.21000000000000002,0.24000000000000002,0.0,2.046216217664594e-16,198,0.3568143013530666,0.2986163373047267
0.21000000000000002,0.24000000000000002,0.0125,2.046216217664594e-16,198,0.3568143013530666,0.2986163373047267
0.21000000000000002,0.24000000000000002,0.025,2.046216217664594e-16,198,0.3568143013530666,0.2986163373047267
0.21000000000000002,0.24000000000000002,0.037500000000000006,2.046216217664594e-16,198,0.3568143013530666,0.2986163373047267
0.21000000000000002,0.24000000000000002,0.05,2.046216217664594e-16,198,0.3568143013530666,0.2986163373047267
0.21000000000000002,0.25,0.0,2.325037554076953e-15,198,0.35814833170211907,0.906073034747222
0.21000000000000002,0.25,0.0125,2.325037554076953e-15,198,0.35814833170211907,0.906073034747222
0.21000000000000002,0.25,0.025,2.325037554076953e-15,198,0.35814833170211907,0.906073034747222
0.21000000000000002,0.25,0.037500000000000006,2.325037554076953e-15,198,0.35814833170211907,0.906073034747222
0.21000000000000002,0.25,0.05,2.325037554076953e-15,198,0.35814833170211907,0.906073034747222
0.21000000000000002,0.26,0.0,1.1992340046125443e-15,198,0.3593195279025251,0.8356565472846545
0.21000000000000002,0.26,0.0125,1.1992340046125443e-15,198,0.3593195279025251,0.8356565472846545
0.21000000000000002,0.26,0.025,1.1992340046125443e-15,198,0.3593195279025251,0.8356565472846545
0.21000000000000002,0.26,0.037500000000000006,1.1992340046125443e-15,198,0.3593195279025251,0.8356565472846545
0.21000000000000002,0.26,0.05,1.1992340046125443e-15,198,0.3593195279025251,0.8356565472846545
0.22000000000000003,0.14,0.0,1.820747721399403e-15,198,0.3359884329348358,0.6567272727609269
0.22000000000000003,0.14,0.0125,1.820747721399403e-15,198,0.3359884329348358,0.6567272727609269
0.22000000000000003,0.14,0.025,1.820747721399403e-15,198,0.3359884329348358,0.6567272727609269
0.22000000000000003,0.14,0.037500000000000006,1.820747721399403e-15,198,0.3359884329348358,0.6567272727609269
0.22000000000000003,0.14,0.05,1.820747721399403e-15,198,0.3359884329348358,0.6567272727609269
0.22000000000000003,0.15000000000000002,0.0,1.91189229487017e-15,198,0.3391473829050573,0.10438719978151181
0.22000000000000003,0.15000000000000002,0.0125,1.91189229487017e-15,198,0.3391473829050573,0.10438719978151181
0.22000000000000003,0.15000000000000002,0.025,1.91189229487017e-15,198,0.3391473829050573,0.10438719978151181
0.22000000000000003,0.15000000000000002,0.037500000000000006,1.91189229487017e-15,198,0.3391473829050573,0.10438719978151181
0.22000000000000003,0.15000000000000002,0.05,1.91189229487017e-15,198,0.3391473829050573,0.10438719978151181
0.22000000000000003,0.16,0.0,2.8501671879523364e-15,198,0.34208026154552146,0.585469527484897
0.22000000000000003,0.16,0.0125,2.8501671879523364e-15,198,0.34208026154552146,0.585469527484897
0.22000000000000003,0.16,0.025,2.8501671879523364e-15,198,0.34208026154552146,0.585469527484897
0.22000000000000003,0.16,0.037500000000000006,2.8501671879523364e-15,198,0.34208026154552146,0.585469527484897
0.22000000000000003,0.16,0.05,2.8501671879523364e-15,198,0.34208026154552146,0.585469527484897
0.22000000000000003,0.17,0.0,3.3964505819603052e-15,198,0.3447961561847199,0.9630686395294351
0.22000000000000003,0.17,0.0125,3.3964505819603052e-15,198,0.3447961561847199,0.9630686395294351
0.22000000000000003,0.17,0.025,3.3964505819603052e-15,198,0.3447961561847199,0.9630686395294351
0.22000000000000003,0.17,0.037500000000000006,3.3964505819603052e-15,198,0.3447961561847199,0.9630686395294351
0.22000000000000003,0.17,0.05,3.3964505819603052e-15,198,0.3447961561847199,0.9630686395294351
0.22000000000000003,0.18000000000000002,0.0,2.034138901064043e-15,198,0.34730236921576396,0.946144230911523
0.22000000000000003,0.18000000000000002,0.0125,2.034138901064043e-15,198,0.34730236921576396,0.946144230911523
0.22000000000000003,0.18000000000000002,0.025,2.034138901064043e-15,198,0.34730236921576396,0.946144230911523
0.22000000000000003,0.18000000000000002,0.037500000000000006,2.034138901064043e-15,198,0.34730236921576396,0.946144230911523
0.22000000000000003,0.18000000000000002,0.05,2.034138901064043e-15,198,0.34730236921576396,0.946144230911523
0.22000000000000003,0.19,0.0,6.079286448135005e-16,198,0.3496059706123419,0.5598999681504134
0.22000000000000003,0.19,0.0125,6.079286448135005e-16,198,0.3496059706123419,0.5598999681504134
0.22000000000000003,0.19,0.025,6.079286448135005e-16,198,0.3496059706123419,0.5598999681504134
0.22000000000000003,0.19,0.037500000000000006,6.079286448135005e-16,198,0.3496059706123419,0.5598999681504134
0.22000000000000003,0.19,0.05,6.079286448135005e-16,198,0.3496059706123419,0.5598999681504134
0.22000000000000003,0.2,0.0,1.78671934571948e-15,198,0.35171386911902486,0.5240098511301562
0.22000000000000003,0.2,0.0125,1.78671934571948e-15,198,0.35171386911902486,0.5240098511301562
0.22000000000000003,0.2,0.025,1.78671934571948e-15,198,0.35171386911902486,0.5240098511301562
0.22000000000000003,0.2,0.037500000000000006,1.78671934571948e-15,198,0.35171386911902486,0.5240098511301562
0.22000000000000003,0.2,0.05,1.78671934571948e-15,198,0.35171386911902486,0.5240098511301562
0.22000000000000003,0.21000000000000002,0.0,2.3974938770126417e-15,198,0.3536328135457279,0.31077868095327654
0.22000000000000003,0.21000000000000002,0.0125,2.3974938770126417e-15,198,0.3536328135457279,0.31077868095327654
0.22000000000000003,0.21000000000000002,0.025,2.3974938770126417e-15,198,0.3536328135457279,0.31077868095327654
0.22000000000000003,0.21000000000000002,0.037500000000000006,2.3974938770126417e-15,198,0.3536328135457279,0.31077868095327654
0.22000000000000003,0.21000000000000002,0.05,2.3974938770126417e-15,198,0.3536328135457279,0.31077868095327654
0.22000000000000003,0.22000000000000003,0.0,3.90647670538738e-15,198,0.3553693935263202,0.6696926107174247
0.22000000000000003,0.22000000000000003,0.0125,3.90647670538738e-15,198,0.3553693935263202,0.6696926107174247
0.22000000000000003,0.22000000000000003,0.025,3.90647670538738e-15,198,0.3553693935263202,0.6696926107174247
0.22000000000000003,0.22000000000000003,0.037500000000000006,3.90647670538738e-15,198,0.3553693935263202,0.6696926107174247
0.22000000000000003,0.22000000000000003,0.05,3.90647670538738e-15,198,0.3553693935263202,0.6696926107174247
0.22000000000000003,0.23,0.0,3.0037558494934666e-15,198,0.35693004014278934,0.8511940001434368
0.22000000000000003,0.23,0.0125,3.0037558494934666e-15,198,0.35693004014278934,0.8511940001434368
0.22000000000000003,0.23,0.025,3.0037558494934666e-15,198,0.35693004014278934,0.8511940001434368
0.22000000000000003,0.23,0.037500000000000006,3.0037558494934666e-15,198,0.35693004014278934,0.8511940001434368
0.22000000000000003,0.23,0.05,3.0037558494934666e-15,198,0.35693004014278934,0.8511940001434368
0.22000000000000003,0.24000000000000002,0.0,3.4034126237777753e-15,198,0.3583210267734187,0.6904930090839033
0.22000000000000003,0.24000000000000002,0.0125,3.4034126237777753e-15,198,0.3583210267734187,0.6904930090839033
0.22000000000000003,0.24000000000000002,0.025,3.4034126237777753e-15,198,0.3583210267734187,0.6904930090839033
0.22000000000000003,0.24000000000000002,0.037500000000000006,3.4034126237777753e-15,198,0.3583210267734187,0.6904930090839033
0.22000000000000003,0.24000000000000002,0.05,3.4034126237777753e-15,198,0.3583210267734187,0.6904930090839033
0.22000000000000003,0.25,0.0,1.624244426336312e-15,198,0.35954847015336144,0.6508873643687785
0.22000000000000003,0.25,0.0125,1.624244426336312e-15,198,0.35954847015336144,0.6508873643687785
0.22000000000000003,0.25,0.025,1.624244426336312e-15,198,0.35954847015336144,0.6508873643687785
0.22000000000000003,0.25,0.037500000000000006,1.624244426336312e-15,198,0.35954847015336144,0.6508873643687785
0.22000000000000003,0.25,0.05,1.624244426336312e-15,198,0.35954847015336144,0.6508873643687785
0.22000000000000003,0.26,0.0,3.016446997313501e-15,198,0.3606183316298627,0.8615286381224712
0.22000000000000003,0.26,0.0125,3.016446997313501e-15,198,0.3606183316298627,0.8615286381224712
0.22000000000000003,0.26,0.025,3.016446997313501e-15,198,0.3606183316298627,0.8615286381224712
0.22000000000000003,0.26,0.037500000000000006,3.016446997313501e-15,198,0.3606183316298627,0.8615286381224712
0.22000000000000003,0.26,0.05,3.016446997313501e-15,198,0.3606183316298627,0.8615286381224712
0.23,0.14,0.0,1.2848911459050625e-15,198,0.3386746629179098,0.8246690163899781
0.23,0.14,0.0125,1.2848911459050625e-15,198,0.3386746629179098,0.8246690163899781
0.23,0.14,0.025,1.2848911459050625e-15,198,0.3386746629179098,0.8246690163899781
0.23,0.14,0.037500000000000006,1.2848911459050625e-15,198,0.3386746629179098,0.8246690163899781
0.23,0.14,0.05,1.2848911459050625e-15,198,0.3386746629179098,0.8246690163899781
0.23,0.15000000000000002,0.0,2.575027251236048e-15,198,0.34166690758898177,0.9936360613286961
0.23,0.15000000000000002,0.0125,2.575027251236048e-15,198,0.34166690758898177,0.9936360613286961
0.23,0.15000000000000002,0.025,2.575027251236048e-15,198,0.34166690758898177,0.9936360613286961
0.23,0.15000000000000002,0.037500000000000006,2.575027251236048e-15,198,0.34166690758898177,0.9936360613286961
0.23,0.15000000000000002,0.05,2.575027251236048e-15,198,0.34166690758898177,0.9936360613286961
0.23,0.16,0.0,1.2915862096548923e-15,198,0.3444422280510283,0.7720467019570024
0.23,0.16,0.0125,1.2915862096548923e-15,198,0.3444422280510283,0.7720467019570024
0.23,0.16,0.025,1.2915862096548923e-15,198,0.3444422280510283,0.7720467019570024
0.23,0.16,0.037500000000000006,1.2915862096548923e-15,198,0.3444422280510283,0.7720467019570024
0.23,0.16,0.05,1.2915862096548923e-15,198,0.3444422280510283,0.7720467019570024
0.23,0.17,0.0,6.399209380376905e-16,198,0.34700791919154217,0.2355611588099902
0.23,0.17,0.0125,6.399209380376905e-16,198,0.34700791919154217,0.2355611588099902
0.23,0.17,0.025,6.399209380376905e-16,198,0.34700791919154217,0.2355611588099902
0.23,0.17,0.037500000000000006,6.399209380376905e-16,198,0.34700791919154217,0.2355611588099902
0.23,0.17,0.05,6.399209380376905e-16,198,0.34700791919154217,0.2355611588099902
0.23,0.18000000000000002,0.0,7.397422876252881e-17,198,0.34937095133990537,0.2734968408502471
0.23,0.18000000000000002,0.0125,7.397422876252881e-17,198,0.34937095133990537,0.2734968408502471
0.23,0.18000000000000002,0.025,7.397422876252881e-17,198,0.34937095133990537,0.2734968408502471
0.23,0.18000000000000002,0.037500000000000006,7.397422876252881e-17,198,0.34937095133990537,0.2734968408502471
0.23,0.18000000000000002,0.05,7.397422876252881e-17,198,0.34937095133990537,0.2734968408502471
0.23,0.19,0.0,1.1552918260621755e-15,198,0.35153811551886216,0.5821369308570516
0.23,0.19,0.0125,1.1552918260621755e-15,198,0.35153811551886216,0.5821369308570516
0.23,0.19,0.025,1.1552918260621755e-15,198,0.35153811551886216,0.5821369308570516
0.23,0.19,0.037500000000000006,1.1552918260621755e-15,198,0.35153811551886216,0.5821369308570516
0.23,0.19,0.05,1.1552918260621755e-15,198,0.35153811551886216,0.5821369308570516
0.23,0.2,0.0,1.3055808585623673e-15,198,0.35351605108986206,0.9373148720750784
0.23,0.2,0.0125,1.3055808585623673e-15,198,0.35351605108986206,0.9373148720750784
0.23,0.2,0.025,1.3055808585623673e-15,198,0.35351605108986206,0.9373148720750784
0.23,0.2,0.037500000000000006,1.3055808585623673e-15,198,0.35351605108986206,0.9373148720750784
0.23,0.2,0.05,1.3055808585623673e-15,198,0.35351605108986206,0.9373148720750784
0.23,0.21000000000000002,0.0,1.2790127122444242e-15,198,0.35531124662513436,0.724546336017627
0.23,0.21000000000000002,0.0125,1.2790127122444242e-15,198,0.35531124662513436,0.724546336017627
0.23,0.21000000000000002,0.025,1.2790127122444242e-15,198,0.35531124662513436,0.724546336017627
0.23,0.21000000000000002,0.037500000000000006,1.2790127122444242e-15,198,0.35531124662513436,0.724546336017627
0.23,0.21000000000000002,0.05,1.2790127122444242e-15,198,0.35531124662513436,0.724546336017627
0.23,0.22000000000000003,0.0,9.762932084825828e-16,198,0.3569300401427897,0.9049171931358422
0.23,0.22000000000000003,0.0125,9.762932084825828e-16,198,0.3569300401427897,0.9049171931358422
0.23,0.22000000000000003,0.025,9.762932084825828e-16,198,0.3569300401427897,0.9049171931358422
0.23,0.22000000000000003,0.037500000000000006,9.762932084825828e-16,198,0.3569300401427897,0.9049171931358422
0.23,0.22000000000000003,0.05,9.762932084825828e-16,198,0.3569300401427897,0.9049171931358422
0.23,0.23,0.0,9.318235211305248e-16,198,0.3583786195551316,0.9587678757082863
0.23,0.23,0.0125,9.318235211305248e-16,198,0.3583786195551316,0.9587678757082863
0.23,0.23,0.025,9.318235211305248e-16,198,0.3583786195551316,0.9587678757082863
0.23,0.23,0.037500000000000006,9.318235211305248e-16,198,0.3583786195551316,0.9587678757082863
0.23,0.23,0.05,9.318235211305248e-16,198,0.3583786195551316,0.9587678757082863
0.23,0.24000000000000002,0.0,2.473593134077612e-15,198,0.3596630233403312,0.671107904101515
0.23,0.24000000000000002,0.0125,2.473593134077612e-15,198,0.3596630233403312,0.671107904101515
0.23,0.24000000000000002,0.025,2.473593134077612e-15,198,0.3596630233403312,0.671107904101515
0.23,0.24000000000000002,0.037500000000000006,2.473593134077612e-15,198,0.3596630233403312,0.671107904101515
0.23,0.24000000000000002,0.05,2.473593134077612e-15,198,0.3596630233403312,0.671107904101515
0.23,0.25,0.0,3.4156972506366592e-15,198,0.36078914142184526,0.9992920810864167
0.23,0.25,0.0125,3.4156972506366592e-15,198,0.36078914142184526,0.9992920810864167
0.23,0.25,0.025,3.4156972506366592e-15,198,0.36078914142184526,0.9992920810864167
0.23,0.25,0.037500000000000006,3.4156972506366592e-15,198,0.36078914142184526,0.9992920810864167
0.23,0.25,0.05,3.4156972506366592e-15,198,0.36078914142184526,0.9992920810864167
0.23,0.26,0.0,2.4810758970901426e-15,198,0.36176271623882483,0.849804617534191
0.23,0.26,0.0125,2.4810758970901426e-15,198,0.36176271623882483,0.849804617534191
0.23,0.26,0.025,2.4810758970901426e-15,198,0.36176271623882483,0.849804617534191
0.23,0.26,0.037500000000000006,2.4810758970901426e-15,198,0.36176271623882483,0.849804617534191
0.23,0.26,0.05,2.4810758970901426e-15,198,0.36176271623882483,0.849804617534191
0.24000000000000002,0.14,0.0,2.4770324201727293e-15,198,0.3411364765310331,0.47015674523520584
0.24000000000000002,0.14,0.0125,2.4770324201727293e-15,198,0.3411364765310331,0.47015674523520584
0.24000000000000002,0.14,0.025,2.4770324201727293e-15,198,0.3411364765310331,0.47015674523520584
0.24000000000000002,0.14,0.037500000000000006,2.4770324201727293e-15,198,0.3411364765310331,0.47015674523520584
0.24000000000000002,0.14,0.05,2.4770324201727293e-15,198,0.3411364765310331,0.47015674523520584
0.24000000000000002,0.15000000000000002,0.0,2.151654743090761e-15,198,0.34397116545153017,0.16924605351037214
0.24000000000000002,0.15000000000000002,0.0125,2.151654743090761e-15,198,0.34397116545153017,0.16924605351037214
0.24000000000000002,0.15000000000000002,0.025,2.151654743090761e-15,198,0.34397116545153017,0.16924605351037214
0.24000000000000002,0.15000000000000002,0.037500000000000006,2.151654743090761e-15,198,0.34397116545153017,0.16924605351037214
0.24000000000000002,0.15000000000000002,0.05,2.151654743090761e-15,198,0.34397116545153017,0.16924605351037214
0.24000000000000002,0.16,0.0,1.3713172663400901e-16,198,0.34659631778445765,0.6772785939035052
0.24000000000000002,0.16,0.0125,1.3713172663400901e-16,198,0.34659631778445765,0.6772785939035052
0.24000000000000002,0.16,0.025,1.3713172663400901e-16,198,0.34659631778445765,0.6772785939035052
0.24000000000000002,0.16,0.037500000000000006,1.3713172663400901e-16,198,0.34659631778445765,0.6772785939035052
0.24000000000000002,0.16,0.05,1.3713172663400901e-16,198,0.34659631778445765,0.6772785939035052
0.24000000000000002,0.17,0.0,3.6597372690472125e-16,198,0.34901886652225156,0.9692264550258821
0.24000000000000002,0.17,0.0125,3.6597372690472125e-16,198,0.34901886652225156,0.9692264550258821
0.24000000000000002,0.17,0.025,3.6597372690472125e-16,198,0.34901886652225156,0.9692264550258821
0.24000000000000002,0.17,0.037500000000000006,3.6597372690472125e-16,198,0.34901886652225156,0.9692264550258821
0.24000000000000002,0.17,0.05,3.6597372690472125e-16,198,0.34901886652225156,0.9692264550258821
0.24000000000000002,0.18000000000000002,0.0,1.5470064306661312e-15,198,0.35124548546407663,0.8594236047439655
0.24000000000000002,0.18000000000000002,0.0125,1.5470064306661312e-15,198,0.35124548546407663,0.8594236047439655
0.24000000000000002,0.18000000000000002,0.025,1.5470064306661312e-15,198,0.35124548546407663,0.8594236047439655
0.24000000000000002,0.18000000000000002,0.037500000000000006,1.5470064306661312e-15,198,0.35124548546407663,0.8594236047439655
0.24000000000000002,0.18000000000000002,0.05,1.5470064306661312e-15,198,0.35124548546407663,0.8594236047439655
0.24000000000000002,0.19,0.0,1.4748532628325495e-15,198,0.3532826995981866,0.4967402884577404
0.24000000000000002,0.19,0.0125,1.4748532628325495e-15,198,0.3532826995981866,0.4967402884577404
0.24000000000000002,0.19,0.025,1.4748532628325495e-15,198,0.3532826995981866,0.4967402884577404
0.24000000000000002,0.19,0.037500000000000006,1.4748532628325495e-15,198,0.3532826995981866,0.4967402884577404
0.24000000000000002,0.19,0.05,1.4748532628325495e-15,198,0.3532826995981866,0.4967402884577404
0.24000000000000002,0.2,0.0,2.8330248921417703e-15,198,0.3551368915238536,0.6128571095556954
0.24000000000000002,0.2,0.0125,2.8330248921417703e-15,198,0.3551368915238536,0.6128571095556954
0.24000000000000002,0.2,0.025,2.8330248921417703e-15,198,0.3551368915238536,0.6128571095556954
0.24000000000000002,0.2,0.037500000000000006,2.8330248921417703e-15,198,0.3551368915238536,0.6128571095556954
0.24000000000000002,0.2,0.05,2.8330248921417703e-15,198,0.3551368915238536,0.6128571095556954
0.24000000000000002,0.21000000000000002,0.0,1.8762189015507173e-15,198,0.356814301353067,0.8176499829147366
0.24000000000000002,0.21000000000000002,0.0125,1.8762189015507173e-15,198,0.356814301353067,0.8176499829147366
0.24000000000000002,0.21000000000000002,0.025,1.8762189015507173e-15,198,0.356814301353067,0.8176499829147366
0.24000000000000002,0.21000000000000002,0.037500000000000006,1.8762189015507173e-15,198,0.356814301353067,0.8176499829147366
0.24000000000000002,0.21000000000000002,0.05,1.8762189015507173e-15,198,0.356814301353067,0.8176499829147366
0.24000000000000002,0.22000000000000003,0.0,2.219135342208689e-15,198,0.35832102677341743,0.5407787702569125
0.24000000000000002,0.22000000000000003,0.0125,2.219135342208689e-15,198,0.35832102677341743,0.5407787702569125
0.24000000000000002,0.22000000000000003,0.025,2.219135342208689e-15,198,0.35832102677341743,0.5407787702569125
0.24000000000000002,0.22000000000000003,0.037500000000000006,2.219135342208689e-15,198,0.35832102677341743,0.5407787702569125
0.24000000000000002,0.22000000000000003,0.05,2.219135342208689e-15,198,0.35832102677341743,0.5407787702569125
0.24000000000000002,0.23,0.0,1.6584919188462494e-15,198,0.35966302334033146,0.5787696742708097
0.24000000000000002,0.23,0.0125,1.6584919188462494e-15,198,0.35966302334033146,0.5787696742708097
0.24000000000000002,0.23,0.025,1.6584919188462494e-15,198,0.35966302334033146,0.5787696742708097
0.24000000000000002,0.23,0.037500000000000006,1.6584919188462494e-15,198,0.35966302334033146,0.5787696742708097
0.24000000000000002,0.23,0.05,1.6584919188462494e-15,198,0.35966302334033146,0.5787696742708097
0.24000000000000002,0.24000000000000002,0.0,1.510564709132323e-15,198,0.3608461049883615,0.4846927462018831
0.24000000000000002,0.24000000000000002,0.0125,1.510564709132323e-15,198,0.3608461049883615,0.4846927462018831
0.24000000000000002,0.24000000000000002,0.025,1.510564709132323e-15,198,0.3608461049883615,0.4846927462018831
0.24000000000000002,0.24000000000000002,0.037500000000000006,1.510564709132323e-15,198,0.3608461049883615,0.4846927462018831
0.24000000000000002,0.24000000000000002,0.05,1.510564709132323e-15,198,0.3608461049883615,0.4846927462018831
0.24000000000000002,0.25,0.0,2.5285152188433457e-15,198,0.36187594474526064,0.27165899301734064
0.24000000000000002,0.25,0.0125,2.5285152188433457e-15,198,0.36187594474526064,0.27165899301734064
0.24000000000000002,0.25,0.025,2.5285152188433457e-15,198,0.36187594474526064,0.27165899301734064
0.24000000000000002,0.25,0.037500000000000006,2.5285152188433457e-15,198,0.36187594474526064,0.27165899301734064
0.24000000000000002,0.25,0.05,2.5285152188433457e-15,198,0.36187594474526064,0.27165899301734064
0.24000000000000002,0.26,0.0,2.0273948287418543e-16,198,0.36275807563310125,0.9938364234791004
0.24000000000000002,0.26,0.0125,2.0273948287418543e-16,198,0.36275807563310125,0.9938364234791004
0.24000000000000002,0.26,0.025,2.0273948287418543e-16,198,0.36275807563310125,0.9938364234791004
0.24000000000000002,0.26,0.037500000000000006,2.0273948287418543e-16,198,0.36275807563310125,0.9938364234791004
0.24000000000000002,0.26,0.05,2.0273948287418543e-16,198,0.36275807563310125,0.9938364234791004
0.25,0.14,0.0,3.1423111287619003e-15,198,0.3433835133812775,0.9285405304455675
0.25,0.14,0.0125,3.1423111287619003e-15,198,0.3433835133812775,0.9285405304455675
0.25,0.14,0.025,3.1423111287619003e-15,198,0.3433835133812775,0.9285405304455675
0.25,0.14,0.037500000000000006,3.1423111287619003e-15,198,0.3433835133812775,0.9285405304455675
0.25,0.14,0.05,3.1423111287619003e-15,198,0.3433835133812775,0.9285405304455675
0.25,0.15000000000000002,0.0,1.1755098346620954e-15,198,0.3460681899014797,0.9699757704155989
0.25,0.15000000000000002,0.0125,1.1755098346620954e-15,198,0.3460681899014797,0.9699757704155989
0.25,0.15000000000000002,0.025,1.1755098346620954e-15,198,0.3460681899014797,0.9699757704155989
0.25,0.15000000000000002,0.037500000000000006,1.1755098346620954e-15,198,0.3460681899014797,0.9699757704155989
0.25,0.15000000000000002,0.05,1.1755098346620954e-15,198,0.3460681899014797,0.9699757704155989
0.25,0.16,0.0,1.3368050165285527e-15,198,0.3485502473924337,0.696148487104411
0.25,0.16,0.0125,1.3368050165285527e-15,198,0.3485502473924337,0.696148487104411
0.25,0.16,0.025,1.3368050165285527e-15,198,0.3485502473924337,0.696148487104411
0.25,0.16,0.037500000000000006,1.3368050165285527e-15,198,0.3485502473924337,0.696148487104411
0.25,0.16,0.05,1.3368050165285527e-15,198,0.3485502473924337,0.696148487104411
0.25,0.17,0.0,1.898925461185745e-15,198,0.3508364168499397,0.17943691704481984
0.25,0.17,0.0125,1.898925461185745e-15,198,0.3508364168499397,0.17943691704481984
0.25,0.17,0.025,1.898925461185745e-15,198,0.3508364168499397,0.17943691704481984
0.25,0.17,0.037500000000000006,1.898925461185745e-15,198,0.3508364168499397,0.17943691704481984
0.25,0.17,0.05,1.898925461185745e-15,198,0.3508364168499397,0.17943691704481984
0.25,0.18000000000000002,0.0,2.7290258752372918e-15,198,0.352933105338531,0.13537641440677517
0.25,0.18000000000000002,0.0125,2.7290258752372918e-15,198,0.352933105338531,0.13537641440677517
0.25,0.18000000000000002,0.025,2.7290258752372918e-15,198,0.352933105338531,0.13537641440677517
0.25,0.18000000000000002,0.037500000000000006,2.7290258752372918e-15,198,0.352933105338531,0.13537641440677517
0.25,0.18000000000000002,0.05,2.7290258752372918e-15,198,0.352933105338531,0.13537641440677517
0.25,0.19,0.0,9.401967738534336e-16,198,0.3548465847494279,0.9290945896124347
0.25,0.19,0.0125,9.401967738534336e-16,198,0.3548465847494279,0.9290945896124347
0.25,0.19,0.025,9.401967738534336e-16,198,0.3548465847494279,0.9290945896124347
0.25,0.19,0.037500000000000006,9.401967738534336e-16,198,0.3548465847494279,0.9290945896124347
0.25,0.19,0.05,9.401967738534336e-16,198,0.3548465847494279,0.9290945896124347
0.25,0.2,0.0,2.6495027232816405e-15,198,0.3565829925932787,0.9907632629976898
0.25,0.2,0.0125,2.6495027232816405e-15,198,0.3565829925932787,0.9907632629976898
0.25,0.2,0.025,2.6495027232816405e-15,198,0.3565829925932787,0.9907632629976898
0.25,0.2,0.037500000000000006,2.6495027232816405e-15,198,0.3565829925932787,0.9907632629976898
0.25,0.2,0.05,2.6495027232816405e-15,198,0.3565829925932787,0.9907632629976898
0.25,0.21000000000000002,0.0,1.8437196256025193e-16,198,0.35814833170211813,0.7729105897194865
0.25,0.21000000000000002,0.0125,1.8437196256025193e-16,198,0.35814833170211813,0.7729105897194865
0.25,0.21000000000000002,0.025,1.8437196256025193e-16,198,0.35814833170211813,0.7729105897194865
0.25,0.21000000000000002,0.037500000000000006,1.8437196256025193e-16,198,0.35814833170211813,0.7729105897194865
0.25,0.21000000000000002,0.05,1.8437196256025193e-16,198,0.35814833170211813,0.7729105897194865
0.25,0.22000000000000003,0.0,6.864560242906133e-17,198,0.35954847015336155,0.7569596724054982
0.25,0.22000000000000003,0.0125,6.864560242906133e-17,198,0.35954847015336155,0.7569596724054982
0.25,0.22000000000000003,0.025,6.864560242906133e-17,198,0.35954847015336155,0.7569596724054982
0.25,0.22000000000000003,0.037500000000000006,6.864560242906133e-17,198,0.35954847015336155,0.7569596724054982
0.25,0.22000000000000003,0.05,6.864560242906133e-17,198,0.35954847015336155,0.7569596724054982
0.25,0.23,0.0,2.1767980246332725e-15,198,0.36078914142184515,0.2448468163417196
0.25,0.23,0.0125,2.1767980246332725e-15,198,0.36078914142184515,0.2448468163417196
0.25,0.23,0.025,2.1767980246332725e-15,198,0.36078914142184515,0.2448468163417196
0.25,0.23,0.037500000000000006,2.1767980246332725e-15,198,0.36078914142184515,0.2448468163417196
0.25,0.23,0.05,2.1767980246332725e-15,198,0.36078914142184515,0.2448468163417196
0.25,0.24000000000000002,0.0,1.7139329137138405e-15,198,0.3618759447452604,0.717899015489853
0.25,0.24000000000000002,0.0125,1.7139329137138405e-15,198,0.3618759447452604,0.717899015489853
0.25,0.24000000000000002,0.025,1.7139329137138405e-15,198,0.3618759447452604,0.717899015489853
0.25,0.24000000000000002,0.037500000000000006,1.7139329137138405e-15,198,0.3618759447452604,0.717899015489853
0.25,0.24000000000000002,0.05,1.7139329137138405e-15,198,0.3618759447452604,0.717899015489853
0.25,0.25,0.0,3.5134757806071496e-18,198,0.36281434568742416,0.5643387603118407
0.25,0.25,0.0125,3.5134757806071496e-18,198,0.36281434568742416,0.5643387603118407
0.25,0.25,0.025,3.5134757806071496e-18,198,0.36281434568742416,0.5643387603118407
0.25,0.25,0.037500000000000006,3.5134757806071496e-18,198,0.36281434568742416,0.5643387603118407
0.25,0.25,0.05,3.5134757806071496e-18,198,0.36281434568742416,0.5643387603118407
0.25,0.26,0.0,3.1440392420301523e-15,198,0.3636096768844953,0.8847502035399681
0.25,0.26,0.0125,3.1440392420301523e-15,198,0.3636096768844953,0.8847502035399681
0.25,0.26,0.025,3.1440392420301523e-15,198,0.3636096768844953,0.8847502035399681
0.25,0.26,0.037500000000000006,3.1440392420301523e-15,198,0.3636096768844953,0.8847502035399681
0.25,0.26,0.05,3.1440392420301523e-15,198,0.3636096768844953,0.8847502035399681
0.26,0.14,0.0,4.763199819861607e-16,198,0.345424334767632,0.2796826152702124
0.26,0.14,0.0125,4.763199819861607e-16,198,0.345424334767632,0.2796826152702124
0.26,0.14,0.025,4.763199819861607e-16,198,0.345424334767632,0.2796826152702124
0.26,0.14,0.037500000000000006,4.763199819861607e-16,198,0.345424334767632,0.2796826152702124
0.26,0.14,0.05,4.763199819861607e-16,198,0.345424334767632,0.2796826152702124
0.26,0.15000000000000002,0.0,1.1781494398374628e-15,198,0.34796579935540994,0.3178874782981022
0.26,0.15000000000000002,0.0125,1.1781494398374628e-15,198,0.34796579935540994,0.3178874782981022
0.26,0.15000000000000002,0.025,1.1781494398374628e-15,198,0.34796579935540994,0.3178874782981022
0.26,0.15000000000000002,0.037500000000000006,1.1781494398374628e-15,198,0.34796579935540994,0.3178874782981022
0.26,0.15000000000000002,0.05,1.1781494398374628e-15,198,0.34796579935540994,0.3178874782981022
0.26,0.16,0.0,1.619780912627109e-15,198,0.35031152068474725,0.7613417582201345
0.26,0.16,0.0125,1.619780912627109e-15,198,0.35031152068474725,0.7613417582201345
0.26,0.16,0.025,1.619780912627109e-15,198,0.35031152068474725,0.7613417582201345
0.26,0.16,0.037500000000000006,1.619780912627109e-15,198,0.35031152068474725,0.7613417582201345
0.26,0.16,0.05,1.619780912627109e-15,198,0.35031152068474725,0.7613417582201345
0.26,0.17,0.0,3.2560054996832122e-15,198,0.35246778628566955,0.9791516131643598
0.26,0.17,0.0125,3.2560054996832122e-15,198,0.35246778628566955,0.9791516131643598
0.26,0.17,0.025,3.2560054996832122e-15,198,0.35246778628566955,0.9791516131643598
0.26,0.17,0.037500000000000006,3.2560054996832122e-15,198,0.35246778628566955,0.9791516131643598
0.26,0.17,0.05,3.2560054996832122e-15,198,0.35246778628566955,0.9791516131643598
0.26,0.18000000000000002,0.0,2.521187441032435e-15,198,0.35444075291529675,0.9499420716319803
0.26,0.18000000000000002,0.0125,2.521187441032435e-15,198,0.35444075291529675,0.9499420716319803
0.26,0.18000000000000002,0.025,2.521187441032435e-15,198,0.35444075291529675,0.9499420716319803
0.26,0.18000000000000002,0.037500000000000006,2.521187441032435e-15,198,0.35444075291529675,0.9499420716319803
0.26,0.18000000000000002,0.05,2.521187441032435e-15,198,0.35444075291529675,0.9499420716319803
0.26,0.19,0.0,1.0871898074081686e-15,198,0.35623645095582535,0.7233911619141905
0.26,0.19,0.0125,1.0871898074081686e-15,198,0.35623645095582535,0.7233911619141905
0.26,0.19,0.025,1.0871898074081686e-15,198,0.35623645095582535,0.7233911619141905
0.26,0.19,0.037500000000000006,1.0871898074081686e-15,198,0.35623645095582535,0.7233911619141905
0.26,0.19,0.05,1.0871898074081686e-15,198,0.35623645095582535,0.7233911619141905
0.26,0.2,0.0,1.3339785827910947e-15,198,0.3578607838953038,0.18605796302893923
0.26,0.2,0.0125,1.3339785827910947e-15,198,0.3578607838953038,0.18605796302893923
0.26,0.2,0.025,1.3339785827910947e-15,198,0.3578607838953038,0.18605796302893923
0.26,0.2,0.037500000000000006,1.3339785827910947e-15,198,0.3578607838953038,0.18605796302893923
0.26,0.2,0.05,1.3339785827910947e-15,198,0.3578607838953038,0.18605796302893923
0.26,0.21000000000000002,0.0,2.278291572379803e-15,198,0.3593195279025255,0.15481323965698884
0.26,0.21000000000000002,0.0125,2.278291572379803e-15,198,0.3593195279025255,0.15481323965698884
0.26,0.21000000000000002,0.025,2.278291572379803e-15,198,0.3593195279025255,0.15481323965698884
0.26,0.21000000000000002,0.037500000000000006,2.278291572379803e-15,198,0.3593195279025255,0.15481323965698884
0.26,0.21000000000000002,0.05,2.278291572379803e-15,198,0.3593195279025255,0.15481323965698884
0.26,0.22000000000000003,0.0,6.155293616508824e-16,198,0.3606183316298659,0.7324144459463408
0.26,0.22000000000000003,0.0125,6.155293616508824e-16,198,0.3606183316298659,0.7324144459463408
0.26,0.22000000000000003,0.025,6.155293616508824e-16,198,0.3606183316298659,0.7324144459463408
0.26,0.22000000000000003,0.037500000000000006,6.155293616508824e-16,198,0.3606183316298659,0.7324144459463408
0.26,0.22000000000000003,0.05,6.155293616508824e-16,198,0.3606183316298659,0.7324144459463408
0.26,0.23,0.0,3.467363978674341e-15,198,0.3617627162388248,0.9962614020580913
0.26,0.23,0.0125,3.467363978674341e-15,198,0.3617627162388248,0.9962614020580913
0.26,0.23,0.025,3.467363978674341e-15,198,0.3617627162388248,0.9962614020580913
0.26,0.23,0.037500000000000006,3.467363978674341e-15,198,0.3617627162388248,0.9962614020580913
0.26,0.23,0.05,3.467363978674341e-15,198,0.3617627162388248,0.9962614020580913
0.26,0.24000000000000002,0.0,2.1328616740784758e-15,198,0.3627580756331017,0.7284773257536685
0.26,0.24000000000000002,0.0125,2.1328616740784758e-15,198,0.3627580756331017,0.7284773257536685
0.26,0.24000000000000002,0.025,2.1328616740784758e-15,198,0.3627580756331017,0.7284773257536685
0.26,0.24000000000000002,0.037500000000000006,2.1328616740784758e-15,198,0.3627580756331017,0.7284773257536685
0.26,0.24000000000000002,0.05,2.1328616740784758e-15,198,0.3627580756331017,0.7284773257536685
0.26,0.25,0.0,5.253151061480897e-16,198,0.36360967688449564,0.9570526877111043
0.26,0.25,0.0125,5.253151061480897e-16,198,0.36360967688449564,0.9570526877111043
0.26,0.25,0.025,5.253151061480897e-16,198,0.36360967688449564,0.9570526877111043
0.26,0.25,0.037500000000000006,5.253151061480897e-16,198,0.36360967688449564,0.9570526877111043
0.26,0.25,0.05,5.253151061480897e-16,198,0.36360967688449564,0.9570526877111043
0.26,0.26,0.0,1.995448651384036e-15,198,0.3643226608374833,0.23749524607979927
0.26,0.26,0.0125,1.995448651384036e-15,198,0.3643226608374833,0.23749524607979927
0.26,0.26,0.025,1.995448651384036e-15,198,0.3643226608374833,0.23749524607979927
0.26,0.26,0.037500000000000006,1.995448651384036e-15,198,0.3643226608374833,0.23749524607979927
0.26,0.26,0.05,1.995448651384036e-15,198,0.3643226608374833,0.23749524607979927
