mu_site,cxy,cyx,min_abs,site,max_weight,maj_sim
-5.0,0.08,0.08,5.000000625372424,199,0.019899280938186516,0.0002499806846323338
-5.0,0.08,0.08700000000000001,4.99561342725345,29,0.009944780573792444,0.020377236608547955
-5.0,0.08,0.094,4.984164165266689,100,0.009949641073336407,0.03317884580291708
-5.0,0.08,0.101,4.971199740396218,100,0.00994964107750212,0.03453066969195373
-5.0,0.08,0.10800000000000001,4.958280457980731,100,0.00994964107864034,0.03588355457503811
-5.0,0.08,0.115,4.94540667180801,100,0.009949641078225458,0.03723746850225851
-5.0,0.08,0.12200000000000001,4.932578738106885,100,0.009949641078887591,0.03859237904398227
-5.0,0.08,0.129,4.919797015546113,99,0.009949641078802439,0.03994825328810103
-5.0,0.08,0.136,4.907061865232612,100,0.009949641078660774,0.04130505783735472
-5.0,0.08,0.14300000000000002,4.8943736507090705,99,0.009949641078844228,0.04266275880673975
-5.0,0.08,0.15000000000000002,4.8817327379509114,100,0.00994964107886961,0.044021321821008264
-5.0,0.08,0.15700000000000003,4.869139495362558,99,0.00994964107906992,0.045380712012253355
-5.0,0.08,0.16400000000000003,4.856594293773031,99,0.009949641079084541,0.04674089401759318
-5.0,0.08,0.171,4.844097506430828,100,0.009949641079065163,0.0481018319769535
-5.0,0.08,0.17800000000000002,4.831649508998075,99,0.009949641079090372,0.04946348953095059
-5.0,0.08,0.185,4.819250679543936,100,0.009949641079385976,0.05082582981888173
-5.0,0.08,0.192,4.806901398537258,99,0.009949641079120693,0.052188815476829964
-5.0,0.08,0.199,4.794602048838419,100,0.009949641079329797,0.05355240863587529
-5.0,0.08,0.20600000000000002,4.7823530156904,99,0.009949641079312694,0.054916570920434116
-5.0,0.08,0.21300000000000002,4.77015468670901,99,0.009949641079298537,0.05628126344671169
-5.0,0.08,0.22,4.758007451872284,100,0.00994964107925771,0.057646446821290054
-5.0,0.08700000000000001,0.08,4.99561342725345,29,0.009944780573792444,0.020377236608547955
-5.0,0.08700000000000001,0.08700000000000001,5.000000739600598,0,0.019899280686861483,0.00027184506979038847
-5.0,0.08700000000000001,0.094,4.996265550817082,183,0.009949641370456903,0.018555693713392607
-5.0,0.08700000000000001,0.101,4.986193659450567,136,0.009949641493163944,0.035198594377449655
-5.0,0.08700000000000001,0.10800000000000001,4.973316571015868,100,0.009949641075339485,0.03703996132573517
-5.0,0.08700000000000001,0.115,4.960481807759262,100,0.009949641080696044,0.03838763380431787
-5.0,0.08700000000000001,0.12200000000000001,4.947692959670349,100,0.00994964107774837,0.03973626487289461
-5.0,0.08700000000000001,0.129,4.934950383714499,100,0.009949641078957195,0.04108582172953401
-5.0,0.08700000000000001,0.136,4.922254439255206,100,0.009949641078875245,0.04243627109508841
-5.0,0.08700000000000001,0.14300000000000002,4.909605488051219,100,0.009949641078919045,0.04378757921073917
-5.0,0.08700000000000001,0.15000000000000002,4.897003894253009,100,0.009949641078657154,0.045139711835632035
-5.0,0.08700000000000001,0.15700000000000003,4.884450024398547,99,0.009949641078795575,0.046492634244605036
-5.0,0.08700000000000001,0.16400000000000003,4.8719442474084405,100,0.009949641078933522,0.04784631122601113
-5.0,0.08700000000000001,0.171,4.859486934580317,99,0.009949641079019403,0.049200707079637196
-5.0,0.08700000000000001,0.17800000000000002,4.847078459582512,99,0.009949641078993541,0.050555785614729176
-5.0,0.08700000000000001,0.185,4.834719198447014,100,0.009949641079086554,0.05191151014812101
-5.0,0.08700000000000001,0.192,4.822409529561636,100,0.009949641079005362,0.05326784350247482
-5.0,0.08700000000000001,0.199,4.81014983366142,100,0.009949641079100409,0.05462474800463568
-5.0,0.08700000000000001,0.20600000000000002,4.797940493819248,99,0.009949641079147984,0.055982185484103275
-5.0,0.08700000000000001,0.21300000000000002,4.785781895435622,100,0.009949641079074558,0.05734011727162569
-5.0,0.08700000000000001,0.22,4.773674426227621,100,0.009949641079240892,0.05869850419792222
-5.0,0.094,0.08,4.984164165266689,100,0.009949641073336407,0.03317884580291708
-5.0,0.094,0.08700000000000001,4.996265550817082,183,0.009949641370456903,0.018555693713392607
-5.0,0.094,0.094,5.000000863404783,199,0.019899280440478173,0.0002937080189376884
-5.0,0.094,0.101,4.996781554558774,55,0.00994964109029823,0.01743991291216984
-5.0,0.094,0.10800000000000001,4.988034465811404,111,0.00994964108284794,0.03289019032372065
-5.0,0.094,0.115,4.9755900342722565,100,0.00994964107833763,0.03952650692019832
-5.0,0.094,0.12200000000000001,4.962840119045783,99,0.009949641079216478,0.04086889224099455
-5.0,0.094,0.129,4.9501365348606985,99,0.009949641077678425,0.04221216612363066
-5.0,0.094,0.136,4.937479639330819,100,0.009949641078200826,0.04355629541124417
-5.0,0.094,0.14300000000000002,4.924869792425122,100,0.009949641079062516,0.04490124647528004
-5.0,0.094,0.15000000000000002,4.9123073564637565,100,0.009949641078729306,0.04624698521325776
-5.0,0.094,0.15700000000000003,4.899792696113356,100,0.009949641078731076,0.04759347704663652
-5.0,0.094,0.16400000000000003,4.887326178381692,100,0.00994964107866035,0.048940686918769516
-5.0,0.094,0.171,4.874908172611624,99,0.009949641079257132,0.05028857929296182
-5.0,0.094,0.17800000000000002,4.862539050474309,99,0.009949641078942107,0.05163711815062666
-5.0,0.094,0.185,4.850219185961696,99,0.009949641079525716,0.052986266989550335
-5.0,0.094,0.192,4.837948955378268,100,0.00994964107939322,0.05433598882226631
-5.0,0.094,0.199,4.825728737331991,99,0.009949641079216944,0.05568624617454443
-5.0,0.094,0.20600000000000002,4.81355891272448,100,0.009949641079237211,0.057037001083992234
-5.0,0.094,0.21300000000000002,4.801439864740385,99,0.009949641079410983,0.05838821509878678
-5.0,0.094,0.22,4.789371978835891,100,0.009949641079212777,0.059739849276523205
-5.0,0.101,0.08,4.971199740396218,100,0.00994964107750212,0.03453066969195373
-5.0,0.101,0.08700000000000001,4.986193659450567,136,0.009949641493163944,0.035198594377449655
-5.0,0.101,0.094,4.996781554558774,55,0.00994964109029823,0.01743991291216984
-5.0,0.101,0.101,5.000000996784979,0,0.0198992801750836,0.0003155695321053198
-5.0,0.101,0.10800000000000001,4.997198024099718,90,0.009949641080655373,0.016418402104934282
-5.0,0.101,0.115,4.989531031558487,61,0.00994964112332235,0.030656276766557244
-5.0,0.101,0.12200000000000001,4.978019915562866,100,0.009949641116323292,0.04199040664442688
-5.0,0.101,0.129,4.965355168192188,100,0.009949641075968307,0.04332743200164024
-5.0,0.101,0.136,4.952737164572389,100,0.009949641080796122,0.04466527634120787
-5.0,0.101,0.14300000000000002,4.94016626287736,100,0.009949641078570189,0.046003906168728514
-5.0,0.101,0.15000000000000002,4.9276428235920395,100,0.009949641079097453,0.04734328752389105
-5.0,0.101,0.15700000000000003,4.915167209507318,100,0.009949641079673452,0.04868338597846378
-5.0,0.101,0.16400000000000003,4.9027397857142265,99,0.009949641079525477,0.05002416663438325
-5.0,0.101,0.171,4.890360919597427,100,0.00994964107874154,0.05136559412193997
-5.0,0.101,0.17800000000000002,4.878030980827998,100,0.009949641079773712,0.05270763259806699
-5.0,0.101,0.185,4.865750341355496,99,0.009949641079331325,0.054050245744734715
-5.0,0.101,0.192,4.8535193753992445,99,0.00994964107959282,0.05539339676745314
-5.0,0.101,0.199,4.841338459438876,100,0.009949641079116016,0.05673704839389049
-5.0,0.101,0.20600000000000002,4.8292079722040855,100,0.009949641078992613,0.0580811628726049
-5.0,0.101,0.21300000000000002,4.817128294663571,99,0.009949641079109816,0.05942570197190111
-5.0,0.101,0.22,4.805099810013173,100,0.009949641079061163,0.06077062697880886
-5.0,0.10800000000000001,0.08,4.958280457980731,100,0.00994964107864034,0.03588355457503811
-5.0,0.10800000000000001,0.08700000000000001,4.973316571015868,100,0.009949641075339485,0.03703996132573506
-5.0,0.10800000000000001,0.094,4.988034465811404,111,0.00994964108284794,0.03289019032372065
-5.0,0.10800000000000001,0.101,4.997198024099718,90,0.009949641080655373,0.016418402104934504
-5.0,0.10800000000000001,0.10800000000000001,5.000001139741185,199,0.01989927990229107,0.00033742960932492405
-5.0,0.10800000000000001,0.115,4.9975394701160925,8,0.00994478062097896,0.015025235162150596
-5.0,0.10800000000000001,0.12200000000000001,4.990763495487065,187,0.009944780593321254,0.029283814126382368
-5.0,0.10800000000000001,0.129,4.9804867396225525,196,0.00994964124688778,0.041292845675455325
-5.0,0.10800000000000001,0.136,4.96802671715422,100,0.009949641075876153,0.045763357195296006
-5.0,0.10800000000000001,0.14300000000000002,4.955494601540115,100,0.009949641079287946,0.047095701604973006
-5.0,0.10800000000000001,0.15000000000000002,4.9430099977563975,100,0.00994964107848597,0.04842876207379254
-5.0,0.10800000000000001,0.15700000000000003,4.930573266714282,100,0.009949641078631576,0.049762504327341084
-5.0,0.10800000000000001,0.16400000000000003,4.9181847715846105,100,0.009949641078442107,0.0510968936295394
-5.0,0.10800000000000001,0.171,4.905844877790915,100,0.009949641078575227,0.05243189478095234
-5.0,0.10800000000000001,0.17800000000000002,4.89355395300178,100,0.0099496410790422,0.05376747211720512
-5.0,0.10800000000000001,0.185,4.8813123671224625,100,0.009949641079103993,0.05510358950750216
-5.0,0.10800000000000001,0.192,4.869120492285793,99,0.009949641079418004,0.056440210353256526
-5.0,0.10800000000000001,0.199,4.856978702842287,99,0.009949641079385976,0.05777729758683059
-5.0,0.10800000000000001,0.20600000000000002,4.84488737534951,100,0.009949641079048837,0.05911481367039473
-5.0,0.10800000000000001,0.21300000000000002,4.832846888560606,99,0.00994964107928133,0.060452720594905696
-5.0,0.10800000000000001,0.22,4.820857623412062,100,0.009949641079056252,0.06179097987920579
-5.0,0.115,0.08,4.94540667180801,100,0.009949641078225458,0.03723746850225851
-5.0,0.115,0.08700000000000001,4.960481807759262,100,0.009949641080696044,0.03838763380431787
-5.0,0.115,0.094,4.9755900342722565,100,0.00994964107833763,0.03952650692019832
-5.0,0.115,0.101,4.989531031558487,61,0.00994964112332235,0.030656276766557244
-5.0,0.115,0.10800000000000001,4.9975394701160925,8,0.00994478062097896,0.015025235162150596
-5.0,0.115,0.115,5.0000012922734,199,0.019899279598633583,0.0003592882506284756
-5.0,0.115,0.12200000000000001,4.99782081037202,151,0.009949641082158477,0.01460897911268666
-5.0,0.115,0.129,4.99179070772088,195,0.009944780562399174,0.027719518228613294
-5.0,0.115,0.136,4.9825916550236595,118,0.009949641082055108,0.03930356377238975
-5.0,0.115,0.14300000000000002,4.970854513602882,100,0.00994964110437717,0.04817677388233732
-5.0,0.115,0.15000000000000002,4.958408584156073,100,0.009949641078619184,0.04950354994474582
-5.0,0.115,0.15700000000000003,4.946010572971966,99,0.00994964107940299,0.050830973147282243
-5.0,0.115,0.16400000000000003,4.933660841298245,99,0.009949641079229948,0.05215900891907599
-5.0,0.115,0.171,4.921359752594836,100,0.00994964107965032,0.05348762223408088
-5.0,0.115,0.17800000000000002,4.909107672525862,100,0.009949641079474521,0.054816777609611345
-5.0,0.115,0.185,4.896904968950863,100,0.009949641079159015,0.05614643910498274
-5.0,0.115,0.192,4.884752011915282,99,0.009949641079452468,0.05747657032026243
-5.0,0.115,0.199,4.872649173640198,100,0.009949641079004942,0.05880713439513141
-5.0,0.115,0.20600000000000002,4.860596828511289,100,0.00994964107917538,0.060138094007861076
-5.0,0.115,0.21300000000000002,4.848595353066997,100,0.009949641078967102,0.06146941137441053
-5.0,0.115,0.22,4.836645125985898,100,0.009949641079011503,0.06280104824764698
-5.0,0.12200000000000001,0.08,4.932578738106885,100,0.009949641078887591,0.03859237904398227
-5.0,0.12200000000000001,0.08700000000000001,4.947692959670349,100,0.00994964107774837,0.03973626487289461
-5.0,0.12200000000000001,0.094,4.962840119045783,99,0.009949641079216478,0.04086889224099466
-5.0,0.12200000000000001,0.101,4.978019915562866,100,0.009949641116323292,0.04199040664442688
-5.0,0.12200000000000001,0.10800000000000001,4.990763495487065,187,0.009944780593321254,0.029283814126382257
-5.0,0.12200000000000001,0.115,4.99782081037202,151,0.009949641082158477,0.01460897911268666
-5.0,0.12200000000000001,0.12200000000000001,5.000001454381624,0,0.019899279264499404,0.0003811454560470606
-5.0,0.12200000000000001,0.129,4.9980581140515365,177,0.009949641253697177,0.013295552509805297
-5.0,0.12200000000000001,0.136,4.9926550553801325,16,0.009949641087838718,0.0261604840235099
-5.0,0.12200000000000001,0.14300000000000002,4.984374040294738,138,0.009949641081164733,0.03726315821831849
-5.0,0.12200000000000001,0.15000000000000002,4.973716495141325,117,0.009949641093386917,0.04756871257502149
-5.0,0.12200000000000001,0.15700000000000003,4.961478836592453,100,0.009949641082194292,0.05188893129794814
-5.0,0.12200000000000001,0.16400000000000003,4.949167703257188,100,0.009949641077443273,0.05321065131521352
-5.0,0.12200000000000001,0.171,4.93690525253064,100,0.009949641078689377,0.05453291523468329
-5.0,0.12200000000000001,0.17800000000000002,4.924691848070964,100,0.009949641079629727,0.05585568775818939
-5.0,0.12200000000000001,0.185,4.912527855690996,100,0.009949641078710582,0.057178933137867705
-5.0,0.12200000000000001,0.192,4.900413643348357,100,0.009949641079014535,0.0585026151750232
-5.0,0.12200000000000001,0.199,4.888349581134806,100,0.009949641078998967,0.059826697219110825
-5.0,0.12200000000000001,0.20600000000000002,4.8763360412648264,100,0.009949641079590196,0.06115114216682627
-5.0,0.12200000000000001,0.21300000000000002,4.864373398063436,100,0.009949641078914299,0.062475912461318006
-5.0,0.12200000000000001,0.22,4.852462027953178,100,0.009949641079396917,0.06380097009152075
-5.0,0.129,0.08,4.919797015546113,99,0.009949641078802439,0.039948253288101254
-5.0,0.129,0.08700000000000001,4.934950383714499,100,0.009949641078957195,0.04108582172953412
-5.0,0.129,0.094,4.9501365348606985,99,0.009949641077678425,0.042212166123630435
-5.0,0.129,0.101,4.965355168192188,100,0.009949641075968307,0.043327432001640465
-5.0,0.129,0.10800000000000001,4.9804867396225525,196,0.00994964124688778,0.0412928456754551
-5.0,0.129,0.115,4.99179070772088,195,0.009944780562399174,0.027719518228613516
-5.0,0.129,0.12200000000000001,4.9980581140515365,177,0.009949641253697177,0.013295552509805408
-5.0,0.129,0.129,5.000001626065855,199,0.019899278922837067,0.0004030012256125426
-5.0,0.129,0.136,4.998257537539663,5,0.009944780563594137,0.013253751405510772
-5.0,0.129,0.14300000000000002,4.99339009897296,184,0.009944780557693557,0.02479466980017797
-5.0,0.129,0.15000000000000002,4.985897333240064,54,0.009949641094449953,0.03581156917498096
-5.0,0.129,0.15700000000000003,4.976208948881602,147,0.009944780559249765,0.04533281911957687
-5.0,0.129,0.16400000000000003,4.964705068930047,99,0.009949641026529487,0.05425195746605327
-5.0,0.129,0.171,4.952481089207745,99,0.009949641079506756,0.055567910364223816
-5.0,0.129,0.17800000000000002,4.940306191416915,99,0.00994964108118708,0.05688433906634105
-5.0,0.129,0.185,4.9281807393231505,99,0.009949641079186278,0.058201208019904804
-5.0,0.129,0.192,4.916105098796242,100,0.009949641079053703,0.05951848122988135
-5.0,0.129,0.199,4.90407963779918,100,0.009949641079133528,0.06083612225779289
-5.0,0.129,0.20600000000000002,4.892104726376372,100,0.009949641078911293,0.062154094220920775
-5.0,0.129,0.21300000000000002,4.880180736641105,99,0.009949641079366965,0.06347235979162891
-5.0,0.129,0.22,4.868308042762206,100,0.009949641078889244,0.06479088119680576
-5.0,0.136,0.08,4.907061865232612,100,0.009949641078660774,0.04130505783735472
-5.0,0.136,0.08700000000000001,4.922254439255206,100,0.009949641078875245,0.04243627109508852
-5.0,0.136,0.094,4.937479639330819,100,0.009949641078200826,0.04355629541124417
-5.0,0.136,0.101,4.952737164572389,100,0.009949641080796122,0.04466527634120765
-5.0,0.136,0.10800000000000001,4.96802671715422,100,0.009949641075876153,0.045763357195296006
-5.0,0.136,0.115,4.9825916550236595,118,0.009949641082055108,0.03930356377238986
-5.0,0.136,0.12200000000000001,4.9926550553801325,16,0.009949641087838718,0.0261604840235099
-5.0,0.136,0.129,4.998257537539663,5,0.009944780563594137,0.013253751405510661
-5.0,0.136,0.136,5.000001807326094,199,0.019899278569919843,0.0004248555593558967
-5.0,0.136,0.14300000000000002,4.998427021814065,96,0.009949641079080102,0.012310922733190899
-5.0,0.136,0.15000000000000002,4.9940207549329925,6,0.009944780559689115,0.023797642126429985
-5.0,0.136,0.15700000000000003,4.9872075940676535,154,0.009949641094416775,0.03370693112486023
-5.0,0.136,0.16400000000000003,4.978363576693523,184,0.00994964109372341,0.04354469610282419
-5.0,0.136,0.171,4.967819812972172,57,0.009949641111435365,0.052347580532845495
-5.0,0.136,0.17800000000000002,4.955950417421403,100,0.009949641103248226,0.05790286589639104
-5.0,0.136,0.185,4.94386333492571,99,0.009949641077215727,0.05921339801664571
-5.0,0.136,0.192,4.931826093588206,100,0.009949641079723712,0.06052430264203634
-5.0,0.136,0.199,4.919839059244073,100,0.00994964107924704,0.06183554354828957
-5.0,0.136,0.20600000000000002,4.9079025997691845,100,0.009949641078940695,0.0631470840752798
-5.0,0.136,0.21300000000000002,4.896017085067207,100,0.00994964107901997,0.06445888712645831
-5.0,0.136,0.22,4.884182887055958,100,0.009949641079142427,0.0657709151683985
-5.0,0.14300000000000002,0.08,4.8943736507090705,99,0.009949641078844228,0.04266275880673975
-5.0,0.14300000000000002,0.08700000000000001,4.909605488051219,100,0.009949641078919045,0.04378757921073928
-5.0,0.14300000000000002,0.094,4.924869792425122,100,0.009949641079062516,0.04490124647528004
-5.0,0.14300000000000002,0.101,4.94016626287736,100,0.009949641078570189,0.0460039061687284
-5.0,0.14300000000000002,0.10800000000000001,4.955494601540115,100,0.009949641079287946,0.047095701604972895
-5.0,0.14300000000000002,0.115,4.970854513602882,100,0.00994964110437717,0.0481767738823371
-5.0,0.14300000000000002,0.12200000000000001,4.984374040294738,138,0.009949641081164733,0.03726315821831838
-5.0,0.14300000000000002,0.129,4.99339009897296,184,0.009944780557693557,0.02479466980017775
-5.0,0.14300000000000002,0.136,4.998427021814065,96,0.009949641079080102,0.012310922733190899
-5.0,0.14300000000000002,0.14300000000000002,5.000001998162337,0,0.019899278182419027,0.0004467084573097635
-5.0,0.14300000000000002,0.15000000000000002,4.99857480719686,14,0.009944780557902877,0.01205515127876744
-5.0,0.14300000000000002,0.15700000000000003,4.9945644321237745,3,0.00994478055660802,0.02252618661568695
-5.0,0.14300000000000002,0.16400000000000003,4.9883432199687645,192,0.00994478055766198,0.0323964535338096
-5.0,0.14300000000000002,0.171,4.980239876941304,198,0.009949641404553393,0.04195954702889515
-5.0,0.14300000000000002,0.17800000000000002,4.970541364397078,181,0.00994964108508851,0.050053603032124916
-5.0,0.14300000000000002,0.185,4.959506077268901,105,0.009944780573987518,0.05805757272310286
-5.0,0.14300000000000002,0.192,4.947576346139184,100,0.009949641092415121,0.06152021145186348
-5.0,0.14300000000000002,0.199,4.935627564184931,100,0.009949641079544942,0.06282509300442951
-5.0,0.14300000000000002,0.20600000000000002,4.923729380489913,100,0.009949641078734953,0.06413024350547891
-5.0,0.14300000000000002,0.21300000000000002,4.911882162750695,100,0.009949641079893006,0.06543562609127207
-5.0,0.14300000000000002,0.22,4.90008628063718,100,0.009949641078604998,0.06674120346965395
-5.0,0.15000000000000002,0.08,4.8817327379509114,100,0.00994964107886961,0.044021321821008264
-5.0,0.15000000000000002,0.08700000000000001,4.897003894253009,100,0.009949641078657154,0.0451397118356317
-5.0,0.15000000000000002,0.094,4.9123073564637565,100,0.009949641078729306,0.046246985213257874
-5.0,0.15000000000000002,0.101,4.9276428235920395,100,0.009949641079097453,0.04734328752389105
-5.0,0.15000000000000002,0.10800000000000001,4.9430099977563975,100,0.00994964107848597,0.04842876207379254
-5.0,0.15000000000000002,0.115,4.958408584156073,100,0.009949641078619184,0.04950354994474582
-5.0,0.15000000000000002,0.12200000000000001,4.973716495141325,117,0.009949641093386917,0.0475687125750216
-5.0,0.15000000000000002,0.129,4.985897333240064,54,0.009949641094449953,0.03581156917498107
-5.0,0.15000000000000002,0.136,4.9940207549329925,6,0.009944780559689115,0.023797642126429874
-5.0,0.15000000000000002,0.14300000000000002,4.99857480719686,14,0.009944780557902877,0.01205515127876744
-5.0,0.15000000000000002,0.15000000000000002,5.000002198574585,0,0.019899277783216516,0.0004685599195050072
-5.0,0.15000000000000002,0.15700000000000003,4.998702505352056,165,0.009949641084709953,0.010802146589019235
-5.0,0.15000000000000002,0.16400000000000003,4.995038539812562,76,0.009949641082120804,0.021837024536564664
-5.0,0.15000000000000002,0.171,4.989336161748967,168,0.009944780566818492,0.03148369801823947
-5.0,0.15000000000000002,0.17800000000000002,4.981881806006974,130,0.0099496410884156,0.03969371040178504
-5.0,0.15000000000000002,0.185,4.972932558285681,184,0.009949641091656207,0.04831171139643342
-5.0,0.15000000000000002,0.192,4.962717289435198,93,0.009949641082203363,0.05591591385871364
-5.0,0.15000000000000002,0.199,4.951435675012318,136,0.00994964115006984,0.06295824443931952
-5.0,0.15000000000000002,0.20600000000000002,4.9395847906751635,100,0.009949641081009436,0.06510370219571449
-5.0,0.15000000000000002,0.21300000000000002,4.927775692208229,99,0.009949641080419345,0.06640270621436506
-5.0,0.15000000000000002,0.22,4.916017946433736,100,0.009949641078164321,0.06770187546115225
-5.0,0.15700000000000003,0.08,4.869139495362558,99,0.00994964107906992,0.045380712012253355
-5.0,0.15700000000000003,0.08700000000000001,4.884450024398547,99,0.009949641078795575,0.046492634244605036
-5.0,0.15700000000000003,0.094,4.899792696113356,100,0.009949641078731076,0.04759347704663652
-5.0,0.15700000000000003,0.101,4.915167209507318,100,0.009949641079673452,0.04868338597846389
-5.0,0.15700000000000003,0.10800000000000001,4.930573266714282,100,0.009949641078631576,0.049762504327341084
-5.0,0.15700000000000003,0.115,4.946010572971966,99,0.00994964107940299,0.05083097314728202
-5.0,0.15700000000000003,0.12200000000000001,4.961478836592453,100,0.009949641082194292,0.05188893129794825
-5.0,0.15700000000000003,0.129,4.976208948881602,147,0.009944780559249765,0.045332819119577095
-5.0,0.15700000000000003,0.136,4.9872075940676535,154,0.009949641094416775,0.03370693112486034
-5.0,0.15700000000000003,0.14300000000000002,4.9945644321237745,3,0.00994478055660802,0.02252618661568695
-5.0,0.15700000000000003,0.15000000000000002,4.998702505352056,165,0.009949641084709953,0.010802146589019235
-5.0,0.15700000000000003,0.15700000000000003,5.000002408562835,199,0.019899277372190678,0.0004904099459732691
-5.0,0.15700000000000003,0.16400000000000003,4.99881325410482,181,0.009944780556796137,0.010329050012710783
-5.0,0.15700000000000003,0.171,4.995452719158301,13,0.009949641087869459,0.020972703160007766
-5.0,0.15700000000000003,0.17800000000000002,4.990206877334793,184,0.009944780606926065,0.030297559553238207
-5.0,0.15700000000000003,0.185,4.983326883703736,4,0.00994478056028722,0.03828273048756825
-5.0,0.15700000000000003,0.192,4.975044703305584,198,0.00994964108395207,0.04636146787632478
-5.0,0.15700000000000003,0.199,4.965562737962072,182,0.009944780558973998,0.05405922849847544
-5.0,0.15700000000000003,0.20600000000000002,4.955060051459617,25,0.009944780558810084,0.06080011027201471
-5.0,0.15700000000000003,0.21300000000000002,4.943697399030354,100,0.00994964002260428,0.06736025496458686
-5.0,0.15700000000000003,0.22,4.93197761046416,100,0.009949641084334368,0.06865305843871128
-5.0,0.16400000000000003,0.08,4.856594293773031,99,0.009949641079084541,0.04674089401759307
-5.0,0.16400000000000003,0.08700000000000001,4.8719442474084405,100,0.009949641078933522,0.04784631122601113
-5.0,0.16400000000000003,0.094,4.887326178381692,100,0.00994964107866035,0.04894068691876974
-5.0,0.16400000000000003,0.101,4.9027397857142265,99,0.009949641079525477,0.05002416663438325
-5.0,0.16400000000000003,0.10800000000000001,4.9181847715846105,100,0.009949641078442107,0.0510968936295394
-5.0,0.16400000000000003,0.115,4.933660841298245,99,0.009949641079229948,0.0521590089190761
-5.0,0.16400000000000003,0.12200000000000001,4.949167703257188,100,0.009949641077443273,0.0532106513152133
-5.0,0.16400000000000003,0.129,4.964705068930047,99,0.009949641026529487,0.05425195746605327
-5.0,0.16400000000000003,0.136,4.978363576693523,184,0.00994964109372341,0.04354469610282441
-5.0,0.16400000000000003,0.14300000000000002,4.9883432199687645,192,0.00994478055766198,0.03239645353380949
-5.0,0.16400000000000003,0.15000000000000002,4.995038539812562,76,0.009949641082120804,0.021837024536564664
-5.0,0.16400000000000003,0.15700000000000003,4.99881325410482,181,0.009944780556796137,0.010329050012710672
-5.0,0.16400000000000003,0.16400000000000003,5.000002628127087,0,0.01989926009165801,0.0005122585367466348
-5.0,0.16400000000000003,0.171,4.998911332749391,18,0.009944780576748757,0.010772076645923279
-5.0,0.16400000000000003,0.17800000000000002,4.9958160197874335,169,0.009944780556157011,0.019930880479231305
-5.0,0.16400000000000003,0.185,4.990972950302294,140,0.009944780555299775,0.02883203030014514
-5.0,0.16400000000000003,0.192,4.984607066518318,7,0.009944780558109908,0.03730782065327787
-5.0,0.16400000000000003,0.199,4.976920826779273,147,0.009949641100704907,0.04445598424545616
-5.0,0.16400000000000003,0.20600000000000002,4.968095964557087,141,0.009949641083173987,0.051731226684202714
-5.0,0.16400000000000003,0.21300000000000002,4.958295075531377,119,0.009944780557028375,0.0587059873434268
-5.0,0.16400000000000003,0.22,4.947664944376903,20,0.009944780558476507,0.0652291751545776
-5.0,0.171,0.08,4.844097506430828,100,0.009949641079065163,0.0481018319769535
-5.0,0.171,0.08700000000000001,4.859486934580317,99,0.009949641079019403,0.049200707079637196
-5.0,0.171,0.094,4.874908172611624,99,0.009949641079257132,0.05028857929296182
-5.0,0.171,0.101,4.890360919597427,100,0.00994964107874154,0.05136559412193986
-5.0,0.171,0.10800000000000001,4.905844877790915,100,0.009949641078575227,0.05243189478095256
-5.0,0.171,0.115,4.921359752594836,100,0.00994964107965032,0.05348762223408088
-5.0,0.171,0.12200000000000001,4.93690525253064,100,0.009949641078689377,0.0545329152346834
-5.0,0.171,0.129,4.952481089207745,99,0.009949641079506756,0.055567910364223816
-5.0,0.171,0.136,4.967819812972172,57,0.009949641111435365,0.05234758053284572
-5.0,0.171,0.14300000000000002,4.980239876941304,198,0.009949641404553393,0.04195954702889515
-5.0,0.171,0.15000000000000002,4.989336161748967,168,0.009944780566818492,0.03148369801823969
-5.0,0.171,0.15700000000000003,4.995452719158301,13,0.009949641087869459,0.020972703160007766
-5.0,0.171,0.16400000000000003,4.998911332749391,18,0.009944780576748757,0.01077207664592339
-5.0,0.171,0.171,5.000002857267342,0,0.019899276472861046,0.0005341056918563014
-5.0,0.171,0.17800000000000002,4.998995473859447,73,0.009949641079521851,0.010170862252930402
-5.0,0.171,0.185,4.996139775551584,22,0.009949641081274566,0.018709220683540195
-5.0,0.171,0.192,4.991655546306154,109,0.009949641079800859,0.0280414313477938
-5.0,0.171,0.199,4.985745597534528,31,0.009944780555887161,0.03605735094973239
-5.0,0.171,0.20600000000000002,4.9785931129954974,174,0.009949641184954604,0.04364889074275713
-5.0,0.171,0.21300000000000002,4.97035989431345,198,0.009944780564744016,0.04997333353364708
-5.0,0.171,0.22,4.9611946019514965,11,0.009944780556763016,0.057133665913248755
-5.0,0.17800000000000002,0.08,4.831649508998075,99,0.009949641079090372,0.049463489530950366
-5.0,0.17800000000000002,0.08700000000000001,4.847078459582512,99,0.009949641078993541,0.050555785614729176
-5.0,0.17800000000000002,0.094,4.862539050474309,99,0.009949641078942107,0.05163711815062666
-5.0,0.17800000000000002,0.101,4.878030980827998,100,0.009949641079773712,0.05270763259806721
-5.0,0.17800000000000002,0.10800000000000001,4.89355395300178,100,0.0099496410790422,0.053767472117204895
-5.0,0.17800000000000002,0.115,4.909107672525862,100,0.009949641079474521,0.054816777609611345
-5.0,0.17800000000000002,0.12200000000000001,4.924691848070964,100,0.009949641079629727,0.0558556877581895
-5.0,0.17800000000000002,0.129,4.940306191416915,99,0.00994964108118708,0.05688433906634094
-5.0,0.17800000000000002,0.136,4.955950417421403,100,0.009949641103248226,0.05790286589639104
-5.0,0.17800000000000002,0.14300000000000002,4.970541364397078,181,0.00994964108508851,0.050053603032124805
-5.0,0.17800000000000002,0.15000000000000002,4.981881806006974,130,0.0099496410884156,0.039693710401785265
-5.0,0.17800000000000002,0.15700000000000003,4.990206877334793,184,0.009944780606926065,0.030297559553237985
-5.0,0.17800000000000002,0.16400000000000003,4.9958160197874335,169,0.009944780556157011,0.019930880479231194
-5.0,0.17800000000000002,0.171,4.998995473859447,73,0.009949641079521851,0.010170862252930513
-5.0,0.17800000000000002,0.17800000000000002,5.000003095983595,199,0.019899275997809114,0.0005559514113340214
-5.0,0.17800000000000002,0.185,4.999070606611207,129,0.009949641079916492,0.009482010129239882
-5.0,0.17800000000000002,0.192,4.996424587316336,5,0.009944780557408021,0.01836791503029278
-5.0,0.17800000000000002,0.199,4.992262632904103,159,0.009949641081356538,0.027075436212130044
-5.0,0.17800000000000002,0.20600000000000002,4.986760683301272,184,0.009944780555797379,0.0345248935321002
-5.0,0.17800000000000002,0.21300000000000002,4.980087845155003,46,0.009949641080193417,0.04168544815313313
-5.0,0.17800000000000002,0.22,4.972390703786062,147,0.009949641080659126,0.04847674461120188
-5.0,0.185,0.08,4.819250679543936,100,0.009949641079385976,0.05082582981888162
-5.0,0.185,0.08700000000000001,4.834719198447014,100,0.009949641079086554,0.05191151014812101
-5.0,0.185,0.094,4.850219185961696,99,0.009949641079525716,0.05298626698955056
-5.0,0.185,0.101,4.865750341355496,99,0.009949641079331325,0.054050245744734715
-5.0,0.185,0.10800000000000001,4.8813123671224625,100,0.009949641079103993,0.05510358950750227
-5.0,0.185,0.115,4.896904968950863,100,0.009949641079159015,0.056146439104982626
-5.0,0.185,0.12200000000000001,4.912527855690996,100,0.009949641078710582,0.057178933137867705
-5.0,0.185,0.129,4.9281807393231505,99,0.009949641079186278,0.05820120801990447
-5.0,0.185,0.136,4.94386333492571,99,0.009949641077215727,0.059213398016645935
-5.0,0.185,0.14300000000000002,4.959506077268901,105,0.009944780573987518,0.05805757272310286
-5.0,0.185,0.15000000000000002,4.972932558285681,184,0.009949641091656207,0.04831171139643342
-5.0,0.185,0.15700000000000003,4.983326883703736,4,0.00994478056028722,0.03828273048756825
-5.0,0.185,0.16400000000000003,4.990972950302294,140,0.009944780555299775,0.02883203030014514
-5.0,0.185,0.171,4.996139775551584,22,0.009949641081274566,0.018709220683540195
-5.0,0.185,0.17800000000000002,4.999070606611207,129,0.009949641079916492,0.00948201012923977
-5.0,0.185,0.185,5.0000033442758465,199,0.019899275507784194,0.0005777956952115471
-5.0,0.185,0.192,4.999140467014041,26,0.009944780557461527,0.008704949504452553
-5.0,0.185,0.199,4.9966807657843235,187,0.009949641080644838,0.01794182552749124
-5.0,0.185,0.20600000000000002,4.992804331147386,191,0.00994478055505364,0.02593143003528675
-5.0,0.185,0.21300000000000002,4.987674032064026,108,0.00994964107994781,0.03371743741415678
-5.0,0.185,0.22,4.981433475922261,16,0.00994964108157536,0.040262644705519546
-5.0,0.192,0.08,4.806901398537258,99,0.009949641079120693,0.052188815476829964
-5.0,0.192,0.08700000000000001,4.822409529561636,100,0.009949641079005362,0.05326784350247482
-5.0,0.192,0.094,4.837948955378268,100,0.00994964107939322,0.05433598882226642
-5.0,0.192,0.101,4.8535193753992445,99,0.00994964107959282,0.05539339676745314
-5.0,0.192,0.10800000000000001,4.869120492285793,99,0.009949641079418004,0.056440210353256415
-5.0,0.192,0.115,4.884752011915282,99,0.009949641079452468,0.05747657032026221
-5.0,0.192,0.12200000000000001,4.900413643348357,100,0.009949641079014535,0.05850261517502331
-5.0,0.192,0.129,4.916105098796242,100,0.009949641079053703,0.05951848122988124
-5.0,0.192,0.136,4.931826093588206,100,0.009949641079723712,0.06052430264203634
-5.0,0.192,0.14300000000000002,4.947576346139184,100,0.009949641092415121,0.06152021145186348
-5.0,0.192,0.15000000000000002,4.962717289435198,93,0.009949641082203363,0.05591591385871364
-5.0,0.192,0.15700000000000003,4.975044703305584,198,0.00994964108395207,0.046361467876325
-5.0,0.192,0.16400000000000003,4.984607066518318,7,0.009944780558109908,0.03730782065327787
-5.0,0.192,0.171,4.991655546306154,109,0.009949641079800859,0.02804143134779369
-5.0,0.192,0.17800000000000002,4.996424587316336,5,0.009944780557408021,0.01836791503029278
-5.0,0.192,0.185,4.999140467014041,26,0.009944780557461527,0.008704949504452553
-5.0,0.192,0.192,5.000003602144094,199,0.019899274994371066,0.0005996385435205198
-5.0,0.192,0.199,4.999199305478955,26,0.00994478055625681,0.00902374280084961
-5.0,0.192,0.20600000000000002,4.996910535416552,103,0.009949641079436364,0.017430402176453086
-5.0,0.192,0.21300000000000002,4.993293181449971,48,0.00994964108028702,0.02460678720256715
-5.0,0.192,0.22,4.988495688138009,105,0.009949641079289036,0.03273530322391527
-5.0,0.199,0.08,4.794602048838419,100,0.009949641079329797,0.053552408635875515
-5.0,0.199,0.08700000000000001,4.81014983366142,100,0.009949641079100409,0.05462474800463568
-5.0,0.199,0.094,4.825728737331991,99,0.009949641079216944,0.05568624617454443
-5.0,0.199,0.101,4.841338459438876,100,0.009949641079116016,0.05673704839389049
-5.0,0.199,0.10800000000000001,4.856978702842287,99,0.009949641079385976,0.05777729758683059
-5.0,0.199,0.115,4.872649173640198,100,0.009949641079004942,0.05880713439513163
-5.0,0.199,0.12200000000000001,4.888349581134806,100,0.009949641078998967,0.05982669721911105
-5.0,0.199,0.129,4.90407963779918,100,0.009949641079133528,0.06083612225779278
-5.0,0.199,0.136,4.919839059244073,100,0.00994964107924704,0.06183554354828957
-5.0,0.199,0.14300000000000002,4.935627564184931,100,0.009949641079544942,0.06282509300442951
-5.0,0.199,0.15000000000000002,4.951435675012318,136,0.00994964115006984,0.0629582444393193
-5.0,0.199,0.15700000000000003,4.965562737962072,182,0.009944780558973998,0.05405922849847555
-5.0,0.199,0.16400000000000003,4.976920826779273,147,0.009949641100704907,0.04445598424545616
-5.0,0.199,0.171,4.985745597534528,31,0.009944780555887161,0.0360573509497325
-5.0,0.199,0.17800000000000002,4.992262632904103,159,0.009949641081356538,0.027075436212130044
-5.0,0.199,0.185,4.9966807657843235,187,0.009949641080644838,0.01794182552749124
-5.0,0.199,0.192,4.999199305478955,26,0.00994478055625681,0.00902374280084961
-5.0,0.199,0.199,5.000003869588337,0,0.019899274458417424,0.000621479956292581
-5.0,0.199,0.20600000000000002,4.9992551322649454,30,0.009949641079898212,0.008116281349627052
-5.0,0.199,0.21300000000000002,4.997116623700685,185,0.00994478055484608,0.016833063333116627
-5.0,0.199,0.22,4.993732164280851,169,0.009944780555686825,0.024265932268894286
-5.0,0.20600000000000002,0.08,4.7823530156904,99,0.009949641079312694,0.054916570920434116
-5.0,0.20600000000000002,0.08700000000000001,4.797940493819248,99,0.009949641079147984,0.055982185484103164
-5.0,0.20600000000000002,0.094,4.81355891272448,100,0.009949641079237211,0.057037001083992234
-5.0,0.20600000000000002,0.101,4.8292079722040855,100,0.009949641078992613,0.0580811628726049
-5.0,0.20600000000000002,0.10800000000000001,4.84488737534951,100,0.009949641079048837,0.05911481367039473
-5.0,0.20600000000000002,0.115,4.860596828511289,100,0.00994964107917538,0.060138094007860965
-5.0,0.20600000000000002,0.12200000000000001,4.8763360412648264,100,0.009949641079590196,0.06115114216682649
-5.0,0.20600000000000002,0.129,4.892104726376372,100,0.009949641078911293,0.062154094220920664
-5.0,0.20600000000000002,0.136,4.9079025997691845,100,0.009949641078940695,0.06314708407527969
-5.0,0.20600000000000002,0.14300000000000002,4.923729380489913,100,0.009949641078734953,0.06413024350547891
-5.0,0.20600000000000002,0.15000000000000002,4.9395847906751635,100,0.009949641081009436,0.06510370219571471
-5.0,0.20600000000000002,0.15700000000000003,4.955060051459617,25,0.009944780558810084,0.060800110272014596
-5.0,0.20600000000000002,0.16400000000000003,4.968095964557087,141,0.009949641083173987,0.051731226684202714
-5.0,0.20600000000000002,0.171,4.9785931129954974,174,0.009949641184954604,0.04364889074275702
-5.0,0.20600000000000002,0.17800000000000002,4.986760683301272,184,0.009944780555797379,0.0345248935321002
-5.0,0.20600000000000002,0.185,4.992804331147386,191,0.00994478055505364,0.02593143003528653
-5.0,0.20600000000000002,0.192,4.996910535416552,103,0.009949641079436364,0.017430402176452975
-5.0,0.20600000000000002,0.199,4.9992551322649454,30,0.009949641079898212,0.008116281349627275
-5.0,0.20600000000000002,0.20600000000000002,5.000004146608572,199,0.019899273910672293,0.000643319933559261
-5.0,0.20600000000000002,0.21300000000000002,4.999302602080959,30,0.009949641080440802,0.008393242903826148
-5.0,0.20600000000000002,0.22,4.997302262278527,192,0.009949641079737613,0.016149195466460098
-5.0,0.21300000000000002,0.08,4.77015468670901,99,0.009949641079298537,0.05628126344671169
-5.0,0.21300000000000002,0.08700000000000001,4.785781895435622,100,0.009949641079074558,0.0573401172716258
-5.0,0.21300000000000002,0.094,4.801439864740385,99,0.009949641079410983,0.05838821509878678
-5.0,0.21300000000000002,0.101,4.817128294663571,99,0.009949641079109816,0.05942570197190111
-5.0,0.21300000000000002,0.10800000000000001,4.832846888560606,99,0.00994964107928133,0.060452720594905474
-5.0,0.21300000000000002,0.115,4.848595353066997,100,0.009949641078967102,0.06146941137441064
-5.0,0.21300000000000002,0.12200000000000001,4.864373398063436,100,0.009949641078914299,0.06247591246131823
-5.0,0.21300000000000002,0.129,4.880180736641105,99,0.009949641079366965,0.0634723597916288
-5.0,0.21300000000000002,0.136,4.896017085067207,100,0.00994964107901997,0.06445888712645809
-5.0,0.21300000000000002,0.14300000000000002,4.911882162750695,100,0.009949641079893006,0.06543562609127207
-5.0,0.21300000000000002,0.15000000000000002,4.927775692208229,99,0.009949641080419345,0.06640270621436506
-5.0,0.21300000000000002,0.15700000000000003,4.943697399030354,100,0.00994964002260428,0.06736025496458697
-5.0,0.21300000000000002,0.16400000000000003,4.958295075531377,119,0.009944780557028375,0.05870598734342658
-5.0,0.21300000000000002,0.171,4.97035989431345,198,0.009944780564744016,0.04997333353364708
-5.0,0.21300000000000002,0.17800000000000002,4.980087845155003,46,0.009949641080193417,0.04168544815313313
-5.0,0.21300000000000002,0.185,4.987674032064026,108,0.00994964107994781,0.03371743741415678
-5.0,0.21300000000000002,0.192,4.993293181449971,48,0.00994964108028702,0.024606787202567038
-5.0,0.21300000000000002,0.199,4.997116623700685,185,0.00994478055484608,0.016833063333116627
-5.0,0.21300000000000002,0.20600000000000002,4.999302602080959,30,0.009949641080440802,0.008393242903826037
-5.0,0.21300000000000002,0.21300000000000002,5.0000044332048015,199,0.019899273339921832,0.0006651584753527562
-5.0,0.21300000000000002,0.22,4.999350927473295,72,0.009949641083618907,0.007354347783801396
-5.0,0.22,0.08,4.758007451872284,100,0.00994964107925771,0.057646446821290054
-5.0,0.22,0.08700000000000001,4.773674426227621,100,0.009949641079240892,0.05869850419792222
-5.0,0.22,0.094,4.789371978835891,100,0.009949641079212777,0.059739849276523316
-5.0,0.22,0.101,4.805099810013173,100,0.009949641079061163,0.06077062697880864
-5.0,0.22,0.10800000000000001,4.820857623412062,100,0.009949641079056252,0.0617909798792059
-5.0,0.22,0.115,4.836645125985898,100,0.009949641079011503,0.06280104824764687
-5.0,0.22,0.12200000000000001,4.852462027953178,100,0.009949641079396917,0.06380097009152075
-5.0,0.22,0.129,4.868308042762206,100,0.009949641078889244,0.06479088119680576
-5.0,0.22,0.136,4.884182887055958,100,0.009949641079142427,0.0657709151683985
-5.0,0.22,0.14300000000000002,4.90008628063718,100,0.009949641078604998,0.06674120346965418
-5.0,0.22,0.15000000000000002,4.916017946433736,100,0.009949641078164321,0.06770187546115225
-5.0,0.22,0.15700000000000003,4.93197761046416,100,0.009949641084334368,0.06865305843871128
-5.0,0.22,0.16400000000000003,4.947664944376903,20,0.009944780558476507,0.0652291751545776
-5.0,0.22,0.171,4.9611946019514965,11,0.009944780556763016,0.057133665913248755
-5.0,0.22,0.17800000000000002,4.972390703786062,147,0.009949641080659126,0.04847674461120177
-5.0,0.22,0.185,4.981433475922261,16,0.00994964108157536,0.040262644705519546
-5.0,0.22,0.192,4.988495688138009,105,0.009949641079289036,0.03273530322391516
-5.0,0.22,0.199,4.993732164280851,169,0.009944780555686825,0.024265932268894175
-5.0,0.22,0.20600000000000002,4.997302262278527,192,0.009949641079737613,0.016149195466460098
-5.0,0.22,0.21300000000000002,4.999350927473295,72,0.009949641083618907,0.007354347783801285
-5.0,0.22,0.22,5.000004729377022,0,0.019899272747502732,0.0006869955817040418
-4.0,0.08,0.08,4.000000781715503,0,0.01989928021416756,0.0003124465467118087
-4.0,0.08,0.08700000000000001,3.996490710610998,183,0.007462686569884578,0.02026053129536709
-4.0,0.08,0.094,3.987114979722354,142,0.00994964110739429,0.0378265890431857
-4.0,0.08,0.101,3.9745209269669757,100,0.009949641078470647,0.04264307118307564
-4.0,0.08,0.10800000000000001,3.961884831739934,100,0.009949641078701487,0.04431622339460639
-4.0,0.08,0.115,3.9493075405107247,100,0.009949641078703515,0.045990618457449894
-4.0,0.08,0.12200000000000001,3.936789616882029,100,0.009949641078650323,0.04766619001881156
-4.0,0.08,0.129,3.9243316289703163,100,0.00994964107864478,0.04934287058019515
-4.0,0.08,0.136,3.911934149391431,100,0.009949641079071979,0.051020591491581335
-4.0,0.08,0.14300000000000002,3.8995977552440313,100,0.00994964107899415,0.05269928294598791
-4.0,0.08,0.15000000000000002,3.887323028090807,100,0.009949641078933542,0.054378873974425534
-4.0,0.08,0.15700000000000003,3.87511055393743,100,0.009949641079285646,0.05605929244127217
-4.0,0.08,0.16400000000000003,3.8629609232091413,100,0.00994964107933745,0.05774046504007768
-4.0,0.08,0.171,3.8508747307249247,100,0.009949641079052803,0.059422317289825055
-4.0,0.08,0.17800000000000002,3.838852575669204,100,0.009949641079431802,0.06110477353165855
-4.0,0.08,0.185,3.8268950615609736,99,0.009949641079290153,0.06278775692610017
-4.0,0.08,0.192,3.815002796220319,99,0.009949641079246846,0.06447118945077779
-4.0,0.08,0.199,3.803176391732221,100,0.009949641079058661,0.06615499189867691
-4.0,0.08,0.20600000000000002,3.7914164644076163,100,0.009949641079140458,0.06783908387694237
-4.0,0.08,0.21300000000000002,3.7797236347416154,99,0.009949641079329377,0.06952338380624112
-4.0,0.08,0.22,3.7680985273688057,100,0.009949641079189324,0.07120780892071732
-4.0,0.08700000000000001,0.08,3.996490710610998,183,0.007462686569884578,0.020260531295367312
-4.0,0.08700000000000001,0.08700000000000001,4.00000092450071,199,0.019899279870903053,0.0003397716752894242
-4.0,0.08700000000000001,0.094,3.997012274469634,193,0.009944780555337377,0.018958086523346074
-4.0,0.08700000000000001,0.101,3.988955257450911,145,0.009944780568416328,0.035366036815307256
-4.0,0.08700000000000001,0.10800000000000001,3.9771682709591305,100,0.009949641083283209,0.045690189226639366
-4.0,0.08700000000000001,0.115,3.964639464703942,100,0.00994964107813546,0.04735476332194899
-4.0,0.08700000000000001,0.12200000000000001,3.952170103012172,99,0.009949641079126558,0.04902044464956323
-4.0,0.08700000000000001,0.129,3.9397607503108487,100,0.009949641078808647,0.050687166090985114
-4.0,0.08700000000000001,0.136,3.927411975427068,99,0.00994964107975066,0.052354859401254394
-4.0,0.08700000000000001,0.14300000000000002,3.9151243515701233,100,0.009949641078920152,0.05402345520398755
-4.0,0.08700000000000001,0.15000000000000002,3.9028984563114335,100,0.009949641079014153,0.05569288298681907
-4.0,0.08700000000000001,0.15700000000000003,3.8907348715622287,99,0.00994964107957807,0.05736307109724881
-4.0,0.08700000000000001,0.16400000000000003,3.8786341835488836,99,0.009949641079351665,0.05903394673892448
-4.0,0.08700000000000001,0.171,3.866596982785878,100,0.009949641079007842,0.06070543596837552
-4.0,0.08700000000000001,0.17800000000000002,3.8546238640462933,99,0.009949641079223704,0.062377463692205426
-4.0,0.08700000000000001,0.185,3.842715426329781,100,0.009949641079221447,0.06404995366477595
-4.0,0.08700000000000001,0.192,3.8308722728279445,99,0.00994964107936526,0.06572282848639188
-4.0,0.08700000000000001,0.199,3.8190950108870565,100,0.009949641079088793,0.06739600960200454
-4.0,0.08700000000000001,0.20600000000000002,3.8073842519680414,100,0.009949641079068521,0.06906941730045746
-4.0,0.08700000000000001,0.21300000000000002,3.7957406116036774,100,0.009949641079170995,0.0707429707142927
-4.0,0.08700000000000001,0.22,3.7841647093529174,99,0.009949641079310657,0.07241658782013038
-4.0,0.094,0.08,3.987114979722354,142,0.00994964110739429,0.0378265890431857
-4.0,0.094,0.08700000000000001,3.997012274469634,193,0.009944780555337377,0.018958086523346074
-4.0,0.094,0.094,4.000001079255926,199,0.019899279483737743,0.0003670945602529674
-4.0,0.094,0.101,3.997425907414155,159,0.00994964108211122,0.01774304458020548
-4.0,0.094,0.10800000000000001,3.9904280009407223,171,0.009949641108523396,0.03308477168169388
-4.0,0.094,0.115,3.9799597740004393,195,0.009949641167658431,0.046509864892295694
-4.0,0.094,0.12200000000000001,3.9675897428020073,100,0.00994964108106962,0.05035804520826015
-4.0,0.094,0.129,3.955228768824172,99,0.009949641081382705,0.05201488071305349
-4.0,0.094,0.136,3.9429284382007777,100,0.009949641078242205,0.05367262125101391
-4.0,0.094,0.14300000000000002,3.930689320246748,100,0.009949641079536638,0.05533119788554741
-4.0,0.094,0.15000000000000002,3.918511988538844,100,0.009949641079080973,0.05699054056963848
-4.0,0.094,0.15700000000000003,3.9063970208921197,100,0.00994964107955013,0.05865057814216368
-4.0,0.094,0.16400000000000003,3.8943449993340846,100,0.009949641078949342,0.06031123832462337
-4.0,0.094,0.171,3.882356510076494,99,0.009949641078995826,0.06197244771832655
-4.0,0.094,0.17800000000000002,3.8704321434847104,100,0.009949641079013518,0.06363413180203303
-4.0,0.094,0.185,3.8585724940445703,99,0.009949641079134628,0.06529621493007964
-4.0,0.094,0.192,3.8467781603266933,100,0.009949641079023408,0.0669586203309972
-4.0,0.094,0.199,3.83504974494815,99,0.009949641079420275,0.0686212701066492
-4.0,0.094,0.20600000000000002,3.823387854531464,100,0.009949641079076744,0.07028408523189955
-4.0,0.094,0.21300000000000002,3.8117930996608314,100,0.009949641079325305,0.07194698555483348
-4.0,0.094,0.22,3.800266094835535,100,0.009949641079057539,0.07360988979754635
-4.0,0.101,0.08,3.9745209269669757,100,0.009949641078470647,0.042643071183075754
-4.0,0.101,0.08700000000000001,3.988955257450911,145,0.009944780568416328,0.035366036815307256
-4.0,0.101,0.094,3.997425907414155,159,0.00994964108211122,0.01774304458020548
-4.0,0.101,0.101,4.000001245981154,0,0.019899279059349725,0.00039441520166416666
-4.0,0.101,0.10800000000000001,3.997758936580711,48,0.009949641088526858,0.016069888844532754
-4.0,0.101,0.115,3.9916253198141347,195,0.00994478062951133,0.030552444462390693
-4.0,0.101,0.12200000000000001,3.9823809704144133,181,0.009949641084404897,0.043831198626931855
-4.0,0.101,0.129,3.9707352299379295,100,0.009949641099533712,0.05332628462186373
-4.0,0.101,0.136,3.9584830833677014,99,0.00994964107939808,0.05497414707567172
-4.0,0.101,0.14300000000000002,3.9462922072291713,100,0.009949641078710573,0.05662278084964134
-4.0,0.101,0.15000000000000002,3.9341631711023997,100,0.009949641079198988,0.05827211637020402
-4.0,0.101,0.15700000000000003,3.922096548705892,99,0.00994964107918011,0.05992208297522594
-4.0,0.101,0.16400000000000003,3.9100929178696293,99,0.009949641079811257,0.061572608911183546
-4.0,0.101,0.171,3.8981528605057516,100,0.009949641078933943,0.06322362133077364
-4.0,0.101,0.17800000000000002,3.8862769625768436,100,0.00994964107891514,0.06487504629098528
-4.0,0.101,0.185,3.874465814061752,100,0.009949641079036647,0.0665268087516443
-4.0,0.101,0.192,3.8627200089188802,100,0.009949641078957383,0.06817883257444879
-4.0,0.101,0.199,3.8510401450468836,100,0.009949641079128393,0.06983104052251699
-4.0,0.101,0.20600000000000002,3.8394268242427234,100,0.009949641079188628,0.0714833542604546
-4.0,0.101,0.21300000000000002,3.8278806521569844,100,0.00994964107931995,0.07313569435497369
-4.0,0.101,0.22,3.8164022382464315,100,0.00994964107909518,0.0747879802760637
-4.0,0.10800000000000001,0.08,3.961884831739934,100,0.009949641078701487,0.04431622339460617
-4.0,0.10800000000000001,0.08700000000000001,3.9771682709591305,100,0.009949641083283209,0.04569018922663948
-4.0,0.10800000000000001,0.094,3.9904280009407223,171,0.009949641108523396,0.03308477168169388
-4.0,0.10800000000000001,0.101,3.997758936580711,48,0.009949641088526858,0.016069888844532976
-4.0,0.10800000000000001,0.10800000000000001,4.000001424676389,199,0.019899278621872296,0.0004217335995845284
-4.0,0.10800000000000001,0.115,3.9980311509372846,162,0.009949641081342888,0.015534697352597604
-4.0,0.10800000000000001,0.12200000000000001,3.992610327676129,183,0.00994964108235474,0.029033208953574086
-4.0,0.10800000000000001,0.129,3.9843892528169578,138,0.009949641078964984,0.04141849651181451
-4.0,0.10800000000000001,0.136,3.97392041786705,20,0.009944780572881362,0.05265887563462368
-4.0,0.10800000000000001,0.14300000000000002,3.9619325645276824,100,0.009949641077390995,0.05789846866580195
-4.0,0.10800000000000001,0.15000000000000002,3.949851556436737,99,0.009949641078349548,0.05953787472415484
-4.0,0.10800000000000001,0.15700000000000003,3.9378330079369674,100,0.00994964107855412,0.061177849662401695
-4.0,0.10800000000000001,0.16400000000000003,3.92587749266345,100,0.009949641079287756,0.06281832225851058
-4.0,0.10800000000000001,0.171,3.9139855882330994,100,0.009949641079297864,0.06445922022257367
-4.0,0.10800000000000001,0.17800000000000002,3.90215787621192,99,0.009949641079637882,0.0661004701952842
-4.0,0.10800000000000001,0.185,3.8903949420798436,100,0.009949641079078196,0.0677419977468845
-4.0,0.10800000000000001,0.192,3.878697375193056,100,0.009949641078974466,0.06938372737659682
-4.0,0.10800000000000001,0.199,3.867065768743785,100,0.00994964107911752,0.07102558251255808
-4.0,0.10800000000000001,0.20600000000000002,3.855500719717453,100,0.009949641079034139,0.0726674855122722
-4.0,0.10800000000000001,0.21300000000000002,3.8440028288471657,100,0.009949641078973436,0.0743093576635987
-4.0,0.10800000000000001,0.22,3.832572700565458,100,0.009949641079064457,0.0759511191862946
-4.0,0.115,0.08,3.9493075405107247,100,0.009949641078703515,0.045990618457450116
-4.0,0.115,0.08700000000000001,3.964639464703942,100,0.00994964107813546,0.04735476332194877
-4.0,0.115,0.094,3.9799597740004393,195,0.009949641167658431,0.046509864892295694
-4.0,0.115,0.101,3.9916253198141347,195,0.00994478062951133,0.030552444462390693
-4.0,0.115,0.10800000000000001,3.9980311509372846,162,0.009949641081342888,0.015534697352597715
-4.0,0.115,0.115,4.000001615341634,0,0.019899278140598428,0.00044904975407633607
-4.0,0.115,0.12200000000000001,3.9982574225570997,5,0.009944780561803666,0.014783460556064276
-4.0,0.115,0.129,3.9934324226962135,15,0.009944780559032421,0.027687548354730862
-4.0,0.115,0.136,3.986073484753066,12,0.009944780559104196,0.03938588084230343
-4.0,0.115,0.14300000000000002,3.976650045839613,118,0.009949641081615375,0.049786762986913424
-4.0,0.115,0.15000000000000002,3.9655620430604324,84,0.00994964103952972,0.05965404931254925
-4.0,0.115,0.15700000000000003,3.953605957593207,100,0.009949641080957623,0.06241813705511556
-4.0,0.115,0.16400000000000003,3.941698283344385,100,0.009949641078232672,0.06404863689229556
-4.0,0.115,0.171,3.929854253584351,100,0.009949641078452292,0.06567950255741506
-4.0,0.115,0.17800000000000002,3.9180744454899443,100,0.00994964107902446,0.06731066127977925
-4.0,0.115,0.185,3.906359440051445,100,0.009949641079014913,0.06894203924440911
-4.0,0.115,0.192,3.8947098220339997,100,0.009949641079156538,0.07057356159185058
-4.0,0.115,0.199,3.883126179936542,100,0.009949641078962838,0.07220515241847592
-4.0,0.115,0.20600000000000002,3.8716091059481195,99,0.00994964107922308,0.07383673477730157
-4.0,0.115,0.21300000000000002,3.8601591959015913,99,0.009949641079409328,0.07546823067932695
-4.0,0.115,0.22,3.848777049224626,100,0.009949641078950676,0.07709956109542404
-4.0,0.12200000000000001,0.08,3.936789616882029,100,0.009949641078650323,0.04766619001881156
-4.0,0.12200000000000001,0.08700000000000001,3.952170103012172,99,0.009949641079126558,0.04902044464956323
-4.0,0.12200000000000001,0.094,3.9675897428020073,100,0.00994964108106962,0.05035804520825993
-4.0,0.12200000000000001,0.101,3.9823809704144133,181,0.009949641084404897,0.043831198626931966
-4.0,0.12200000000000001,0.10800000000000001,3.992610327676129,183,0.00994964108235474,0.029033208953574086
-4.0,0.12200000000000001,0.115,3.9982574225570997,5,0.009944780561803666,0.014783460556064498
-4.0,0.12200000000000001,0.12200000000000001,4.000001817976881,199,0.019899277642170952,0.00047636366520054096
-4.0,0.12200000000000001,0.129,3.998445597602509,103,0.009949641078965251,0.013813642852184782
-4.0,0.12200000000000001,0.136,3.994124149164347,94,0.009949641079844621,0.025876913167156346
-4.0,0.12200000000000001,0.14300000000000002,3.9874994890275763,195,0.009944780559185611,0.03713822711365733
-4.0,0.12200000000000001,0.15000000000000002,3.9789736559392472,141,0.009949641080511537,0.04778250895746328
-4.0,0.12200000000000001,0.15700000000000003,3.968892275782007,106,0.009949641082080582,0.05694389387724297
-4.0,0.12200000000000001,0.16400000000000003,3.9575548555806583,99,0.0099496410726797,0.06526380622102368
-4.0,0.12200000000000001,0.171,3.945758422968263,100,0.009949641080120884,0.06688472136396062
-4.0,0.12200000000000001,0.17800000000000002,3.9340262376363637,100,0.009949641078132303,0.06850587215720916
-4.0,0.12200000000000001,0.185,3.922358876095993,100,0.009949641079170719,0.07012718540439611
-4.0,0.12200000000000001,0.192,3.910756918533559,100,0.009949641078623504,0.07174858689065844
-4.0,0.12200000000000001,0.199,3.8992209487689404,100,0.0099496410787383,0.07337000138329908
-4.0,0.12200000000000001,0.20600000000000002,3.8877515542110443,100,0.009949641079264483,0.07499135263294487
-4.0,0.12200000000000001,0.21300000000000002,3.8763493258107693,100,0.009949641079211513,0.07661256337522282
-4.0,0.12200000000000001,0.22,3.8650148580113126,100,0.009949641079217381,0.07823355533297371
-4.0,0.129,0.08,3.9243316289703163,100,0.00994964107864478,0.04934287058019515
-4.0,0.129,0.08700000000000001,3.9397607503108487,100,0.009949641078808647,0.050687166090985114
-4.0,0.129,0.094,3.955228768824172,99,0.009949641081382705,0.05201488071305338
-4.0,0.129,0.101,3.9707352299379295,100,0.009949641099533712,0.05332628462186384
-4.0,0.129,0.10800000000000001,3.9843892528169578,138,0.009949641078964984,0.04141849651181462
-4.0,0.129,0.115,3.9934324226962135,15,0.009944780559032421,0.02768754835473075
-4.0,0.129,0.12200000000000001,3.998445597602509,103,0.009949641078965251,0.013813642852184893
-4.0,0.129,0.129,4.000002032582134,199,0.019899277102730963,0.0005036753330192045
-4.0,0.129,0.136,3.998606125411447,192,0.009949641081683658,0.012622653426609287
-4.0,0.129,0.14300000000000002,3.9947126034030678,40,0.009949641082129363,0.024509703140008554
-4.0,0.129,0.15000000000000002,3.988717615860777,10,0.009949641083319196,0.03576058387177539
-4.0,0.129,0.15700000000000003,3.9809672461773538,54,0.009949641082183892,0.0452955966340689
-4.0,0.129,0.16400000000000003,3.9717635833934595,124,0.009949641078510253,0.05435816154771267
-4.0,0.129,0.171,3.961367438295324,174,0.009944782863201577,0.0626635854115345
-4.0,0.129,0.17800000000000002,3.9500128259174905,100,0.009949641075169113,0.06968635040455595
-4.0,0.129,0.185,3.9383928244133273,100,0.009949641079961463,0.07129768333601127
-4.0,0.129,0.192,3.9268382399023603,100,0.009949641078269279,0.07290904987798097
-4.0,0.129,0.199,3.9153496515407054,100,0.00994964107850248,0.07452037547089396
-4.0,0.129,0.20600000000000002,3.9039276419743945,100,0.009949641079927771,0.07613158456459934
-4.0,0.129,0.21300000000000002,3.8925727972916544,100,0.009949641079033558,0.07774260062035787
-4.0,0.129,0.22,3.8812857069725717,100,0.009949641078980562,0.07935334611336464
-4.0,0.136,0.08,3.911934149391431,100,0.009949641079071979,0.051020591491581446
-4.0,0.136,0.08700000000000001,3.927411975427068,99,0.00994964107975066,0.052354859401254394
-4.0,0.136,0.094,3.9429284382007777,100,0.009949641078242205,0.05367262125101402
-4.0,0.136,0.101,3.9584830833677014,99,0.00994964107939808,0.05497414707567183
-4.0,0.136,0.10800000000000001,3.97392041786705,20,0.009944780572881362,0.05265887563462368
-4.0,0.136,0.115,3.986073484753066,12,0.009944780559104196,0.03938588084230332
-4.0,0.136,0.12200000000000001,3.994124149164347,94,0.009949641079844621,0.025876913167156346
-4.0,0.136,0.129,3.998606125411447,192,0.009949641081683658,0.012622653426609398
-4.0,0.136,0.136,4.000002259157387,199,0.01989927653914213,0.0005309847575943882
-4.0,0.136,0.14300000000000002,3.9987416536482683,165,0.009949641080559561,0.012244953480011422
-4.0,0.136,0.15000000000000002,3.995216547233586,8,0.009944780556028593,0.023782715003906718
-4.0,0.136,0.15700000000000003,3.989765565037836,166,0.009949641079531507,0.03391378687488822
-4.0,0.136,0.16400000000000003,3.982690789050763,174,0.00994964108021584,0.043434073054789635
-4.0,0.136,0.171,3.974255848580847,177,0.009944780557940933,0.05212948422881192
-4.0,0.136,0.17800000000000002,3.9646907174434993,181,0.00994964108332639,0.06037664965350509
-4.0,0.136,0.185,3.954196184030451,179,0.009944780568577715,0.06792853293375178
-4.0,0.136,0.192,3.942953367382397,100,0.009949641094791361,0.07405519220883139
-4.0,0.136,0.199,3.9315118706183076,100,0.00994964107940035,0.07565651578250365
-4.0,0.136,0.20600000000000002,3.920136952807198,100,0.009949641079054343,0.07725767108317605
-4.0,0.136,0.21300000000000002,3.9088291951948633,100,0.009949641078352927,0.07885858229829612
-4.0,0.136,0.22,3.897589182320569,100,0.00994964107874502,0.08045917265535407
-4.0,0.14300000000000002,0.08,3.8995977552440313,100,0.00994964107899415,0.05269928294598791
-4.0,0.14300000000000002,0.08700000000000001,3.9151243515701233,100,0.009949641078920152,0.05402345520398777
-4.0,0.14300000000000002,0.094,3.930689320246748,100,0.009949641079536638,0.05533119788554741
-4.0,0.14300000000000002,0.101,3.9462922072291713,100,0.009949641078710573,0.05662278084964156
-4.0,0.14300000000000002,0.10800000000000001,3.9619325645276824,100,0.009949641077390995,0.05789846866580217
-4.0,0.14300000000000002,0.115,3.976650045839613,118,0.009949641081615375,0.049786762986913646
-4.0,0.14300000000000002,0.12200000000000001,3.9874994890275763,195,0.009944780559185611,0.03713822711365722
-4.0,0.14300000000000002,0.129,3.9947126034030678,40,0.009949641082129363,0.024509703140008554
-4.0,0.14300000000000002,0.136,3.9987416536482683,165,0.009949641080559561,0.012244953480011422
-4.0,0.14300000000000002,0.14300000000000002,4.000002497702639,199,0.019899275950199666,0.0005582919389874874
-4.0,0.14300000000000002,0.15000000000000002,3.998858955867803,18,0.009944780556081027,0.01176005684594883
-4.0,0.14300000000000002,0.15700000000000003,3.9956524687393324,151,0.009949641080903448,0.02284040892897321
-4.0,0.14300000000000002,0.16400000000000003,3.9906746119799203,108,0.009949641079521461,0.0325643838739077
-4.0,0.14300000000000002,0.171,3.9841912714699346,46,0.00994964108170294,0.041834279159774446
-4.0,0.14300000000000002,0.17800000000000002,3.9764341453457424,145,0.009949641079882778,0.05047937886191656
-4.0,0.14300000000000002,0.185,3.9676059763174476,184,0.00994964108382296,0.05834431502051607
-4.0,0.14300000000000002,0.192,3.957885577856205,111,0.009949641081158466,0.06528922455986341
-4.0,0.14300000000000002,0.199,3.9474316867096233,154,0.009944780559880377,0.0720145483857757
-4.0,0.14300000000000002,0.20600000000000002,3.9363790762893522,99,0.009949640781108028,0.07836984783967416
-4.0,0.14300000000000002,0.21300000000000002,3.925118110412964,100,0.009949641086070054,0.0799607434225923
-4.0,0.14300000000000002,0.22,3.9139248763391516,100,0.009949641078201718,0.08155126929843926
-4.0,0.15000000000000002,0.08,3.887323028090807,100,0.009949641078933542,0.05437887397442576
-4.0,0.15000000000000002,0.08700000000000001,3.9028984563114335,100,0.009949641079014153,0.05569288298681907
-4.0,0.15000000000000002,0.094,3.918511988538844,100,0.009949641079080973,0.056990540569638704
-4.0,0.15000000000000002,0.101,3.9341631711023997,100,0.009949641079198988,0.05827211637020402
-4.0,0.15000000000000002,0.10800000000000001,3.949851556436737,99,0.009949641078349548,0.05953787472415484
-4.0,0.15000000000000002,0.115,3.9655620430604324,84,0.00994964103952972,0.05965404931254925
-4.0,0.15000000000000002,0.12200000000000001,3.9789736559392472,141,0.009949641080511537,0.04778250895746328
-4.0,0.15000000000000002,0.129,3.988717615860777,10,0.009949641083319196,0.0357605838717755
-4.0,0.15000000000000002,0.136,3.995216547233586,8,0.009944780556028593,0.023782715003906718
-4.0,0.15000000000000002,0.14300000000000002,3.998858955867803,18,0.009944780556081027,0.01176005684594883
-4.0,0.15000000000000002,0.15000000000000002,4.000002748217891,0,0.01989927532267346,0.0005855968772604525
-4.0,0.15000000000000002,0.15700000000000003,3.9989606195485057,126,0.00994964107996084,0.011167321735835678
-4.0,0.15000000000000002,0.16400000000000003,3.9960302428470227,162,0.00994964107965682,0.021679696395980108
-4.0,0.15000000000000002,0.171,3.9914682846513374,90,0.009949641079931912,0.030874466392196598
-4.0,0.15000000000000002,0.17800000000000002,3.9855051054345423,34,0.009944780555099878,0.03975509368422303
-4.0,0.15000000000000002,0.185,3.978345987397929,174,0.009949641080317333,0.04818988485484588
-4.0,0.15000000000000002,0.192,3.970174155599942,198,0.009949641081177378,0.0560570094543158
-4.0,0.15000000000000002,0.199,3.9611491091257176,188,0.00994478055554144,0.06324495426413923
-4.0,0.15000000000000002,0.20600000000000002,3.951411192088407,132,0.009949641081052816,0.06965240454401345
-4.0,0.15000000000000002,0.21300000000000002,3.9410861678088818,20,0.00994478056983355,0.07605386157604854
-4.0,0.15000000000000002,0.22,3.93028100113393,190,0.00994964144377481,0.0817517523275646
-4.0,0.15700000000000003,0.08,3.87511055393743,100,0.009949641079285646,0.056059292441271946
-4.0,0.15700000000000003,0.08700000000000001,3.8907348715622287,99,0.00994964107957807,0.05736307109724881
-4.0,0.15700000000000003,0.094,3.9063970208921197,100,0.00994964107955013,0.05865057814216368
-4.0,0.15700000000000003,0.101,3.922096548705892,99,0.00994964107918011,0.05992208297522594
-4.0,0.15700000000000003,0.10800000000000001,3.9378330079369674,100,0.00994964107855412,0.061177849662401695
-4.0,0.15700000000000003,0.115,3.953605957593207,100,0.009949641080957623,0.06241813705511545
-4.0,0.15700000000000003,0.12200000000000001,3.968892275782007,106,0.009949641082080582,0.05694389387724297
-4.0,0.15700000000000003,0.129,3.9809672461773538,54,0.009949641082183892,0.0452955966340689
-4.0,0.15700000000000003,0.136,3.989765565037836,166,0.009949641079531507,0.03391378687488833
-4.0,0.15700000000000003,0.14300000000000002,3.9956524687393324,151,0.009949641080903448,0.02284040892897321
-4.0,0.15700000000000003,0.15000000000000002,3.9989606195485057,126,0.00994964107996084,0.011167321735835567
-4.0,0.15700000000000003,0.15700000000000003,4.000003010703137,0,0.01989927466976644,0.000612899572475456
-4.0,0.15700000000000003,0.16400000000000003,3.9990498367425706,70,0.009949641079104064,0.010466047313929416
-4.0,0.15700000000000003,0.171,3.9963625213693703,194,0.009944780555525983,0.020297406048099376
-4.0,0.15700000000000003,0.17800000000000002,3.9921639171608927,40,0.009949641081325311,0.029952259407346138
-4.0,0.15700000000000003,0.185,3.986661683088202,149,0.009944780555567948,0.038239287605306815
-4.0,0.15700000000000003,0.192,3.980036209030691,46,0.00994964108118174,0.04622398960135754
-4.0,0.15700000000000003,0.199,3.9724499337872565,147,0.009949641079370984,0.05381577081790834
-4.0,0.15700000000000003,0.20600000000000002,3.964048100830118,89,0.009944780555048691,0.060930243550372465
-4.0,0.15700000000000003,0.21300000000000002,3.954958150403974,124,0.009949641079135518,0.06748940037787587
-4.0,0.15700000000000003,0.22,3.9452925021629395,132,0.009949641080182722,0.07342149995224723
-4.0,0.16400000000000003,0.08,3.8629609232091413,100,0.00994964107933745,0.05774046504007768
-4.0,0.16400000000000003,0.08700000000000001,3.8786341835488836,99,0.009949641079351665,0.05903394673892459
-4.0,0.16400000000000003,0.094,3.8943449993340846,100,0.009949641078949342,0.060311238324623484
-4.0,0.16400000000000003,0.101,3.9100929178696293,99,0.009949641079811257,0.06157260891118366
-4.0,0.16400000000000003,0.10800000000000001,3.92587749266345,100,0.009949641079287756,0.06281832225851058
-4.0,0.16400000000000003,0.115,3.941698283344385,100,0.009949641078232672,0.06404863689229567
-4.0,0.16400000000000003,0.12200000000000001,3.9575548555806583,99,0.0099496410726797,0.06526380622102368
-4.0,0.16400000000000003,0.129,3.9717635833934595,124,0.009949641078510253,0.05435816154771267
-4.0,0.16400000000000003,0.136,3.982690789050763,174,0.00994964108021584,0.043434073054789635
-4.0,0.16400000000000003,0.14300000000000002,3.9906746119799203,108,0.009949641079521461,0.03256438387390792
-4.0,0.16400000000000003,0.15000000000000002,3.9960302428470227,162,0.00994964107965682,0.021679696395980108
-4.0,0.16400000000000003,0.15700000000000003,3.9990498367425706,70,0.009949641079104064,0.010466047313929416
-4.0,0.16400000000000003,0.16400000000000003,4.000003285158373,0,0.019899272128932204,0.0006402000246938933
-4.0,0.16400000000000003,0.171,3.9991304035795388,173,0.00994478087539426,0.009655473543598414
-4.0,0.16400000000000003,0.17800000000000002,3.9966527961994345,187,0.009949641080548336,0.01991731391617868
-4.0,0.16400000000000003,0.185,3.9927783328428497,191,0.009944780555075486,0.028814084158816033
-4.0,0.16400000000000003,0.192,3.9876870600684478,91,0.009949641079443702,0.0374997280873951
-4.0,0.16400000000000003,0.199,3.9815355146936957,16,0.009949641082463533,0.04482602884507225
-4.0,0.16400000000000003,0.20600000000000002,3.974475964124157,154,0.0099496410811838,0.051899017476356946
-4.0,0.16400000000000003,0.21300000000000002,3.9666362072599184,54,0.009949641080895048,0.05865878304224803
-4.0,0.16400000000000003,0.22,3.9581321272493817,138,0.009949641079028775,0.06504891127402213
-4.0,0.171,0.08,3.8508747307249247,100,0.009949641079052803,0.059422317289824944
-4.0,0.171,0.08700000000000001,3.866596982785878,100,0.009949641079007842,0.0607054359683753
-4.0,0.171,0.094,3.882356510076494,99,0.009949641078995826,0.06197244771832633
-4.0,0.171,0.101,3.8981528605057516,100,0.009949641078933943,0.06322362133077364
-4.0,0.171,0.10800000000000001,3.9139855882330994,100,0.009949641079297864,0.06445922022257367
-4.0,0.171,0.115,3.929854253584351,100,0.009949641078452292,0.06567950255741517
-4.0,0.171,0.12200000000000001,3.945758422968263,100,0.009949641080120884,0.06688472136396051
-4.0,0.171,0.129,3.961367438295324,174,0.009944782863201577,0.06266358541153472
-4.0,0.171,0.136,3.974255848580847,177,0.009944780557940933,0.052129484228811696
-4.0,0.171,0.14300000000000002,3.9841912714699346,46,0.00994964108170294,0.04183427915977467
-4.0,0.171,0.15000000000000002,3.9914682846513374,90,0.009949641079931912,0.030874466392196598
-4.0,0.171,0.15700000000000003,3.9963625213693703,194,0.009944780555525983,0.020297406048099376
-4.0,0.171,0.16400000000000003,3.9991304035795388,173,0.00994478087539426,0.009655473543598636
-4.0,0.171,0.171,4.000003571583604,0,0.019899273274629044,0.0006674982339777147
-4.0,0.171,0.17800000000000002,3.999195910168877,26,0.009944780555611248,0.01005275894955071
-4.0,0.171,0.185,3.9969116103367863,103,0.009949641079487934,0.01943205795737113
-4.0,0.171,0.192,3.993323712414321,48,0.009949641080789572,0.02745646787779754
-4.0,0.171,0.199,3.9885966096911285,90,0.00994964107971339,0.03536442455146627
-4.0,0.171,0.20600000000000002,3.98287303255344,33,0.009949641081891654,0.04308689367494778
-4.0,0.171,0.21300000000000002,3.9762875150394343,46,0.009949641079937488,0.05055812129973991
-4.0,0.171,0.22,3.9689555939600836,170,0.009944780554896957,0.05671910356407339
-4.0,0.17800000000000002,0.08,3.838852575669204,100,0.009949641079431802,0.06110477353165855
-4.0,0.17800000000000002,0.08700000000000001,3.8546238640462933,99,0.009949641079223704,0.062377463692205204
-4.0,0.17800000000000002,0.094,3.8704321434847104,100,0.009949641079013518,0.06363413180203303
-4.0,0.17800000000000002,0.101,3.8862769625768436,100,0.00994964107891514,0.0648750462909855
-4.0,0.17800000000000002,0.10800000000000001,3.90215787621192,99,0.009949641079637882,0.0661004701952842
-4.0,0.17800000000000002,0.115,3.9180744454899443,100,0.00994964107902446,0.06731066127977925
-4.0,0.17800000000000002,0.12200000000000001,3.9340262376363637,100,0.009949641078132303,0.06850587215720905
-4.0,0.17800000000000002,0.129,3.9500128259174905,100,0.009949641075169113,0.06968635040455595
-4.0,0.17800000000000002,0.136,3.9646907174434993,181,0.00994964108332639,0.060376649653504866
-4.0,0.17800000000000002,0.14300000000000002,3.9764341453457424,145,0.009949641079882778,0.05047937886191656
-4.0,0.17800000000000002,0.15000000000000002,3.9855051054345423,34,0.009944780555099878,0.03975509368422303
-4.0,0.17800000000000002,0.15700000000000003,3.9921639171608927,40,0.009949641081325311,0.029952259407346138
-4.0,0.17800000000000002,0.16400000000000003,3.9966527961994345,187,0.009949641080548336,0.01991731391617857
-4.0,0.17800000000000002,0.171,3.999195910168877,26,0.009944780555611248,0.010052758949550822
-4.0,0.17800000000000002,0.17800000000000002,4.00000386997882,199,0.01989927253491591,0.0006947942003892038
-4.0,0.17800000000000002,0.185,3.9992579927889627,30,0.009949641079492946,0.009080300358031979
-4.0,0.17800000000000002,0.192,3.9971415246343343,185,0.009944780555558485,0.018840910232889918
-4.0,0.17800000000000002,0.199,3.9938109276871945,30,0.009944780558141722,0.027177337899824905
-4.0,0.17800000000000002,0.20600000000000002,3.9894098004827443,40,0.009949641080646296,0.034133919074238905
-4.0,0.17800000000000002,0.21300000000000002,3.9840717867400337,55,0.009949641081642849,0.04220243059927453
-4.0,0.17800000000000002,0.22,3.9779125977487118,16,0.009949641081481735,0.04887769931177399
-4.0,0.185,0.08,3.8268950615609736,99,0.009949641079290153,0.06278775692610017
-4.0,0.185,0.08700000000000001,3.842715426329781,100,0.009949641079221447,0.06404995366477595
-4.0,0.185,0.094,3.8585724940445703,99,0.009949641079134628,0.06529621493007964
-4.0,0.185,0.101,3.874465814061752,100,0.009949641079036647,0.06652680875164407
-4.0,0.185,0.10800000000000001,3.8903949420798436,100,0.009949641079078196,0.0677419977468845
-4.0,0.185,0.115,3.906359440051445,100,0.009949641079014913,0.06894203924440911
-4.0,0.185,0.12200000000000001,3.922358876095993,100,0.009949641079170719,0.07012718540439633
-4.0,0.185,0.129,3.9383928244133273,100,0.009949641079961463,0.07129768333601127
-4.0,0.185,0.136,3.954196184030451,179,0.009944780568577715,0.06792853293375178
-4.0,0.185,0.14300000000000002,3.9676059763174476,184,0.00994964108382296,0.05834431502051607
-4.0,0.185,0.15000000000000002,3.978345987397929,174,0.009949641080317333,0.04818988485484588
-4.0,0.185,0.15700000000000003,3.986661683088202,149,0.009944780555567948,0.038239287605306704
-4.0,0.185,0.16400000000000003,3.9927783328428497,191,0.009944780555075486,0.028814084158816256
-4.0,0.185,0.171,3.9969116103367863,103,0.009949641079487934,0.01943205795737124
-4.0,0.185,0.17800000000000002,3.9992579927889627,30,0.009949641079492946,0.009080300358031979
-4.0,0.185,0.185,4.000004180344021,199,0.01989927176277586,0.000722087923989978
-4.0,0.185,0.192,3.9993112829588275,169,0.009949641079406369,0.009425444913117031
-4.0,0.185,0.199,3.9973457211354293,192,0.009949641080336585,0.018143081602232547
-4.0,0.185,0.20600000000000002,3.9942443724316212,177,0.00994964108046726,0.02543802234506476
-4.0,0.185,0.21300000000000002,3.9901421197352755,123,0.009949642731126123,0.03400214224226861
-4.0,0.185,0.22,3.9851503411684277,105,0.009949641082024127,0.03983547307660307
-4.0,0.192,0.08,3.815002796220319,99,0.009949641079246846,0.06447118945077779
-4.0,0.192,0.08700000000000001,3.8308722728279445,99,0.00994964107936526,0.06572282848639188
-4.0,0.192,0.094,3.8467781603266933,100,0.009949641079023408,0.06695862033099687
-4.0,0.192,0.101,3.8627200089188802,100,0.009949641078957383,0.06817883257444868
-4.0,0.192,0.10800000000000001,3.878697375193056,100,0.009949641078974466,0.06938372737659693
-4.0,0.192,0.115,3.8947098220339997,100,0.009949641079156538,0.07057356159185058
-4.0,0.192,0.12200000000000001,3.910756918533559,100,0.009949641078623504,0.07174858689065844
-4.0,0.192,0.129,3.9268382399023603,100,0.009949641078269279,0.07290904987798097
-4.0,0.192,0.136,3.942953367382397,100,0.009949641094791361,0.07405519220883139
-4.0,0.192,0.14300000000000002,3.957885577856205,111,0.009949641081158466,0.06528922455986341
-4.0,0.192,0.15000000000000002,3.970174155599942,198,0.009949641081177378,0.05605700945431569
-4.0,0.192,0.15700000000000003,3.980036209030691,46,0.00994964108118174,0.04622398960135765
-4.0,0.192,0.16400000000000003,3.9876870600684478,91,0.009949641079443702,0.03749972808739488
-4.0,0.192,0.171,3.993323712414321,48,0.009949641080789572,0.02745646787779754
-4.0,0.192,0.17800000000000002,3.9971415246343343,185,0.009944780555558485,0.018840910232889918
-4.0,0.192,0.185,3.9993112829588275,169,0.009949641079406369,0.009425444913117142
-4.0,0.192,0.192,4.0000045026792055,199,0.019899270960911795,0.0007493794048419877
-4.0,0.192,0.199,3.999361606034678,72,0.009949641079491417,0.008289741954487173
-4.0,0.192,0.20600000000000002,3.9975280044151837,34,0.009949641080223623,0.01733772127288824
-4.0,0.192,0.21300000000000002,3.994633598576234,5,0.009944780554909494,0.02489618849514119
-4.0,0.192,0.22,3.990794594425689,186,0.009949641079782145,0.032397538498199596
-4.0,0.199,0.08,3.803176391732221,100,0.009949641079058661,0.06615499189867713
-4.0,0.199,0.08700000000000001,3.8190950108870565,100,0.009949641079088793,0.06739600960200454
-4.0,0.199,0.094,3.83504974494815,99,0.009949641079420275,0.06862127010664931
-4.0,0.199,0.101,3.8510401450468836,100,0.009949641079128393,0.06983104052251676
-4.0,0.199,0.10800000000000001,3.867065768743785,100,0.00994964107911752,0.07102558251255808
-4.0,0.199,0.115,3.883126179936542,100,0.009949641078962838,0.07220515241847614
-4.0,0.199,0.12200000000000001,3.8992209487689404,100,0.0099496410787383,0.07337000138329919
-4.0,0.199,0.129,3.9153496515407054,100,0.00994964107850248,0.07452037547089396
-4.0,0.199,0.136,3.9315118706183076,100,0.00994964107940035,0.07565651578250343
-4.0,0.199,0.14300000000000002,3.9474316867096233,154,0.009944780559880377,0.07201454838577548
-4.0,0.199,0.15000000000000002,3.9611491091257176,188,0.00994478055554144,0.06324495426413934
-4.0,0.199,0.15700000000000003,3.9724499337872565,147,0.009949641079370984,0.05381577081790834
-4.0,0.199,0.16400000000000003,3.9815355146936957,16,0.009949641082463533,0.04482602884507225
-4.0,0.199,0.171,3.9885966096911285,90,0.00994964107971339,0.035364424551466045
-4.0,0.199,0.17800000000000002,3.9938109276871945,30,0.009944780558141722,0.027177337899825127
-4.0,0.199,0.185,3.9973457211354293,192,0.009949641080336585,0.018143081602232547
-4.0,0.199,0.192,3.999361606034678,72,0.009949641079491417,0.008289741954486951
-4.0,0.199,0.199,4.000004836984369,199,0.019899270129398756,0.0007766686430071834
-4.0,0.199,0.20600000000000002,3.9994026870489408,127,0.009949641079286975,0.008582663786331768
-4.0,0.199,0.21300000000000002,3.9976928015087574,18,0.009944780555037811,0.01642391652618891
-4.0,0.199,0.22,3.9949856913645356,12,0.009949641080949805,0.02424952402861713
-4.0,0.20600000000000002,0.08,3.7914164644076163,100,0.009949641079140458,0.06783908387694215
-4.0,0.20600000000000002,0.08700000000000001,3.8073842519680414,100,0.009949641079068521,0.06906941730045746
-4.0,0.20600000000000002,0.094,3.823387854531464,100,0.009949641079076744,0.07028408523189966
-4.0,0.20600000000000002,0.101,3.8394268242427234,100,0.009949641079188628,0.07148335426045471
-4.0,0.20600000000000002,0.10800000000000001,3.855500719717453,100,0.009949641079034139,0.07266748551227231
-4.0,0.20600000000000002,0.115,3.8716091059481195,99,0.00994964107922308,0.07383673477730146
-4.0,0.20600000000000002,0.12200000000000001,3.8877515542110443,100,0.009949641079264483,0.07499135263294499
-4.0,0.20600000000000002,0.129,3.9039276419743945,100,0.009949641079927771,0.07613158456459934
-4.0,0.20600000000000002,0.136,3.920136952807198,100,0.009949641079054343,0.07725767108317605
-4.0,0.20600000000000002,0.14300000000000002,3.9363790762893522,99,0.009949640781108028,0.07836984783967416
-4.0,0.20600000000000002,0.15000000000000002,3.951411192088407,132,0.009949641081052816,0.06965240454401345
-4.0,0.20600000000000002,0.15700000000000003,3.964048100830118,89,0.009944780555048691,0.060930243550372465
-4.0,0.20600000000000002,0.16400000000000003,3.974475964124157,154,0.0099496410811838,0.051899017476356946
-4.0,0.20600000000000002,0.171,3.98287303255344,33,0.009949641081891654,0.04308689367494778
-4.0,0.20600000000000002,0.17800000000000002,3.9894098004827443,40,0.009949641080646296,0.034133919074238905
-4.0,0.20600000000000002,0.185,3.9942443724316212,177,0.00994964108046726,0.025438022345064648
-4.0,0.20600000000000002,0.192,3.9975280044151837,34,0.009949641080223623,0.01733772127288824
-4.0,0.20600000000000002,0.199,3.9994026870489408,127,0.009949641079286975,0.008582663786331768
-4.0,0.20600000000000002,0.20600000000000002,4.000005183259508,0,0.019899269265738692,0.0008039556385477375
-4.0,0.20600000000000002,0.21300000000000002,3.9994452126795093,72,0.00994964107976804,0.008875317037262076
-4.0,0.20600000000000002,0.22,3.997845160398346,126,0.009949641079932323,0.015400692625342383
-4.0,0.21300000000000002,0.08,3.7797236347416154,99,0.009949641079329377,0.0695233838062409
-4.0,0.21300000000000002,0.08700000000000001,3.7957406116036774,100,0.009949641079170995,0.0707429707142927
-4.0,0.21300000000000002,0.094,3.8117930996608314,100,0.009949641079325305,0.07194698555483348
-4.0,0.21300000000000002,0.101,3.8278806521569844,100,0.00994964107931995,0.07313569435497347
-4.0,0.21300000000000002,0.10800000000000001,3.8440028288471657,100,0.009949641078973436,0.07430935766359881
-4.0,0.21300000000000002,0.115,3.8601591959015913,99,0.009949641079409328,0.07546823067932706
-4.0,0.21300000000000002,0.12200000000000001,3.8763493258107693,100,0.009949641079211513,0.07661256337522282
-4.0,0.21300000000000002,0.129,3.8925727972916544,100,0.009949641079033558,0.07774260062035776
-4.0,0.21300000000000002,0.136,3.9088291951948633,100,0.009949641078352927,0.07885858229829623
-4.0,0.21300000000000002,0.14300000000000002,3.925118110412964,100,0.009949641086070054,0.0799607434225923
-4.0,0.21300000000000002,0.15000000000000002,3.9410861678088818,20,0.00994478056983355,0.07605386157604854
-4.0,0.21300000000000002,0.15700000000000003,3.954958150403974,124,0.009949641079135518,0.0674894003778761
-4.0,0.21300000000000002,0.16400000000000003,3.9666362072599184,54,0.009949641080895048,0.05865878304224792
-4.0,0.21300000000000002,0.171,3.9762875150394343,46,0.009949641079937488,0.05055812129973991
-4.0,0.21300000000000002,0.17800000000000002,3.9840717867400337,55,0.009949641081642849,0.04220243059927431
-4.0,0.21300000000000002,0.185,3.9901421197352755,123,0.009949642731126123,0.03400214224226861
-4.0,0.21300000000000002,0.192,3.994633598576234,5,0.009944780554909494,0.024896188495141414
-4.0,0.21300000000000002,0.199,3.9976928015087574,18,0.009944780555037811,0.01642391652618891
-4.0,0.21300000000000002,0.20600000000000002,3.9994452126795093,72,0.00994964107976804,0.008875317037262076
-4.0,0.21300000000000002,0.21300000000000002,4.0000055415046205,199,0.019899268376615747,0.0008312403915256006
-4.0,0.21300000000000002,0.22,3.999479200418041,21,0.009944780555428516,0.007522643327470768
-4.0,0.22,0.08,3.7680985273688057,100,0.009949641079189324,0.07120780892071732
-4.0,0.22,0.08700000000000001,3.7841647093529174,99,0.009949641079310657,0.07241658782013027
-4.0,0.22,0.094,3.800266094835535,100,0.009949641079057539,0.07360988979754624
-4.0,0.22,0.101,3.8164022382464315,100,0.00994964107909518,0.0747879802760637
-4.0,0.22,0.10800000000000001,3.832572700565458,100,0.009949641079064457,0.0759511191862946
-4.0,0.22,0.115,3.848777049224626,100,0.009949641078950676,0.07709956109542404
-4.0,0.22,0.12200000000000001,3.8650148580113126,100,0.009949641079217381,0.07823355533297383
-4.0,0.22,0.129,3.8812857069725717,100,0.009949641078980562,0.07935334611336464
-4.0,0.22,0.136,3.897589182320569,100,0.00994964107874502,0.08045917265535407
-4.0,0.22,0.14300000000000002,3.9139248763391516,100,0.009949641078201718,0.08155126929843926
-4.0,0.22,0.15000000000000002,3.93028100113393,190,0.00994964144377481,0.08175175232756449
-4.0,0.22,0.15700000000000003,3.9452925021629395,132,0.009949641080182722,0.07342149995224723
-4.0,0.22,0.16400000000000003,3.9581321272493817,138,0.009949641079028775,0.06504891127402213
-4.0,0.22,0.171,3.9689555939600836,170,0.009944780554896957,0.05671910356407317
-4.0,0.22,0.17800000000000002,3.9779125977487118,16,0.009949641081481735,0.04887769931177399
-4.0,0.22,0.185,3.9851503411684277,105,0.009949641082024127,0.03983547307660307
-4.0,0.22,0.192,3.990794594425689,186,0.009949641079782145,0.03239753849819971
-4.0,0.22,0.199,3.9949856913645356,12,0.009949641080949805,0.02424952402861713
-4.0,0.22,0.20600000000000002,3.997845160398346,126,0.009949641079932323,0.015400692625342605
-4.0,0.22,0.21300000000000002,3.999479200418041,21,0.009944780555428516,0.007522643327470768
-4.0,0.22,0.22,4.000005911719704,199,0.019899267455559113,0.000858522902002723
-3.0,0.08,0.08,3.0000010422872587,0,0.019899278701821177,0.00041653026818344596
-3.0,0.08,0.08700000000000001,2.997368109612366,159,0.009949641080304777,0.020189277277419593
-3.0,0.08,0.094,2.9903362893610144,171,0.009949641079625527,0.03775318883094869
-3.0,0.08,0.101,2.9800100011092585,176,0.009944780648723997,0.05296880785805491
-3.0,0.08,0.10800000000000001,2.9679147123777523,100,0.009949641080796427,0.05789112583231937
-3.0,0.08,0.115,2.95584386419624,100,0.009949641078544734,0.060079761014634525
-3.0,0.08,0.12200000000000001,2.943856648608451,100,0.009949641078913971,0.06226936812091821
-3.0,0.08,0.129,2.931954091403408,99,0.009949641079251446,0.06445977645286805
-3.0,0.08,0.136,2.9201372277907702,100,0.009949641078766334,0.0666508119176864
-3.0,0.08,0.14300000000000002,2.908407102290414,100,0.009949641079197317,0.06884229702328637
-3.0,0.08,0.15000000000000002,2.896764768611436,100,0.009949641079070638,0.07103405087625059
-3.0,0.08,0.15700000000000003,2.885211289520229,100,0.009949641079617193,0.07322588918265671
-3.0,0.08,0.16400000000000003,2.8737477366973043,99,0.009949641079360971,0.0754176242519099
-3.0,0.08,0.171,2.8623751905824917,100,0.009949641079082973,0.07760906500369646
-3.0,0.08,0.17800000000000002,2.851094740208192,100,0.009949641079043664,0.0798000169781986
-3.0,0.08,0.185,2.839907483020328,100,0.009949641079093484,0.08199028234969119
-3.0,0.08,0.192,2.828814524686669,99,0.00994964107941514,0.08417965994365362
-3.0,0.08,0.199,2.8178169788921816,100,0.009949641079164994,0.08636794525752545
-3.0,0.08,0.20600000000000002,2.806915967121075,100,0.009949641079168499,0.08855493048523533
-3.0,0.08,0.21300000000000002,2.796112618425229,100,0.00994964107916977,0.09074040454562837
-3.0,0.08,0.22,2.7854080691786844,100,0.009949641079173129,0.09292415311492219
-3.0,0.08700000000000001,0.08,2.997368109612366,159,0.009949641080304777,0.020189277277419593
-3.0,0.08700000000000001,0.08700000000000001,3.000001232667501,199,0.019899278077228657,0.00045295187872718135
-3.0,0.08700000000000001,0.094,2.997759554425455,48,0.009949641080093405,0.018490791293192643
-3.0,0.08700000000000001,0.101,2.9917162052004036,4,0.009944780555925525,0.03522219223541534
-3.0,0.08700000000000001,0.10800000000000001,2.9827534462238696,151,0.00994478055791938,0.04964392441993859
-3.0,0.08700000000000001,0.115,2.9715908879025217,99,0.009949641085041473,0.0617409104454224
-3.0,0.08700000000000001,0.12200000000000001,2.9596674514402683,100,0.009949641078102497,0.06391282288298683
-3.0,0.08700000000000001,0.129,2.947828734790394,100,0.009949641078612678,0.06608539506887168
-3.0,0.08700000000000001,0.136,2.9360757627636787,100,0.009949641078559503,0.06825845476833947
-3.0,0.08700000000000001,0.14300000000000002,2.924409569162992,100,0.009949641078896794,0.07043182645791624
-3.0,0.08700000000000001,0.15000000000000002,2.912831196658539,100,0.00994964107905551,0.07260533132544855
-3.0,0.08700000000000001,0.15700000000000003,2.901341696652384,100,0.00994964107920886,0.07477878727298659
-3.0,0.08700000000000001,0.16400000000000003,2.889942129131937,100,0.009949641079281124,0.07695200892260456
-3.0,0.08700000000000001,0.171,2.878633562512067,100,0.009949641079293824,0.07912480762528329
-3.0,0.08700000000000001,0.17800000000000002,2.8674170734655204,100,0.009949641079398275,0.08129699147297598
-3.0,0.08700000000000001,0.185,2.8562937467413265,100,0.009949641079024643,0.0834683653139775
-3.0,0.08700000000000001,0.192,2.8452646749708577,99,0.009949641079275227,0.08563873077172346
-3.0,0.08700000000000001,0.199,2.8343309584612406,100,0.009949641079385865,0.0878078862671332
-3.0,0.08700000000000001,0.20600000000000002,2.8234937049758044,100,0.009949641079066625,0.08997562704462747
-3.0,0.08700000000000001,0.21300000000000002,2.8127540295012547,100,0.00994964107908145,0.09214174520192897
-3.0,0.08700000000000001,0.22,2.8021130540012966,100,0.009949641079316925,0.09430602972377633
-3.0,0.094,0.08,2.9903362893610144,171,0.009949641079625527,0.03775318883094869
-3.0,0.094,0.08700000000000001,2.997759554425455,48,0.009949641080093405,0.01849079129319242
-3.0,0.094,0.094,3.0000014390077507,199,0.019899277392229603,0.0004893695010782517
-3.0,0.094,0.101,2.9980697394482227,22,0.009949641080913056,0.017119490862725684
-3.0,0.094,0.10800000000000001,2.992820722673519,31,0.009944780558364485,0.03295334301125019
-3.0,0.094,0.115,2.9849703168006445,198,0.009949641090674014,0.04627977628322211
-3.0,0.094,0.12200000000000001,2.97510752594332,106,0.009949641078231855,0.05865049725894289
-3.0,0.094,0.129,2.9637505822363095,99,0.009949641091478886,0.06768431800807984
-3.0,0.094,0.136,2.952061000172328,100,0.009949641078780413,0.06983960042953152
-3.0,0.094,0.14300000000000002,2.9404582282804506,100,0.009949641078828292,0.07199506207252371
-3.0,0.094,0.15000000000000002,2.928943298235279,100,0.009949641078633971,0.07415052621808615
-3.0,0.094,0.15700000000000003,2.9175172501261866,100,0.009949641078857794,0.07630581297284766
-3.0,0.094,0.16400000000000003,2.9061811323077853,100,0.009949641078916625,0.07846073927670594
-3.0,0.094,0.171,2.8949360012392407,100,0.009949641079018313,0.08061511891349349
-3.0,0.094,0.17800000000000002,2.8837829213121613,100,0.00994964107920721,0.08276876252475263
-3.0,0.094,0.185,2.8727229646667527,100,0.00994964107902706,0.08492147762673452
-3.0,0.094,0.192,2.861757210995921,100,0.009949641079220459,0.08707306863073871
-3.0,0.094,0.199,2.8508867473370367,100,0.009949641079297395,0.08922333686690376
-3.0,0.094,0.20600000000000002,2.84011266785107,100,0.009949641079117957,0.09137208061156665
-3.0,0.094,0.21300000000000002,2.8294360735888127,100,0.009949641079226053,0.09351909511830003
-3.0,0.094,0.22,2.8188580722439025,100,0.009949641079208338,0.09566417265274263
-3.0,0.101,0.08,2.9800100011092585,176,0.009944780648723997,0.0529688078580548
-3.0,0.101,0.08700000000000001,2.9917162052004036,4,0.009944780555925525,0.03522219223541512
-3.0,0.101,0.094,2.9980697394482227,22,0.009949641080913056,0.017119490862725684
-3.0,0.101,0.101,3.000001661308004,199,0.019899276654258315,0.0005257831353828735
-3.0,0.101,0.10800000000000001,2.998318761846494,187,0.009949641080335792,0.016314258530786385
-3.0,0.101,0.115,2.993718686341208,91,0.009949641079358603,0.030633688856505192
-3.0,0.101,0.12200000000000001,2.986785750878884,163,0.009944780556070565,0.043874882006620375
-3.0,0.101,0.129,2.978013464833774,193,0.009949641091096466,0.055457010327076284
-3.0,0.101,0.136,2.9678120121351736,174,0.009944780657419536,0.06574767241770452
-3.0,0.101,0.14300000000000002,2.9565523274252583,100,0.009949641091191456,0.07353258501416171
-3.0,0.101,0.15000000000000002,2.9451003237273357,100,0.009949641078731343,0.07567021498139048
-3.0,0.101,0.15700000000000003,2.9337372031805065,100,0.009949641078527282,0.07780754383291799
-3.0,0.101,0.16400000000000003,2.922464002570994,100,0.009949641079631252,0.0799443908289853
-3.0,0.101,0.171,2.9112817664754744,100,0.009949641079227193,0.08208057218527953
-3.0,0.101,0.17800000000000002,2.9001915470867115,100,0.00994964107885848,0.08421590108828436
-3.0,0.101,0.185,2.889194404027748,100,0.00994964107945465,0.08635018771377134
-3.0,0.101,0.192,2.8782914041543237,100,0.009949641079037444,0.08848323924854329
-3.0,0.101,0.199,2.867483621345284,100,0.0099496410791013,0.09061485991554108
-3.0,0.101,0.20600000000000002,2.856772136280673,100,0.009949641079135095,0.09274485100240948
-3.0,0.101,0.21300000000000002,2.8461580362072643,100,0.009949641079235997,0.0948730108936392
-3.0,0.101,0.22,2.8356424146912675,100,0.00994964107934701,0.0969991351063817
-3.0,0.10800000000000001,0.08,2.9679147123777523,100,0.009949641080796427,0.05789112583231937
-3.0,0.10800000000000001,0.08700000000000001,2.9827534462238696,151,0.00994478055791938,0.04964392441993837
-3.0,0.10800000000000001,0.094,2.992820722673519,31,0.009944780558364485,0.03295334301125019
-3.0,0.10800000000000001,0.101,2.998318761846494,187,0.009949641080335792,0.016314258530786385
-3.0,0.10800000000000001,0.10800000000000001,3.0000018995682574,0,0.019899275858609757,0.000562192781787485
-3.0,0.10800000000000001,0.115,2.998523154878504,185,0.009944780555596607,0.015221337091103848
-3.0,0.10800000000000001,0.12200000000000001,2.994459447616273,109,0.009949641080250702,0.029548260903324075
-3.0,0.10800000000000001,0.129,2.9882923534354693,192,0.009944780555421888,0.04117792310823598
-3.0,0.10800000000000001,0.136,2.9804404641238533,1,0.009944780557601084,0.05272293323480903
-3.0,0.10800000000000001,0.14300000000000002,2.971252617653013,151,0.009944780556125648,0.06280717365746713
-3.0,0.10800000000000001,0.15000000000000002,2.9610221223156654,3,0.009949641082997255,0.07197483679539296
-3.0,0.10800000000000001,0.15700000000000003,2.9500008234504382,99,0.009949641087827666,0.07928454183817213
-3.0,0.10800000000000001,0.16400000000000003,2.9387900107622813,100,0.009949641079066091,0.08140352348623281
-3.0,0.10800000000000001,0.171,2.927670132519278,100,0.009949641078654467,0.08352172511226807
-3.0,0.10800000000000001,0.17800000000000002,2.916642228801145,100,0.00994964107854299,0.08563896244076685
-3.0,0.10800000000000001,0.185,2.905707346808715,100,0.00994964107902201,0.08775504829639302
-3.0,0.10800000000000001,0.192,2.8948665406649683,99,0.00994964107936771,0.089869792627009
-3.0,0.10800000000000001,0.199,2.8841208712043183,99,0.009949641079277271,0.09198300252996383
-3.0,0.10800000000000001,0.20600000000000002,2.8734714057499384,100,0.009949641079017168,0.09409448228174688
-3.0,0.10800000000000001,0.21300000000000002,2.862919217878857,100,0.009949641079141194,0.09620403337110739
-3.0,0.10800000000000001,0.22,2.852465387174578,99,0.009949641079446321,0.0983114545357322
-3.0,0.115,0.08,2.95584386419624,100,0.009949641078544734,0.0600797610146343
-3.0,0.115,0.08700000000000001,2.9715908879025217,99,0.009949641085041473,0.06174091044542218
-3.0,0.115,0.094,2.9849703168006445,198,0.009949641090674014,0.04627977628322222
-3.0,0.115,0.101,2.993718686341208,91,0.009949641079358603,0.030633688856505303
-3.0,0.115,0.10800000000000001,2.998523154878504,185,0.009944780555596607,0.015221337091103626
-3.0,0.115,0.115,3.0000021537885067,199,0.019899275019266298,0.0005985984404388578
-3.0,0.115,0.12200000000000001,2.9986943352072686,7,0.00994964108416006,0.01499879346989752
-3.0,0.115,0.129,2.9950759835160197,191,0.009944780600152546,0.026934091616229616
-3.0,0.115,0.136,2.9895554853522954,0,0.007462686570072866,0.039508384367690885
-3.0,0.115,0.14300000000000002,2.982488509817249,170,0.009944780562581912,0.0503171988465424
-3.0,0.115,0.15000000000000002,2.974172037154129,177,0.009944780558057306,0.05942874105778895
-3.0,0.115,0.15700000000000003,2.9648630593621874,118,0.00994964108158857,0.06832938242203956
-3.0,0.115,0.16400000000000003,2.9547765166634883,142,0.009949641086804554,0.07686640959811486
-3.0,0.115,0.171,2.9440936634107358,189,0.009944784447488112,0.08421230769082522
-3.0,0.115,0.17800000000000002,2.9331342588348,100,0.00994964108544378,0.08703848667322744
-3.0,0.115,0.185,2.922261089434414,100,0.009949641079091465,0.08913659688737785
-3.0,0.115,0.192,2.9114819212534755,100,0.00994964107833832,0.09123326354244254
-3.0,0.115,0.199,2.9007978021986673,100,0.009949641079424476,0.09332829658998032
-3.0,0.115,0.20600000000000002,2.890209786362713,100,0.00994964107920698,0.09542150327117371
-3.0,0.115,0.21300000000000002,2.87971893378926,100,0.009949641079160387,0.09751268815080905
-3.0,0.115,0.22,2.869326310225675,100,0.009949641079257176,0.09960165315470626
-3.0,0.12200000000000001,0.08,2.943856648608451,100,0.009949641078913971,0.0622693681209181
-3.0,0.12200000000000001,0.08700000000000001,2.9596674514402683,100,0.009949641078102497,0.06391282288298694
-3.0,0.12200000000000001,0.094,2.97510752594332,106,0.009949641078231855,0.058650497258943
-3.0,0.12200000000000001,0.101,2.986785750878884,163,0.009944780556070565,0.043874882006620375
-3.0,0.12200000000000001,0.10800000000000001,2.994459447616273,109,0.009949641080250702,0.029548260903324075
-3.0,0.12200000000000001,0.115,2.9986943352072686,7,0.00994964108416006,0.014998793469897409
-3.0,0.12200000000000001,0.12200000000000001,3.000002423968748,199,0.019899274123062884,0.0006350001114835413
-3.0,0.12200000000000001,0.129,2.998834451074804,47,0.009944780554785353,0.013400305320018346
-3.0,0.12200000000000001,0.136,2.9955929353549635,48,0.009949641081269662,0.02607003879139025
-3.0,0.12200000000000001,0.14300000000000002,2.9906244460041056,91,0.009949641079860438,0.0372359812319385
-3.0,0.12200000000000001,0.15000000000000002,2.984230843340224,153,0.009949641081263233,0.047917945097758485
-3.0,0.12200000000000001,0.15700000000000003,2.9766692127580456,12,0.009944780554981969,0.0570066968717442
-3.0,0.12200000000000001,0.16400000000000003,2.968165343278159,141,0.009949641079434123,0.06546640643702573
-3.0,0.12200000000000001,0.171,2.9589093916201366,118,0.009949641087873362,0.0731716805737016
-3.0,0.12200000000000001,0.17800000000000002,2.94906127186298,148,0.00994964111188784,0.08055848006113087
-3.0,0.12200000000000001,0.185,2.9387599195212473,105,0.009944780568632605,0.08740187969762303
-3.0,0.12200000000000001,0.192,2.9281368608385563,99,0.009949641081945782,0.09257417202852303
-3.0,0.12200000000000001,0.199,2.9175137338590664,100,0.009949641085314905,0.09465125922518258
-3.0,0.12200000000000001,0.20600000000000002,2.906986602515128,100,0.00994964107943762,0.09672642803997
-3.0,0.12200000000000001,0.21300000000000002,2.896556513455245,100,0.009949641078538633,0.09879948608408196
-3.0,0.12200000000000001,0.22,2.886224518738787,100,0.009949641079128324,0.10087023843779463
-3.0,0.129,0.08,2.931954091403408,99,0.009949641079251446,0.06445977645286827
-3.0,0.129,0.08700000000000001,2.947828734790394,100,0.009949641078612678,0.06608539506887179
-3.0,0.129,0.094,2.9637505822363095,99,0.009949641091478886,0.06768431800807961
-3.0,0.129,0.101,2.978013464833774,193,0.009949641091096466,0.05545701032707606
-3.0,0.129,0.10800000000000001,2.9882923534354693,192,0.009944780555421888,0.04117792310823587
-3.0,0.129,0.115,2.9950759835160197,191,0.009944780600152546,0.026934091616229727
-3.0,0.129,0.12200000000000001,2.998834451074804,47,0.009944780554785353,0.013400305320018235
-3.0,0.129,0.129,3.000002710108977,199,0.01989927317357564,0.000671397795068196
-3.0,0.129,0.136,2.9989540138191013,126,0.009949641079465995,0.012821561815267835
-3.0,0.129,0.14300000000000002,2.9960342529742277,37,0.009949641079507354,0.02492313232826937
-3.0,0.129,0.15000000000000002,2.991537847058076,109,0.00994964107939916,0.035544494360315926
-3.0,0.129,0.15700000000000003,2.9857266180047475,165,0.009944780555105545,0.0458303863465499
-3.0,0.129,0.16400000000000003,2.978822591561505,45,0.009949641079443653,0.054599096174743345
-3.0,0.129,0.171,2.971025296958598,28,0.0099496410804009,0.06293802536644
-3.0,0.129,0.17800000000000002,2.9625026513592547,171,0.009944780557760897,0.07075074712625551
-3.0,0.129,0.185,2.953399558103579,118,0.009949641080467454,0.07794794708093755
-3.0,0.129,0.192,2.9438395786849916,106,0.009949641080255226,0.08444734474650584
-3.0,0.129,0.199,2.933930351956495,117,0.009949641114827257,0.09064543438166828
-3.0,0.129,0.20600000000000002,2.923761010251955,121,0.009949641224576328,0.09600957510060948
-3.0,0.129,0.21300000000000002,2.913431300399416,99,0.009949641084908414,0.10006492375009413
-3.0,0.129,0.22,2.903159361639655,100,0.009949641083524377,0.10211770359979822
-3.0,0.136,0.08,2.9201372277907702,100,0.009949641078766334,0.06665081191768651
-3.0,0.136,0.08700000000000001,2.9360757627636787,100,0.009949641078559503,0.0682584547683397
-3.0,0.136,0.094,2.952061000172328,100,0.009949641078780413,0.06983960042953175
-3.0,0.136,0.101,2.9678120121351736,174,0.009944780657419536,0.0657476724177044
-3.0,0.136,0.10800000000000001,2.9804404641238533,1,0.009944780557601084,0.05272293323480903
-3.0,0.136,0.115,2.9895554853522954,0,0.007462686570072866,0.03950838436769111
-3.0,0.136,0.12200000000000001,2.9955929353549635,48,0.009949641081269662,0.02607003879139025
-3.0,0.136,0.129,2.9989540138191013,126,0.009949641079465995,0.012821561815267613
-3.0,0.136,0.136,3.0000030122091883,0,0.01989927216849142,0.0007077914913392602
-3.0,0.136,0.14300000000000002,2.9990564981169516,70,0.00994964107962953,0.012099727934075877
-3.0,0.136,0.15000000000000002,2.9964122026698123,127,0.009944780554768263,0.02348889571101065
-3.0,0.136,0.15700000000000003,2.9923262125773067,76,0.009949641080946491,0.033409653628177494
-3.0,0.136,0.16400000000000003,2.987018955132851,55,0.009949641079481385,0.043125900410222795
-3.0,0.136,0.171,2.9806924618590482,141,0.009944780555303833,0.05252242126000117
-3.0,0.136,0.17800000000000002,2.973518095740427,29,0.009944780558516738,0.060435279202734726
-3.0,0.136,0.185,2.965647300805389,198,0.009944780556554445,0.06800919355102897
-3.0,0.136,0.192,2.9572104834304436,171,0.009944780555534638,0.07517828839677476
-3.0,0.136,0.199,2.9483177008198145,102,0.00994964107902208,0.0810842920192294
-3.0,0.136,0.20600000000000002,2.9390680996533685,132,0.009949641080484063,0.08736930133976328
-3.0,0.136,0.21300000000000002,2.9295455491200104,60,0.009949641080779694,0.09308292240013005
-3.0,0.136,0.22,2.9198206852691024,168,0.009949641091305,0.09817491815557533
-3.0,0.14300000000000002,0.08,2.908407102290414,100,0.009949641079197317,0.06884229702328659
-3.0,0.14300000000000002,0.08700000000000001,2.924409569162992,100,0.009949641078896794,0.07043182645791612
-3.0,0.14300000000000002,0.094,2.9404582282804506,100,0.009949641078828292,0.07199506207252393
-3.0,0.14300000000000002,0.101,2.9565523274252583,100,0.009949641091191456,0.07353258501416171
-3.0,0.14300000000000002,0.10800000000000001,2.971252617653013,151,0.009944780556125648,0.06280717365746724
-3.0,0.14300000000000002,0.115,2.982488509817249,170,0.009944780562581912,0.0503171988465424
-3.0,0.14300000000000002,0.12200000000000001,2.9906244460041056,91,0.009949641079860438,0.0372359812319385
-3.0,0.14300000000000002,0.129,2.9960342529742277,37,0.009949641079507354,0.024923132328269593
-3.0,0.14300000000000002,0.136,2.9990564981169516,70,0.00994964107962953,0.012099727934075988
-3.0,0.14300000000000002,0.14300000000000002,3.000003330269379,0,0.019899271113631014,0.0007441812004443937
-3.0,0.14300000000000002,0.15000000000000002,2.9991458104585655,173,0.009944780555147257,0.01123371939294826
-3.0,0.14300000000000002,0.15700000000000003,2.9967416706817507,12,0.009949641087182326,0.023184094677363265
-3.0,0.14300000000000002,0.16400000000000003,2.9930064295916363,186,0.009949641080357119,0.03219878112879637
-3.0,0.14300000000000002,0.171,2.988145528289727,105,0.009949641079580438,0.041107229350264896
-3.0,0.14300000000000002,0.17800000000000002,2.9823256026128337,1,0.007462686568788077,0.049828856762154206
-3.0,0.14300000000000002,0.185,2.975704199546496,27,0.009949641079456768,0.058286655921942376
-3.0,0.14300000000000002,0.192,2.968414163123586,69,0.009949641080526574,0.06531137243898666
-3.0,0.14300000000000002,0.199,2.9605735995501132,1,0.009944780556324273,0.0720995124587489
-3.0,0.14300000000000002,0.20600000000000002,2.952284230167717,141,0.009949641079575973,0.07860806561187139
-3.0,0.14300000000000002,0.21300000000000002,2.943636098218676,124,0.00994964107954138,0.08479623258581792
-3.0,0.14300000000000002,0.22,2.9347025594374365,18,0.009949641080272546,0.08983946284546263
-3.0,0.15000000000000002,0.08,2.896764768611436,100,0.009949641079070638,0.07103405087625059
-3.0,0.15000000000000002,0.08700000000000001,2.912831196658539,100,0.00994964107905551,0.07260533132544855
-3.0,0.15000000000000002,0.094,2.928943298235279,100,0.009949641078633971,0.07415052621808615
-3.0,0.15000000000000002,0.101,2.9451003237273357,100,0.009949641078731343,0.0756702149813906
-3.0,0.15000000000000002,0.10800000000000001,2.9610221223156654,3,0.009949641082997255,0.07197483679539307
-3.0,0.15000000000000002,0.115,2.974172037154129,177,0.009944780558057306,0.05942874105778895
-3.0,0.15000000000000002,0.12200000000000001,2.984230843340224,153,0.009949641081263233,0.047917945097758485
-3.0,0.15000000000000002,0.129,2.991537847058076,109,0.00994964107939916,0.035544494360315704
-3.0,0.15000000000000002,0.136,2.9964122026698123,127,0.009944780554768263,0.02348889571101065
-3.0,0.15000000000000002,0.14300000000000002,2.9991458104585655,173,0.009944780555147257,0.01123371939294826
-3.0,0.15000000000000002,0.15000000000000002,3.0000036642895425,199,0.019899270008070246,0.0007805669225294798
-3.0,0.15000000000000002,0.15700000000000003,2.9992224311614013,26,0.0099447805553564,0.011760755878631235
-3.0,0.15000000000000002,0.16400000000000003,2.9970232178883007,185,0.009944780555736676,0.021246370807807224
-3.0,0.15000000000000002,0.171,2.9936020468029425,164,0.009944780554970096,0.030703433548853964
-3.0,0.15000000000000002,0.17800000000000002,2.9891284092194916,196,0.009944780555064021,0.040045099283932406
-3.0,0.15000000000000002,0.185,2.9837606358147557,144,0.009949641079466272,0.04785047400995257
-3.0,0.15000000000000002,0.192,2.9776315183825983,16,0.009949641080192806,0.05551793755065948
-3.0,0.15000000000000002,0.199,2.9708613760033007,71,0.009944780554836372,0.06299865891997414
-3.0,0.15000000000000002,0.20600000000000002,2.963561461139228,147,0.00994964111124764,0.07024587806547078
-3.0,0.15000000000000002,0.21300000000000002,2.955814983466942,198,0.009944780556911496,0.07614300092800863
-3.0,0.15000000000000002,0.22,2.9477109891276174,138,0.009949641079087048,0.0818722666996754
-3.0,0.15700000000000003,0.08,2.885211289520229,100,0.009949641079617193,0.07322588918265671
-3.0,0.15700000000000003,0.08700000000000001,2.901341696652384,100,0.00994964107920886,0.07477878727298648
-3.0,0.15700000000000003,0.094,2.9175172501261866,100,0.009949641078857794,0.07630581297284744
-3.0,0.15700000000000003,0.101,2.9337372031805065,100,0.009949641078527282,0.07780754383291799
-3.0,0.15700000000000003,0.10800000000000001,2.9500008234504382,99,0.009949641087827666,0.07928454183817213
-3.0,0.15700000000000003,0.115,2.9648630593621874,118,0.00994964108158857,0.06832938242203956
-3.0,0.15700000000000003,0.12200000000000001,2.9766692127580456,12,0.009944780554981969,0.05700669687174442
-3.0,0.15700000000000003,0.129,2.9857266180047475,165,0.009944780555105545,0.0458303863465499
-3.0,0.15700000000000003,0.136,2.9923262125773067,76,0.009949641080946491,0.033409653628177494
-3.0,0.15700000000000003,0.14300000000000002,2.9967416706817507,12,0.009949641087182326,0.023184094677363154
-3.0,0.15700000000000003,0.15000000000000002,2.9992224311614013,26,0.0099447805553564,0.011760755878631124
-3.0,0.15700000000000003,0.15700000000000003,3.000004014269674,0,0.019899268845118476,0.000816948657741845
-3.0,0.15700000000000003,0.16400000000000003,2.999286958934974,30,0.00994964107978369,0.010680835363548802
-3.0,0.15700000000000003,0.171,2.997271016106263,7,0.009949641079864778,0.02059056155978789
-3.0,0.15700000000000003,0.17800000000000002,2.9941252263020552,162,0.00994964107983774,0.030453196701924923
-3.0,0.15700000000000003,0.185,2.98999634381939,123,0.009949641079472445,0.03870509313840054
-3.0,0.15700000000000003,0.192,2.9850281688577702,6,0.00994478055534698,0.046862478114679695
-3.0,0.15700000000000003,0.199,2.979338694217818,33,0.009949641080513202,0.05349886526317471
-3.0,0.15700000000000003,0.20600000000000002,2.973038565782205,7,0.009944780556086427,0.061383116061364484
-3.0,0.15700000000000003,0.21300000000000002,2.966220148492877,154,0.009949641079973672,0.067782332938367
-3.0,0.15700000000000003,0.22,2.9589727892809408,147,0.009949641112898644,0.07404329830836698
-3.0,0.16400000000000003,0.08,2.8737477366973043,99,0.009949641079360971,0.0754176242519099
-3.0,0.16400000000000003,0.08700000000000001,2.889942129131937,100,0.009949641079281124,0.07695200892260468
-3.0,0.16400000000000003,0.094,2.9061811323077853,100,0.009949641078916625,0.07846073927670594
-3.0,0.16400000000000003,0.101,2.922464002570994,100,0.009949641079631252,0.07994439082898508
-3.0,0.16400000000000003,0.10800000000000001,2.9387900107622813,100,0.009949641079066091,0.08140352348623281
-3.0,0.16400000000000003,0.115,2.9547765166634883,142,0.009949641086804554,0.07686640959811486
-3.0,0.16400000000000003,0.12200000000000001,2.968165343278159,141,0.009949641079434123,0.06546640643702573
-3.0,0.16400000000000003,0.129,2.978822591561505,45,0.009949641079443653,0.05459909617474357
-3.0,0.16400000000000003,0.136,2.987018955132851,55,0.009949641079481385,0.043125900410222684
-3.0,0.16400000000000003,0.14300000000000002,2.9930064295916363,186,0.009949641080357119,0.03219878112879626
-3.0,0.16400000000000003,0.15000000000000002,2.9970232178883007,185,0.009944780555736676,0.021246370807807002
-3.0,0.16400000000000003,0.15700000000000003,2.999286958934974,30,0.00994964107978369,0.010680835363548802
-3.0,0.16400000000000003,0.16400000000000003,3.000004380209766,0,0.01989925508906129,0.000853326406228816
-3.0,0.16400000000000003,0.171,2.999349676409914,127,0.009949641085903715,0.009453799645243066
-3.0,0.16400000000000003,0.17800000000000002,2.9974895776833237,165,0.009949641079533925,0.019793992596617183
-3.0,0.16400000000000003,0.185,2.994584283798081,127,0.009944780554812656,0.028460802040322086
-3.0,0.16400000000000003,0.192,2.990763712085694,13,0.009949641080823288,0.03708190321781801
-3.0,0.16400000000000003,0.199,2.9861555785527343,196,0.009944780555645025,0.0440808671133992
-3.0,0.16400000000000003,0.20600000000000002,2.9808587280444945,55,0.009949641080324884,0.05251005928107577
-3.0,0.16400000000000003,0.21300000000000002,2.9749792999117592,165,0.009944780555926742,0.059336804428847256
-3.0,0.16400000000000003,0.22,2.968601153383968,7,0.009944780555042394,0.06468473601784763
-3.0,0.171,0.08,2.8623751905824917,100,0.009949641079082973,0.07760906500369635
-3.0,0.171,0.08700000000000001,2.878633562512067,100,0.009949641079293824,0.07912480762528329
-3.0,0.171,0.094,2.8949360012392407,100,0.009949641079018313,0.08061511891349349
-3.0,0.171,0.101,2.9112817664754744,100,0.009949641079227193,0.08208057218527953
-3.0,0.171,0.10800000000000001,2.927670132519278,100,0.009949641078654467,0.08352172511226807
-3.0,0.171,0.115,2.9440936634107358,189,0.009944784447488112,0.08421230769082533
-3.0,0.171,0.12200000000000001,2.9589093916201366,118,0.009949641087873362,0.0731716805737016
-3.0,0.171,0.129,2.971025296958598,28,0.0099496410804009,0.06293802536644
-3.0,0.171,0.136,2.9806924618590482,141,0.009944780555303833,0.052522421260001395
-3.0,0.171,0.14300000000000002,2.988145528289727,105,0.009949641079580438,0.04110722935026501
-3.0,0.171,0.15000000000000002,2.9936020468029425,164,0.009944780554970096,0.030703433548854187
-3.0,0.171,0.15700000000000003,2.997271016106263,7,0.009949641079864778,0.020590561559788
-3.0,0.171,0.16400000000000003,2.999349676409914,127,0.009949641085903715,0.009453799645242844
-3.0,0.171,0.171,3.000004762109818,0,0.01989926636487926,0.0008897001681371641
-3.0,0.171,0.17800000000000002,2.999396746668778,72,0.009949641079661774,0.009842917112448002
-3.0,0.171,0.185,2.997683265694119,181,0.009944780555093369,0.0188554101218964
-3.0,0.171,0.192,2.9949926550413366,187,0.009949641079574084,0.027866679715986997
-3.0,0.171,0.199,2.991448775010159,169,0.009944780555891394,0.03516985854050969
-3.0,0.171,0.20600000000000002,2.9871594576707188,123,0.009949641089890621,0.04245527632040702
-3.0,0.171,0.21300000000000002,2.9822180896494244,105,0.00994964107951644,0.0496911298314473
-3.0,0.171,0.22,2.9767164015403593,184,0.009944780555111938,0.056846290769004715
-3.0,0.17800000000000002,0.08,2.851094740208192,100,0.009949641079043664,0.0798000169781986
-3.0,0.17800000000000002,0.08700000000000001,2.8674170734655204,100,0.009949641079398275,0.08129699147297598
-3.0,0.17800000000000002,0.094,2.8837829213121613,100,0.00994964107920721,0.08276876252475251
-3.0,0.17800000000000002,0.101,2.9001915470867115,100,0.00994964107885848,0.08421590108828436
-3.0,0.17800000000000002,0.10800000000000001,2.916642228801145,100,0.00994964107854299,0.08563896244076685
-3.0,0.17800000000000002,0.115,2.9331342588348,100,0.00994964108544378,0.08703848667322744
-3.0,0.17800000000000002,0.12200000000000001,2.94906127186298,148,0.00994964111188784,0.08055848006113098
-3.0,0.17800000000000002,0.129,2.9625026513592547,171,0.009944780557760897,0.07075074712625551
-3.0,0.17800000000000002,0.136,2.973518095740427,29,0.009944780558516738,0.060435279202734726
-3.0,0.17800000000000002,0.14300000000000002,2.9823256026128337,1,0.007462686568788077,0.04982885676215443
-3.0,0.17800000000000002,0.15000000000000002,2.9891284092194916,196,0.009944780555064021,0.040045099283932406
-3.0,0.17800000000000002,0.15700000000000003,2.9941252263020552,162,0.00994964107983774,0.030453196701925145
-3.0,0.17800000000000002,0.16400000000000003,2.9974895776833237,165,0.009949641079533925,0.019793992596617183
-3.0,0.17800000000000002,0.171,2.999396746668778,72,0.009949641079661774,0.009842917112448002
-3.0,0.17800000000000002,0.17800000000000002,3.0000051599698185,0,0.01989926504536177,0.0009260699436141051
-3.0,0.17800000000000002,0.185,2.9994457429956936,127,0.009949641079405358,0.010231557706284367
-3.0,0.17800000000000002,0.192,2.9978572607768763,126,0.00994964107953996,0.017773429810229002
-3.0,0.17800000000000002,0.199,2.9953579212921535,103,0.009949641079334394,0.0271348979203494
-3.0,0.17800000000000002,0.20600000000000002,2.9920567280583494,162,0.009949641079557798,0.0347010969505378
-3.0,0.17800000000000002,0.21300000000000002,2.988054082302531,75,0.009944780554670516,0.04223961366294049
-3.0,0.17800000000000002,0.22,2.9834370619867654,196,0.009944780555422045,0.04807024467072685
-3.0,0.185,0.08,2.839907483020328,100,0.009949641079093484,0.08199028234969119
-3.0,0.185,0.08700000000000001,2.8562937467413265,100,0.009949641079024643,0.0834683653139775
-3.0,0.185,0.094,2.8727229646667527,100,0.00994964107902706,0.08492147762673452
-3.0,0.185,0.101,2.889194404027748,100,0.00994964107945465,0.08635018771377134
-3.0,0.185,0.10800000000000001,2.905707346808715,100,0.00994964107902201,0.08775504829639325
-3.0,0.185,0.115,2.922261089434414,100,0.009949641079091465,0.08913659688737807
-3.0,0.185,0.12200000000000001,2.9387599195212473,105,0.009944780568632605,0.08740187969762303
-3.0,0.185,0.129,2.953399558103579,118,0.009949641080467454,0.07794794708093755
-3.0,0.185,0.136,2.965647300805389,198,0.009944780556554445,0.06800919355102897
-3.0,0.185,0.14300000000000002,2.975704199546496,27,0.009949641079456768,0.058286655921942376
-3.0,0.185,0.15000000000000002,2.9837606358147557,144,0.009949641079466272,0.04785047400995257
-3.0,0.185,0.15700000000000003,2.98999634381939,123,0.009949641079472445,0.03870509313840065
-3.0,0.185,0.16400000000000003,2.994584283798081,127,0.009944780554812656,0.028460802040322086
-3.0,0.185,0.171,2.997683265694119,181,0.009944780555093369,0.01885541012189651
-3.0,0.185,0.17800000000000002,2.9994457429956936,127,0.009949641079405358,0.010231557706284367
-3.0,0.185,0.185,3.0000055737897635,199,0.019899263674341132,0.0009624357328068545
-3.0,0.185,0.192,2.999484209390938,44,0.009944780554716749,0.00871755969467014
-3.0,0.185,0.199,2.998011384001114,73,0.009949641079519457,0.0184265398901714
-3.0,0.185,0.20600000000000002,2.995684073642539,185,0.009944780554823314,0.026264199772076724
-3.0,0.185,0.21300000000000002,2.992607592548385,177,0.00994964107951518,0.0340981282453956
-3.0,0.185,0.22,2.988860632460505,48,0.00994964108011991,0.04012642148569523
-3.0,0.192,0.08,2.828814524686669,99,0.00994964107941514,0.08417965994365362
-3.0,0.192,0.08700000000000001,2.8452646749708577,99,0.009949641079275227,0.08563873077172335
-3.0,0.192,0.094,2.861757210995921,100,0.009949641079220459,0.08707306863073894
-3.0,0.192,0.101,2.8782914041543237,100,0.009949641079037444,0.08848323924854329
-3.0,0.192,0.10800000000000001,2.8948665406649683,99,0.00994964107936771,0.089869792627009
-3.0,0.192,0.115,2.9114819212534755,100,0.00994964107833832,0.09123326354244254
-3.0,0.192,0.12200000000000001,2.9281368608385563,99,0.009949641081945782,0.0925741720285228
-3.0,0.192,0.129,2.9438395786849916,106,0.009949641080255226,0.08444734474650584
-3.0,0.192,0.136,2.9572104834304436,171,0.009944780555534638,0.07517828839677476
-3.0,0.192,0.14300000000000002,2.968414163123586,69,0.009949641080526574,0.06531137243898666
-3.0,0.192,0.15000000000000002,2.9776315183825983,16,0.009949641080192806,0.05551793755065948
-3.0,0.192,0.15700000000000003,2.9850281688577702,6,0.00994478055534698,0.046862478114679695
-3.0,0.192,0.16400000000000003,2.990763712085694,13,0.009949641080823288,0.03708190321781801
-3.0,0.192,0.171,2.9949926550413366,187,0.009949641079574084,0.027866679715986997
-3.0,0.192,0.17800000000000002,2.9978572607768763,126,0.00994964107953996,0.017773429810229002
-3.0,0.192,0.185,2.999484209390938,44,0.009944780554716749,0.00871755969467014
-3.0,0.192,0.192,3.000006003569646,0,0.019899262247533606,0.0009987975358628498
-3.0,0.192,0.199,2.9995196161774023,21,0.009944780555111112,0.009036808189130774
-3.0,0.192,0.20600000000000002,2.998145707195255,129,0.009949641079278539,0.01713366416403317
-3.0,0.192,0.21300000000000002,2.995975936250915,7,0.009949641080175351,0.025253196084892626
-3.0,0.192,0.22,2.9931004865784,187,0.009949641081198819,0.03147153827075333
-3.0,0.199,0.08,2.8178169788921816,100,0.009949641079164994,0.08636794525752545
-3.0,0.199,0.08700000000000001,2.8343309584612406,100,0.009949641079385865,0.08780788626713332
-3.0,0.199,0.094,2.8508867473370367,100,0.009949641079297395,0.08922333686690376
-3.0,0.199,0.101,2.867483621345284,100,0.0099496410791013,0.09061485991554119
-3.0,0.199,0.10800000000000001,2.8841208712043183,99,0.009949641079277271,0.09198300252996372
-3.0,0.199,0.115,2.9007978021986673,100,0.009949641079424476,0.09332829658998054
-3.0,0.199,0.12200000000000001,2.9175137338590664,100,0.009949641085314905,0.0946512592251827
-3.0,0.199,0.129,2.933930351956495,117,0.009949641114827257,0.09064543438166839
-3.0,0.199,0.136,2.9483177008198145,102,0.00994964107902208,0.08108429201922929
-3.0,0.199,0.14300000000000002,2.9605735995501132,1,0.009944780556324273,0.0720995124587489
-3.0,0.199,0.15000000000000002,2.9708613760033007,71,0.009944780554836372,0.06299865891997414
-3.0,0.199,0.15700000000000003,2.979338694217818,33,0.009949641080513202,0.05349886526317449
-3.0,0.199,0.16400000000000003,2.9861555785527343,196,0.009944780555645025,0.0440808671133992
-3.0,0.199,0.171,2.991448775010159,169,0.009944780555891394,0.03516985854050958
-3.0,0.199,0.17800000000000002,2.9953579212921535,103,0.009949641079334394,0.0271348979203494
-3.0,0.199,0.185,2.998011384001114,73,0.009949641079519457,0.0184265398901714
-3.0,0.199,0.192,2.9995196161774023,21,0.009944780555111112,0.009036808189130774
-3.0,0.199,0.199,3.000006449309458,199,0.019899260770649647,0.0010351553529294177
-3.0,0.199,0.20600000000000002,2.9995563133952126,21,0.009944780554938358,0.009355736939901549
-3.0,0.199,0.21300000000000002,2.99827444294996,26,0.009944780555284497,0.01569378080216166
-3.0,0.199,0.22,2.9962391673027136,34,0.009949641079580405,0.024100364431093868
-3.0,0.20600000000000002,0.08,2.806915967121075,100,0.009949641079168499,0.0885549304852351
-3.0,0.20600000000000002,0.08700000000000001,2.8234937049758044,100,0.009949641079066625,0.08997562704462747
-3.0,0.20600000000000002,0.094,2.84011266785107,100,0.009949641079117957,0.09137208061156654
-3.0,0.20600000000000002,0.101,2.856772136280673,100,0.009949641079135095,0.09274485100240926
-3.0,0.20600000000000002,0.10800000000000001,2.8734714057499384,100,0.009949641079017168,0.09409448228174688
-3.0,0.20600000000000002,0.115,2.890209786362713,100,0.00994964107920698,0.09542150327117382
-3.0,0.20600000000000002,0.12200000000000001,2.906986602515128,100,0.00994964107943762,0.09672642803997
-3.0,0.20600000000000002,0.129,2.923761010251955,121,0.009949641224576328,0.09600957510060948
-3.0,0.20600000000000002,0.136,2.9390680996533685,132,0.009949641080484063,0.08736930133976317
-3.0,0.20600000000000002,0.14300000000000002,2.952284230167717,141,0.009949641079575973,0.07860806561187139
-3.0,0.20600000000000002,0.15000000000000002,2.963561461139228,147,0.00994964111124764,0.07024587806547078
-3.0,0.20600000000000002,0.15700000000000003,2.973038565782205,7,0.009944780556086427,0.061383116061364484
-3.0,0.20600000000000002,0.16400000000000003,2.9808587280444945,55,0.009949641080324884,0.05251005928107577
-3.0,0.20600000000000002,0.171,2.9871594576707188,123,0.009949641089890621,0.04245527632040702
-3.0,0.20600000000000002,0.17800000000000002,2.9920567280583494,162,0.009949641079557798,0.0347010969505378
-3.0,0.20600000000000002,0.185,2.995684073642539,185,0.009944780554823314,0.026264199772076502
-3.0,0.20600000000000002,0.192,2.998145707195255,129,0.009949641079278539,0.01713366416403317
-3.0,0.20600000000000002,0.199,2.9995563133952126,21,0.009944780554938358,0.00935573693990166
-3.0,0.20600000000000002,0.20600000000000002,3.0000069110091947,199,0.01989925923928867,0.0010715091841536628
-3.0,0.20600000000000002,0.21300000000000002,2.999584492574458,85,0.009949641079587441,0.007551221085421056
-3.0,0.20600000000000002,0.22,2.998381487088718,26,0.00994478055499512,0.016213598610617996
-3.0,0.21300000000000002,0.08,2.796112618425229,100,0.00994964107916977,0.09074040454562837
-3.0,0.21300000000000002,0.08700000000000001,2.8127540295012547,100,0.00994964107908145,0.09214174520192908
-3.0,0.21300000000000002,0.094,2.8294360735888127,100,0.009949641079226053,0.09351909511829981
-3.0,0.21300000000000002,0.101,2.8461580362072643,100,0.009949641079235997,0.0948730108936392
-3.0,0.21300000000000002,0.10800000000000001,2.862919217878857,100,0.009949641079141194,0.0962040333711075
-3.0,0.21300000000000002,0.115,2.87971893378926,100,0.009949641079160387,0.09751268815080905
-3.0,0.21300000000000002,0.12200000000000001,2.896556513455245,100,0.009949641078538633,0.09879948608408173
-3.0,0.21300000000000002,0.129,2.913431300399416,99,0.009949641084908414,0.1000649237500939
-3.0,0.21300000000000002,0.136,2.9295455491200104,60,0.009949641080779694,0.09308292240013027
-3.0,0.21300000000000002,0.14300000000000002,2.943636098218676,124,0.00994964107954138,0.08479623258581792
-3.0,0.21300000000000002,0.15000000000000002,2.955814983466942,198,0.009944780556911496,0.07614300092800863
-3.0,0.21300000000000002,0.15700000000000003,2.966220148492877,154,0.009949641079973672,0.0677823329383671
-3.0,0.21300000000000002,0.16400000000000003,2.9749792999117592,165,0.009944780555926742,0.059336804428847256
-3.0,0.21300000000000002,0.171,2.9822180896494244,105,0.00994964107951644,0.049691129831447634
-3.0,0.21300000000000002,0.17800000000000002,2.988054082302531,75,0.009944780554670516,0.0422396136629406
-3.0,0.21300000000000002,0.185,2.992607592548385,177,0.00994964107951518,0.0340981282453956
-3.0,0.21300000000000002,0.192,2.995975936250915,7,0.009949641080175351,0.025253196084892626
-3.0,0.21300000000000002,0.199,2.99827444294996,26,0.009944780555284497,0.01569378080216166
-3.0,0.21300000000000002,0.20600000000000002,2.999584492574458,85,0.009949641079587441,0.007551221085421056
-3.0,0.21300000000000002,0.21300000000000002,3.000007388668847,0,0.019899257653805968,0.0011078590296835777
-3.0,0.21300000000000002,0.22,2.9996082689287156,114,0.009949641079397218,0.0078005234065050555
-3.0,0.22,0.08,2.7854080691786844,100,0.009949641079173129,0.09292415311492219
-3.0,0.22,0.08700000000000001,2.8021130540012966,100,0.009949641079316925,0.09430602972377655
-3.0,0.22,0.094,2.8188580722439025,100,0.009949641079208338,0.09566417265274241
-3.0,0.22,0.101,2.8356424146912675,100,0.00994964107934701,0.0969991351063817
-3.0,0.22,0.10800000000000001,2.852465387174578,99,0.009949641079446321,0.0983114545357322
-3.0,0.22,0.115,2.869326310225675,100,0.009949641079257176,0.09960165315470626
-3.0,0.22,0.12200000000000001,2.886224518738787,100,0.009949641079128324,0.10087023843779463
-3.0,0.22,0.129,2.903159361639655,100,0.009949641083524377,0.10211770359979822
-3.0,0.22,0.136,2.9198206852691024,168,0.009949641091305,0.09817491815557533
-3.0,0.22,0.14300000000000002,2.9347025594374365,18,0.009949641080272546,0.08983946284546263
-3.0,0.22,0.15000000000000002,2.9477109891276174,138,0.009949641079087048,0.08187226669967562
-3.0,0.22,0.15700000000000003,2.9589727892809408,147,0.009949641112898644,0.07404329830836698
-3.0,0.22,0.16400000000000003,2.968601153383968,7,0.009944780555042394,0.06468473601784752
-3.0,0.22,0.171,2.9767164015403593,184,0.009944780555111938,0.05684629076900494
-3.0,0.22,0.17800000000000002,2.9834370619867654,196,0.009944780555422045,0.048070244670726736
-3.0,0.22,0.185,2.988860632460505,48,0.00994964108011991,0.04012642148569523
-3.0,0.22,0.192,2.9931004865784,187,0.009949641081198819,0.03147153827075333
-3.0,0.22,0.199,2.9962391673027136,34,0.009949641079580405,0.024100364431093868
-3.0,0.22,0.20600000000000002,2.998381487088718,26,0.00994478055499512,0.016213598610617885
-3.0,0.22,0.21300000000000002,2.9996082689287156,114,0.009949641079397218,0.0078005234065050555
-3.0,0.22,0.22,3.000007882288408,199,0.01989925601768536,0.0011442048896664891
-2.0,0.08,0.08,2.000001563430548,199,0.01989927438455702,0.0006246000409323438
-2.0,0.08,0.08700000000000001,1.9982459099159526,5,0.00994478055785902,0.020656625948827667
-2.0,0.08,0.094,1.9935574993892708,55,0.009949641081076417,0.037793780743999084
-2.0,0.08,0.101,1.9866737445297877,29,0.00994478055676624,0.052785792241907825
-2.0,0.08,0.10800000000000001,1.9781805526419143,184,0.009949641081292423,0.06622358037505816
-2.0,0.08,0.115,1.9685424188364324,123,0.009944780556736081,0.07814841481034318
-2.0,0.08,0.12200000000000001,1.9581220366742893,190,0.009949642152343093,0.08857297607254322
-2.0,0.08,0.129,1.9473907810343438,100,0.00994964108415074,0.09263966140314739
-2.0,0.08,0.136,1.9367947927140525,100,0.009949641078276837,0.09576165098831413
-2.0,0.08,0.14300000000000002,1.9263439704794072,100,0.009949641078906375,0.09887907182170508
-2.0,0.08,0.15000000000000002,1.916040689706731,100,0.009949641078826635,0.10199126334743003
-2.0,0.08,0.15700000000000003,1.9058873432374497,100,0.009949641078825665,0.105097552302854
-2.0,0.08,0.16400000000000003,1.8958863399752997,100,0.009949641078962335,0.10819725307227568
-2.0,0.08,0.171,1.8860401033881957,99,0.009949641079446337,0.11128966808234175
-2.0,0.08,0.17800000000000002,1.876351069912971,100,0.009949641079054477,0.11437408824040896
-2.0,0.08,0.185,1.8668216872615142,100,0.00994964107893655,0.11744979341695982
-2.0,0.08,0.192,1.857454412627044,100,0.009949641079221382,0.12051605297305534
-2.0,0.08,0.199,1.8482517107896348,100,0.009949641079151611,0.1235721263336722
-2.0,0.08,0.20600000000000002,1.839216052120393,100,0.009949641079221406,0.12661726360761916
-2.0,0.08,0.21300000000000002,1.8303499104841177,100,0.00994964107911672,0.12965070625456143
-2.0,0.08,0.22,1.8216557610406225,100,0.009949641079239294,0.13267168779949245
-2.0,0.08700000000000001,0.08,1.9982459099159526,5,0.00994478055785902,0.020656625948827556
-2.0,0.08700000000000001,0.08700000000000001,2.0000018490007774,0,0.019899272960175584,0.0006791967799307796
-2.0,0.08700000000000001,0.094,1.9985064966717585,185,0.009944780555703905,0.0184453167549139
-2.0,0.08700000000000001,0.101,1.9944786741337168,3,0.009944780558727558,0.03468933477213354
-2.0,0.08700000000000001,0.10800000000000001,1.9885036243618068,189,0.009949641091229698,0.04909158700379623
-2.0,0.08700000000000001,0.115,1.9810590440762748,145,0.009949641079701489,0.06253877280389608
-2.0,0.08700000000000001,0.12200000000000001,1.9725326177455307,193,0.00994964108140453,0.07384598305893941
-2.0,0.08700000000000001,0.129,1.9632310866962714,2,0.009944780561297668,0.08384753229379316
-2.0,0.08700000000000001,0.136,1.9533992790217078,168,0.009949641083301895,0.09276458564544798
-2.0,0.08700000000000001,0.14300000000000002,1.94323027786134,150,0.009949642649652634,0.10074109416250132
-2.0,0.08700000000000001,0.15000000000000002,1.933017020146553,100,0.009949641082278277,0.10384427932943563
-2.0,0.08700000000000001,0.15700000000000003,1.9229533121417994,100,0.009949641079493438,0.10690977002538404
-2.0,0.08700000000000001,0.16400000000000003,1.9130415284748405,100,0.009949641079154626,0.10996843214705154
-2.0,0.08700000000000001,0.171,1.9032840426885764,100,0.009949641079203587,0.11301958629497733
-2.0,0.08700000000000001,0.17800000000000002,1.89368323991315,100,0.009949641079104453,0.11606254234792746
-2.0,0.08700000000000001,0.185,1.8842415151976515,100,0.009949641079181632,0.11909659994114341
-2.0,0.08700000000000001,0.192,1.8749612717472581,100,0.009949641079117498,0.12212104898696197
-2.0,0.08700000000000001,0.199,1.8658449190651476,100,0.009949641079095475,0.1251351702385045
-2.0,0.08700000000000001,0.20600000000000002,1.8568948709988247,100,0.009949641079027103,0.1281382358969987
-2.0,0.08700000000000001,0.21300000000000002,1.8481135436908722,100,0.009949641079048535,0.13112951026312536
-2.0,0.08700000000000001,0.22,1.839503353434536,100,0.009949641079242,0.13410825043261032
-2.0,0.094,0.08,1.9935574993892708,55,0.009949641081076417,0.03779378074399897
-2.0,0.094,0.08700000000000001,1.9985064966717585,185,0.009944780555703905,0.0184453167549139
-2.0,0.094,0.094,2.0000021585109797,199,0.01989927142284514,0.0007337845475452465
-2.0,0.094,0.101,1.9987135997816248,165,0.009949641079213485,0.016998476949945385
-2.0,0.094,0.10800000000000001,1.9952141559649943,8,0.009944780556474533,0.033150196825285305
-2.0,0.094,0.115,1.9899803580848978,184,0.009944780554881743,0.04622925803799738
-2.0,0.094,0.12200000000000001,1.9834051008935465,195,0.00994478055495114,0.05879954425329359
-2.0,0.094,0.129,1.9758124676167494,171,0.009949641079664352,0.06959238581015958
-2.0,0.094,0.136,1.967466571256612,15,0.009949641079837571,0.07968266767920218
-2.0,0.094,0.14300000000000002,1.9585773953305534,181,0.009949641080923449,0.08813881182633865
-2.0,0.094,0.15000000000000002,1.9493197185497944,123,0.009944780556138377,0.09587329859259475
-2.0,0.094,0.15700000000000003,1.939829574147473,168,0.00994964109291202,0.10328750052147939
-2.0,0.094,0.16400000000000003,1.9302165777530855,84,0.009949641078868907,0.1097747753885987
-2.0,0.094,0.171,1.920577213029657,100,0.009949641081835792,0.11470619162473938
-2.0,0.094,0.17800000000000002,1.9110632896855504,100,0.009949641080691537,0.11770855950894332
-2.0,0.094,0.185,1.901707856546355,100,0.009949641081221056,0.12070186262235283
-2.0,0.094,0.192,1.8925132640507143,100,0.009949641080620596,0.12368541087226526
-2.0,0.094,0.199,1.8834818677271676,100,0.00994964107969318,0.12665850573269966
-2.0,0.094,0.20600000000000002,1.8746160262831255,100,0.00994964107992747,0.1296204408384959
-2.0,0.094,0.21300000000000002,1.8659180996038986,100,0.009949641080032393,0.13257050262053982
-2.0,0.094,0.22,1.8573904466623867,100,0.009949641079296929,0.1355079709822422
-2.0,0.101,0.08,1.9866737445297877,29,0.00994478055676624,0.052785792241907825
-2.0,0.101,0.08700000000000001,1.9944786741337168,3,0.009944780558727558,0.03468933477213354
-2.0,0.101,0.094,1.9987135997816248,165,0.009949641079213485,0.016998476949945274
-2.0,0.101,0.101,2.0000024919611445,199,0.019899269763721875,0.0007883633442709037
-2.0,0.101,0.10800000000000001,1.9988796513990685,18,0.009944780556160703,0.01665688635582252
-2.0,0.101,0.115,1.9958123055508168,30,0.009944780554894424,0.030976036167034482
-2.0,0.101,0.12200000000000001,1.9911906606651986,105,0.009949641079100308,0.043636445320476946
-2.0,0.101,0.129,1.9853438010695854,183,0.009949641080686961,0.05595818924961671
-2.0,0.101,0.136,1.978543082784553,154,0.009949641089507934,0.06534896805121859
-2.0,0.101,0.14300000000000002,1.9710137789638642,28,0.009949641079977208,0.07558575502584974
-2.0,0.101,0.15000000000000002,1.962946035123751,141,0.009949641080622107,0.08423936047588187
-2.0,0.101,0.15700000000000003,1.9544896104221012,124,0.009949641079852797,0.09152064404211879
-2.0,0.101,0.16400000000000003,1.9457707088754617,186,0.00994478055900667,0.09847419738360152
-2.0,0.101,0.171,1.9368881852404705,93,0.00994964107897356,0.10504807910600111
-2.0,0.101,0.17800000000000002,1.9279241735569326,142,0.009949641081200212,0.11119332934492332
-2.0,0.101,0.185,1.9189446855967154,176,0.009944780570141925,0.11686400192622393
-2.0,0.101,0.192,1.9100012990831705,135,0.009949641194708774,0.12160288035981559
-2.0,0.101,0.199,1.901134770522749,63,0.009949641144335062,0.12661190616287654
-2.0,0.101,0.20600000000000002,1.8923776664378325,19,0.009949641157793643,0.13075326251662667
-2.0,0.101,0.21300000000000002,1.8837624178692487,99,0.009949641079121739,0.13397502518059956
-2.0,0.101,0.22,1.8753159104267922,100,0.009949641083971741,0.13687216354480403
-2.0,0.10800000000000001,0.08,1.9781805526419143,184,0.009949641081292423,0.06622358037505816
-2.0,0.10800000000000001,0.08700000000000001,1.9885036243618068,189,0.009949641091229698,0.04909158700379601
-2.0,0.10800000000000001,0.094,1.9952141559649943,8,0.009944780556474533,0.033150196825285416
-2.0,0.10800000000000001,0.101,1.9988796513990685,18,0.009944780556160703,0.01665688635582252
-2.0,0.10800000000000001,0.10800000000000001,2.0000028493512585,199,0.019899267983600238,0.0008429331706041321
-2.0,0.10800000000000001,0.115,1.9990180510873397,126,0.009949641080427738,0.016105602589843948
-2.0,0.10800000000000001,0.12200000000000001,1.9963073736070958,22,0.009949641082070788,0.029740342824293498
-2.0,0.10800000000000001,0.129,1.9921950344679347,40,0.009949641079751376,0.04168989876657736
-2.0,0.10800000000000001,0.136,1.9869618699334293,144,0.009949641079303916,0.05199257743456731
-2.0,0.10800000000000001,0.14300000000000002,1.980836464087078,189,0.009949641082448148,0.06212255694320401
-2.0,0.10800000000000001,0.15000000000000002,1.9740147641870842,25,0.009949641080679696,0.07198165601717132
-2.0,0.10800000000000001,0.15700000000000003,1.9666625055649127,54,0.009949641080382234,0.08028062659525936
-2.0,0.10800000000000001,0.16400000000000003,1.9589163445514004,120,0.009949641457246704,0.08719202477019805
-2.0,0.10800000000000001,0.171,1.9508825813881872,184,0.00994964108111948,0.09501750667254794
-2.0,0.10800000000000001,0.17800000000000002,1.9426597117228577,102,0.009949641079108252,0.10151984879146081
-2.0,0.10800000000000001,0.185,1.9343202355614866,18,0.009949641079559436,0.10688889744463925
-2.0,0.10800000000000001,0.192,1.9259291964585314,67,0.009949641079153719,0.11214496946282493
-2.0,0.10800000000000001,0.199,1.9175339520147288,93,0.00994964107918489,0.11726970066432618
-2.0,0.10800000000000001,0.20600000000000002,1.9091762070541214,139,0.00994964108025619,0.12224539733212525
-2.0,0.10800000000000001,0.21300000000000002,1.9008901807249305,142,0.009949641083447714,0.12637301085363428
-2.0,0.10800000000000001,0.22,1.8927001577096034,154,0.009944780556263902,0.13043294722716703
-2.0,0.115,0.08,1.9685424188364324,123,0.009944780556736081,0.07814841481034329
-2.0,0.115,0.08700000000000001,1.9810590440762748,145,0.009949641079701489,0.06253877280389608
-2.0,0.115,0.094,1.9899803580848978,184,0.009944780554881743,0.04622925803799738
-2.0,0.115,0.101,1.9958123055508168,30,0.009944780554894424,0.030976036167034704
-2.0,0.115,0.10800000000000001,1.9990180510873397,126,0.009949641080427738,0.016105602589843837
-2.0,0.115,0.115,2.00000323068131,199,0.019899266088250128,0.0008974940270409792
-2.0,0.115,0.12200000000000001,1.9991314174577073,26,0.00994478055895627,0.013583366443191247
-2.0,0.115,0.129,1.9967178029951225,12,0.009949641080215926,0.028086615119222502
-2.0,0.115,0.136,1.993036747774601,186,0.009949641079983475,0.03910849979434794
-2.0,0.115,0.14300000000000002,1.9883249562104994,105,0.009949641079321425,0.05004649451928411
-2.0,0.115,0.15000000000000002,1.9827818776509716,33,0.009949641080313279,0.05928591180773779
-2.0,0.115,0.15700000000000003,1.9765752120527813,192,0.009944780554989268,0.06839990595864764
-2.0,0.115,0.16400000000000003,1.96985353855821,25,0.009949641081205466,0.0773238202136094
-2.0,0.115,0.171,1.9627313318658623,12,0.009944780556993547,0.08470311477323511
-2.0,0.115,0.17800000000000002,1.9553120155739003,1,0.009944780555298986,0.0906906395289343
-2.0,0.115,0.185,1.9476843749188866,138,0.009949641081444655,0.09782021233958005
-2.0,0.115,0.192,1.9399144383523128,184,0.009949641080647853,0.1036225049994729
-2.0,0.115,0.199,1.9320616902769632,11,0.009944780554986807,0.10823896438998937
-2.0,0.115,0.20600000000000002,1.9241755182364344,17,0.00994478055529844,0.11388409635198027
-2.0,0.115,0.21300000000000002,1.9162947221311006,181,0.009949641079598818,0.11840772771872798
-2.0,0.115,0.22,1.9084530188886624,88,0.009949641079375893,0.12288689752475979
-2.0,0.12200000000000001,0.08,1.9581220366742893,190,0.009949642152343093,0.08857297607254333
-2.0,0.12200000000000001,0.08700000000000001,1.9725326177455307,193,0.00994964108140453,0.07384598305893952
-2.0,0.12200000000000001,0.094,1.9834051008935465,195,0.00994478055495114,0.0587995442532937
-2.0,0.12200000000000001,0.101,1.9911906606651986,105,0.009949641079100308,0.043636445320476946
-2.0,0.12200000000000001,0.10800000000000001,1.9963073736070958,22,0.009949641082070788,0.029740342824293498
-2.0,0.12200000000000001,0.115,1.9991314174577073,26,0.00994478055895627,0.013583366443191247
-2.0,0.12200000000000001,0.12200000000000001,2.000003635951285,199,0.019899264071862773,0.00095204591407827
-2.0,0.12200000000000001,0.129,1.9992249077100115,39,0.009944780554860408,0.014367888625996805
-2.0,0.12200000000000001,0.136,1.9970619569503534,185,0.009944780554928095,0.02600666279620889
-2.0,0.12200000000000001,0.14300000000000002,1.9937502093555577,169,0.009944780554816634,0.03764783359768442
-2.0,0.12200000000000001,0.15000000000000002,1.9894866522756345,40,0.00994964108040458,0.047475278904129614
-2.0,0.12200000000000001,0.15700000000000003,1.9844465363752544,91,0.009949641079356178,0.05723463044977006
-2.0,0.12200000000000001,0.16400000000000003,1.9787774003156597,0,0.007462686567997136,0.06527101595768847
-2.0,0.12200000000000001,0.171,1.9726059858943623,192,0.009944780554868164,0.07324662427278805
-2.0,0.12200000000000001,0.17800000000000002,1.9660412561994456,45,0.009949641080404545,0.0811216510692706
-2.0,0.12200000000000001,0.185,1.9591732257775532,69,0.009949641079846808,0.08744155278600074
-2.0,0.12200000000000001,0.192,1.9520811289003066,145,0.00994964107958513,0.09371243231475446
-2.0,0.12200000000000001,0.199,1.9448307679446044,198,0.009949641079726932,0.09991340878934662
-2.0,0.12200000000000001,0.20600000000000002,1.937473578478992,177,0.009944780555389159,0.10474367880238689
-2.0,0.12200000000000001,0.21300000000000002,1.9300593630297767,141,0.009949641079813757,0.10955905311033065
-2.0,0.12200000000000001,0.22,1.9226233738540541,184,0.00994964107983332,0.1143500172795967
-2.0,0.129,0.08,1.9473907810343438,100,0.00994964108415074,0.09263966140314739
-2.0,0.129,0.08700000000000001,1.9632310866962714,2,0.009944780561297668,0.08384753229379316
-2.0,0.129,0.094,1.9758124676167494,171,0.009949641079664352,0.06959238581015981
-2.0,0.129,0.101,1.9853438010695854,183,0.009949641080686961,0.05595818924961682
-2.0,0.129,0.10800000000000001,1.9921950344679347,40,0.009949641079751376,0.04168989876657747
-2.0,0.129,0.115,1.9967178029951225,12,0.009949641080215926,0.02808661511922228
-2.0,0.129,0.12200000000000001,1.9992249077100115,39,0.009944780554860408,0.014367888625997027
-2.0,0.129,0.129,2.0000040651611695,199,0.019899261936607224,0.0010065888322129402
-2.0,0.129,0.136,1.9993028377836866,30,0.00994964107944201,0.013177592598687782
-2.0,0.129,0.14300000000000002,1.9973581983052213,192,0.009949641079704872,0.025432679570471017
-2.0,0.129,0.15000000000000002,1.9943588370673935,22,0.009949641079576977,0.035773429100016685
-2.0,0.129,0.15700000000000003,1.9904859561221726,8,0.009944780556135287,0.046098692698839705
-2.0,0.129,0.16400000000000003,1.9858816959564152,90,0.009949641079264215,0.05456351607582077
-2.0,0.129,0.171,1.9806836184709937,55,0.009949641079895297,0.06300307292896745
-2.0,0.129,0.17800000000000002,1.9750056779891116,165,0.009944780559378325,0.07137580553839629
-2.0,0.129,0.185,1.9689333463171892,7,0.009944780555890377,0.07802715336976251
-2.0,0.129,0.192,1.9625604427280225,4,0.009944780555715186,0.08465324923767459
-2.0,0.129,0.199,1.9559571265474602,174,0.009949641080105308,0.0896892513830515
-2.0,0.129,0.20600000000000002,1.9491740295588975,147,0.009949641079805262,0.09625585230526024
-2.0,0.129,0.21300000000000002,1.9422730408629594,145,0.00994964107943329,0.10128036116098105
-2.0,0.129,0.22,1.9352935030268883,198,0.009944780554905915,0.10629617907454225
-2.0,0.136,0.08,1.9367947927140525,100,0.009949641078276837,0.09576165098831413
-2.0,0.136,0.08700000000000001,1.9533992790217078,168,0.009949641083301895,0.0927645856454481
-2.0,0.136,0.094,1.967466571256612,15,0.009949641079837571,0.07968266767920207
-2.0,0.136,0.101,1.978543082784553,154,0.009949641089507934,0.06534896805121859
-2.0,0.136,0.10800000000000001,1.9869618699334293,144,0.009949641079303916,0.05199257743456731
-2.0,0.136,0.115,1.993036747774601,186,0.009949641079983475,0.03910849979434816
-2.0,0.136,0.12200000000000001,1.9970619569503534,185,0.009944780554928095,0.02600666279620889
-2.0,0.136,0.129,1.9993028377836866,30,0.00994964107944201,0.013177592598687782
-2.0,0.136,0.136,2.0000045183109476,199,0.019899259682119103,0.0010611227819424807
-2.0,0.136,0.14300000000000002,1.9993720629608431,72,0.009949641079328842,0.011769868013329021
-2.0,0.136,0.15000000000000002,1.9976125526686845,181,0.009944780562964621,0.022600922782302968
-2.0,0.136,0.15700000000000003,1.9948838195362595,187,0.009949641079795363,0.03347610716913829
-2.0,0.136,0.16400000000000003,1.9913492823236205,48,0.009949641080831354,0.0443183136614036
-2.0,0.136,0.171,1.987132632443386,159,0.009949641082860818,0.053163741236158524
-2.0,0.136,0.17800000000000002,1.9823456776818742,105,0.009949641079437826,0.06011521931613295
-2.0,0.136,0.185,1.9771017164366411,55,0.009949641079391567,0.06708920290644427
-2.0,0.136,0.192,1.9714766039697251,34,0.007462686567656146,0.07406326110967176
-2.0,0.136,0.199,1.9655453682439465,10,0.009949641080296999,0.08101498570592103
-2.0,0.136,0.20600000000000002,1.9593812261913819,172,0.009949641080082155,0.08792212018900203
-2.0,0.136,0.21300000000000002,1.953030444277556,45,0.009949641080076168,0.09311801445622292
-2.0,0.136,0.22,1.9465472227456775,170,0.009944780554977564,0.09831863405229935
-2.0,0.14300000000000002,0.08,1.9263439704794072,100,0.009949641078906375,0.09887907182170508
-2.0,0.14300000000000002,0.08700000000000001,1.94323027786134,150,0.009949642649652634,0.10074109416250132
-2.0,0.14300000000000002,0.094,1.9585773953305534,181,0.009949641080923449,0.08813881182633865
-2.0,0.14300000000000002,0.101,1.9710137789638642,28,0.009949641079977208,0.07558575502584974
-2.0,0.14300000000000002,0.10800000000000001,1.980836464087078,189,0.009949641082448148,0.06212255694320423
-2.0,0.14300000000000002,0.115,1.9883249562104994,105,0.009949641079321425,0.050046494519284
-2.0,0.14300000000000002,0.12200000000000001,1.9937502093555577,169,0.009944780554816634,0.0376478335976842
-2.0,0.14300000000000002,0.129,1.9973581983052213,192,0.009949641079704872,0.025432679570470906
-2.0,0.14300000000000002,0.136,1.9993720629608431,72,0.009949641079328842,0.01176986801332891
-2.0,0.14300000000000002,0.14300000000000002,2.0000049954006025,199,0.01989925730862902,0.0011156477637643825
-2.0,0.14300000000000002,0.15000000000000002,1.9994311125648399,72,0.009949641079832556,0.012349216157630738
-2.0,0.14300000000000002,0.15700000000000003,1.9978305573344,126,0.009949641079912096,0.02150096589712125
-2.0,0.14300000000000002,0.16400000000000003,1.995338071693202,96,0.009949641079490033,0.032876230881645374
-2.0,0.14300000000000002,0.171,1.9920966165056282,162,0.009949641079527363,0.042124894635720445
-2.0,0.14300000000000002,0.17800000000000002,1.9882201763347311,13,0.009949641081552016,0.04933240302426167
-2.0,0.14300000000000002,0.185,1.9838041886044606,196,0.009944780554915256,0.05858462705653422
-2.0,0.14300000000000002,0.192,1.9789440946857102,193,0.009944780554847495,0.0658183012665936
-2.0,0.14300000000000002,0.199,1.9737207113608168,184,0.009944780557880414,0.07304510232100037
-2.0,0.14300000000000002,0.20600000000000002,1.9681895233945335,1,0.007462686567726977,0.07837832573370218
-2.0,0.14300000000000002,0.21300000000000002,1.9624264175567026,16,0.009949641079962034,0.08374023092876959
-2.0,0.14300000000000002,0.22,1.9564734256310126,192,0.009944780559775036,0.08912080857057814
-2.0,0.15000000000000002,0.08,1.916040689706731,100,0.009949641078826635,0.10199126334742992
-2.0,0.15000000000000002,0.08700000000000001,1.933017020146553,100,0.009949641082278277,0.10384427932943563
-2.0,0.15000000000000002,0.094,1.9493197185497944,123,0.009944780556138377,0.09587329859259464
-2.0,0.15000000000000002,0.101,1.962946035123751,141,0.009949641080622107,0.08423936047588199
-2.0,0.15000000000000002,0.10800000000000001,1.9740147641870842,25,0.009949641080679696,0.07198165601717132
-2.0,0.15000000000000002,0.115,1.9827818776509716,33,0.009949641080313279,0.05928591180773768
-2.0,0.15000000000000002,0.12200000000000001,1.9894866522756345,40,0.00994964108040458,0.047475278904129836
-2.0,0.15000000000000002,0.129,1.9943588370673935,22,0.009949641079576977,0.035773429100016685
-2.0,0.15000000000000002,0.136,1.9976125526686845,181,0.009944780562964621,0.022600922782302968
-2.0,0.15000000000000002,0.14300000000000002,1.9994311125648399,72,0.009949641079832556,0.012349216157630627
-2.0,0.15000000000000002,0.15000000000000002,2.0000054964301177,0,0.01989925481493735,0.0011701637781769136
-2.0,0.15000000000000002,0.15700000000000003,1.9994817797789222,44,0.009944780554856628,0.010618631054551186
-2.0,0.15000000000000002,0.16400000000000003,1.9980188823902956,126,0.009949641079373777,0.022468724977072307
-2.0,0.15000000000000002,0.171,1.9957382293671557,185,0.00994478055660062,0.03207498818067378
-2.0,0.15000000000000002,0.17800000000000002,1.9927534700287926,194,0.009944780555243634,0.03950805685558645
-2.0,0.15000000000000002,0.185,1.9891777325129425,48,0.009949641079619646,0.04916353120818828
-2.0,0.15000000000000002,0.192,1.9850903313999437,123,0.009949641079508558,0.05665991125025838
-2.0,0.15000000000000002,0.199,1.9805794285548115,3,0.00994478055523225,0.06208542063066458
-2.0,0.15000000000000002,0.20600000000000002,1.9757056074847446,6,0.00994478055470737,0.06962599110754775
-2.0,0.15000000000000002,0.21300000000000002,1.9705467446677443,55,0.009949641079777256,0.07512609833488226
-2.0,0.15000000000000002,0.22,1.965146304985967,160,0.007462686568521127,0.0826387386401628
-2.0,0.15700000000000003,0.08,1.9058873432374497,100,0.009949641078825665,0.10509755230285378
-2.0,0.15700000000000003,0.08700000000000001,1.9229533121417994,100,0.009949641079493438,0.10690977002538404
-2.0,0.15700000000000003,0.094,1.939829574147473,168,0.00994964109291202,0.10328750052147939
-2.0,0.15700000000000003,0.101,1.9544896104221012,124,0.009949641079852797,0.0915206440421189
-2.0,0.15700000000000003,0.10800000000000001,1.9666625055649127,54,0.009949641080382234,0.08028062659525959
-2.0,0.15700000000000003,0.115,1.9765752120527813,192,0.009944780554989268,0.06839990595864764
-2.0,0.15700000000000003,0.12200000000000001,1.9844465363752544,91,0.009949641079356178,0.05723463044976995
-2.0,0.15700000000000003,0.129,1.9904859561221726,8,0.009944780556135287,0.046098692698839705
-2.0,0.15700000000000003,0.136,1.9948838195362595,187,0.009949641079795363,0.03347610716913829
-2.0,0.15700000000000003,0.14300000000000002,1.9978305573344,126,0.009949641079912096,0.02150096589712125
-2.0,0.15700000000000003,0.15000000000000002,1.9994817797789222,44,0.009944780554856628,0.010618631054551186
-2.0,0.15700000000000003,0.15700000000000003,2.000006021399475,199,0.019899252204263168,0.0012246708256780092
-2.0,0.15700000000000003,0.16400000000000003,1.9995252119871632,44,0.009944780554762039,0.011094601666227444
-2.0,0.15700000000000003,0.171,1.9981813651060973,70,0.0099496410795606,0.021059273204078188
-2.0,0.15700000000000003,0.17800000000000002,1.9960884840538933,165,0.009949641097230406,0.028717581202667097
-2.0,0.15700000000000003,0.185,1.993331115220386,12,0.009949641079555469,0.03878144050076149
-2.0,0.15700000000000003,0.192,1.9900178959947452,162,0.009949641079295295,0.04654292297900209
-2.0,0.15700000000000003,0.199,1.9862260265322393,13,0.009949641079310283,0.05433106663115761
-2.0,0.15700000000000003,0.20600000000000002,1.982029064105932,76,0.009949641080098328,0.05991711576470082
-2.0,0.15700000000000003,0.21300000000000002,1.9774798812047343,109,0.009949641079414862,0.06773907811861934
-2.0,0.15700000000000003,0.22,1.9726462652445726,193,0.009944780554856978,0.07339382399778938
-2.0,0.16400000000000003,0.08,1.8958863399752997,100,0.009949641078962335,0.10819725307227568
-2.0,0.16400000000000003,0.08700000000000001,1.9130415284748405,100,0.009949641079154626,0.10996843214705154
-2.0,0.16400000000000003,0.094,1.9302165777530855,84,0.009949641078868907,0.10977477538859892
-2.0,0.16400000000000003,0.101,1.9457707088754617,186,0.00994478055900667,0.09847419738360152
-2.0,0.16400000000000003,0.10800000000000001,1.9589163445514004,120,0.009949641457246704,0.08719202477019805
-2.0,0.16400000000000003,0.115,1.96985353855821,25,0.009949641081205466,0.07732382021360895
-2.0,0.16400000000000003,0.12200000000000001,1.9787774003156597,0,0.007462686567997136,0.06527101595768858
-2.0,0.16400000000000003,0.129,1.9858816959564152,90,0.009949641079264215,0.05456351607582077
-2.0,0.16400000000000003,0.136,1.9913492823236205,48,0.009949641080831354,0.044318313661403486
-2.0,0.16400000000000003,0.14300000000000002,1.995338071693202,96,0.009949641079490033,0.032876230881645374
-2.0,0.16400000000000003,0.15000000000000002,1.9980188823902956,126,0.009949641079373777,0.022468724977072307
-2.0,0.16400000000000003,0.15700000000000003,1.9995252119871632,44,0.009944780554762039,0.011094601666227555
-2.0,0.16400000000000003,0.16400000000000003,2.0000065703086554,0,0.019899132064824333,0.0012791689067671586
-2.0,0.16400000000000003,0.171,1.9995701271510546,114,0.009949641079956727,0.009036400602221883
-2.0,0.16400000000000003,0.17800000000000002,1.998327129967318,26,0.009944780555157769,0.019434506199442425
-2.0,0.16400000000000003,0.185,1.9963951194335878,165,0.009949641079607576,0.029860097998419266
-2.0,0.16400000000000003,0.192,1.9938458241812387,96,0.009949641079438668,0.037856056299209406
-2.0,0.16400000000000003,0.199,1.9907742110058675,177,0.009949641079397269,0.0458907399101397
-2.0,0.16400000000000003,0.20600000000000002,1.9872389822563823,97,0.009944780554687699,0.05158689974043762
-2.0,0.16400000000000003,0.21300000000000002,1.9833222675863733,191,0.009944780555431645,0.059676823922744204
-2.0,0.16400000000000003,0.22,1.9790664413733456,159,0.009949641079304222,0.06545953733248089
-2.0,0.171,0.08,1.8860401033881957,99,0.009949641079446337,0.11128966808234175
-2.0,0.171,0.08700000000000001,1.9032840426885764,100,0.009949641079203587,0.1130195862949771
-2.0,0.171,0.094,1.920577213029657,100,0.009949641081835792,0.1147061916247395
-2.0,0.171,0.101,1.9368881852404705,93,0.00994964107897356,0.105048079106001
-2.0,0.171,0.10800000000000001,1.9508825813881872,184,0.00994964108111948,0.09501750667254816
-2.0,0.171,0.115,1.9627313318658623,12,0.009944780556993547,0.084703114773235
-2.0,0.171,0.12200000000000001,1.9726059858943623,192,0.009944780554868164,0.07324662427278794
-2.0,0.171,0.129,1.9806836184709937,55,0.009949641079895297,0.06300307292896723
-2.0,0.171,0.136,1.987132632443386,159,0.009949641082860818,0.053163741236158524
-2.0,0.171,0.14300000000000002,1.9920966165056282,162,0.009949641079527363,0.042124894635720556
-2.0,0.171,0.15000000000000002,1.9957382293671557,185,0.00994478055660062,0.03207498818067378
-2.0,0.171,0.15700000000000003,1.9981813651060973,70,0.0099496410795606,0.021059273204078077
-2.0,0.171,0.16400000000000003,1.9995701271510546,114,0.009949641079956727,0.009036400602221883
-2.0,0.171,0.171,2.0000071431576405,199,0.01989924662359153,0.0013336580219428518
-2.0,0.171,0.17800000000000002,1.9995987613370292,114,0.009949641079315489,0.009408595094891115
-2.0,0.171,0.185,1.9984609041514294,173,0.009944780555637231,0.020204805330816922
-2.0,0.171,0.192,1.9966643399315245,181,0.009944780554772763,0.028441448829496285
-2.0,0.171,0.199,1.9943027701335012,185,0.00994478055515023,0.03672967310752395
-2.0,0.171,0.20600000000000002,1.9914389889678967,187,0.009949641079640133,0.042538551311178785
-2.0,0.171,0.21300000000000002,1.9881454113891677,162,0.009949641079487573,0.05090454356996876
-2.0,0.171,0.22,1.98447762816857,48,0.009949641079347165,0.05681838270488648
-2.0,0.17800000000000002,0.08,1.876351069912971,100,0.009949641079054477,0.11437408824040907
-2.0,0.17800000000000002,0.08700000000000001,1.89368323991315,100,0.009949641079104453,0.11606254234792734
-2.0,0.17800000000000002,0.094,1.9110632896855504,100,0.009949641080691537,0.11770855950894343
-2.0,0.17800000000000002,0.101,1.9279241735569326,142,0.009949641081200212,0.11119332934492321
-2.0,0.17800000000000002,0.10800000000000001,1.9426597117228577,102,0.009949641079108252,0.10151984879146081
-2.0,0.17800000000000002,0.115,1.9553120155739003,1,0.009944780555298986,0.09069063952893408
-2.0,0.17800000000000002,0.12200000000000001,1.9660412561994456,45,0.009949641080404545,0.0811216510692706
-2.0,0.17800000000000002,0.129,1.9750056779891116,165,0.009944780559378325,0.07137580553839629
-2.0,0.17800000000000002,0.136,1.9823456776818742,105,0.009949641079437826,0.06011521931613284
-2.0,0.17800000000000002,0.14300000000000002,1.9882201763347311,13,0.009949641081552016,0.049332403024261895
-2.0,0.17800000000000002,0.15000000000000002,1.9927534700287926,194,0.009944780555243634,0.03950805685558667
-2.0,0.17800000000000002,0.15700000000000003,1.9960884840538933,165,0.009949641097230406,0.02871758120266732
-2.0,0.17800000000000002,0.16400000000000003,1.998327129967318,26,0.009944780555157769,0.019434506199442425
-2.0,0.17800000000000002,0.171,1.9995987613370292,114,0.009949641079315489,0.009408595094891004
-2.0,0.17800000000000002,0.17800000000000002,2.000007739946408,0,0.019899243653918985,0.0013881381717046892
-2.0,0.17800000000000002,0.185,1.9996285672471077,85,0.009949641079273474,0.009780354237789446
-2.0,0.17800000000000002,0.192,1.99856990057703,30,0.009949641079549742,0.018263179694243847
-2.0,0.17800000000000002,0.199,1.9969044458111438,126,0.009949641079313622,0.02681142428331007
-2.0,0.17800000000000002,0.20600000000000002,1.994708363339563,192,0.009949641079814286,0.03539971868372693
-2.0,0.17800000000000002,0.21300000000000002,1.992035971438723,103,0.00994964107925119,0.04138533037795178
-2.0,0.17800000000000002,0.22,1.9889643792816736,194,0.009944780558337344,0.04743336587811464
-2.0,0.185,0.08,1.8668216872615142,100,0.00994964107893655,0.1174497934169596
-2.0,0.185,0.08700000000000001,1.8842415151976515,100,0.009949641079181632,0.11909659994114341
-2.0,0.185,0.094,1.901707856546355,100,0.009949641081221056,0.12070186262235305
-2.0,0.185,0.101,1.9189446855967154,176,0.009944780570141925,0.11686400192622393
-2.0,0.185,0.10800000000000001,1.9343202355614866,18,0.009949641079559436,0.10688889744463925
-2.0,0.185,0.115,1.9476843749188866,138,0.009949641081444655,0.09782021233958027
-2.0,0.185,0.12200000000000001,1.9591732257775532,69,0.009949641079846808,0.08744155278600074
-2.0,0.185,0.129,1.9689333463171892,7,0.009944780555890377,0.07802715336976263
-2.0,0.185,0.136,1.9771017164366411,55,0.009949641079391567,0.06708920290644427
-2.0,0.185,0.14300000000000002,1.9838041886044606,196,0.009944780554915256,0.05858462705653411
-2.0,0.185,0.15000000000000002,1.9891777325129425,48,0.009949641079619646,0.04916353120818828
-2.0,0.185,0.15700000000000003,1.993331115220386,12,0.009949641079555469,0.03878144050076171
-2.0,0.185,0.16400000000000003,1.9963951194335878,165,0.009949641079607576,0.029860097998419266
-2.0,0.185,0.171,1.9984609041514294,173,0.009944780555637231,0.0202048053308167
-2.0,0.185,0.17800000000000002,1.9996285672471077,85,0.009949641079273474,0.009780354237789335
-2.0,0.185,0.185,2.0000083606749373,199,0.01989924056666983,0.0014426093565523823
-2.0,0.185,0.192,1.999659544828895,85,0.009949641079333278,0.010151678220245541
-2.0,0.185,0.199,1.9986785526203643,30,0.009949641079458895,0.01893371338305505
-2.0,0.185,0.20600000000000002,1.9971247435384445,70,0.009949641079355483,0.024966662835336106
-2.0,0.185,0.21300000000000002,1.995070254029708,165,0.009949641079400285,0.03386327653884025
-2.0,0.185,0.22,1.9925741239085015,148,0.0099447805547321,0.040030955142788316
-2.0,0.192,0.08,1.857454412627044,100,0.009949641079221382,0.12051605297305534
-2.0,0.192,0.08700000000000001,1.8749612717472581,100,0.009949641079117498,0.12212104898696197
-2.0,0.192,0.094,1.8925132640507143,100,0.009949641080620596,0.12368541087226537
-2.0,0.192,0.101,1.9100012990831705,135,0.009949641194708774,0.1216028803598157
-2.0,0.192,0.10800000000000001,1.9259291964585314,67,0.009949641079153719,0.11214496946282482
-2.0,0.192,0.115,1.9399144383523128,184,0.009949641080647853,0.10362250499947279
-2.0,0.192,0.12200000000000001,1.9520811289003066,145,0.00994964107958513,0.09371243231475423
-2.0,0.192,0.129,1.9625604427280225,4,0.009944780555715186,0.0846532492376747
-2.0,0.192,0.136,1.9714766039697251,34,0.007462686567656146,0.07406326110967187
-2.0,0.192,0.14300000000000002,1.9789440946857102,193,0.009944780554847495,0.06581830126659338
-2.0,0.192,0.15000000000000002,1.9850903313999437,123,0.009949641079508558,0.05665991125025838
-2.0,0.192,0.15700000000000003,1.9900178959947452,162,0.009949641079295295,0.0465429229790022
-2.0,0.192,0.16400000000000003,1.9938458241812387,96,0.009949641079438668,0.037856056299209184
-2.0,0.192,0.171,1.9966643399315245,181,0.009944780554772763,0.028441448829496396
-2.0,0.192,0.17800000000000002,1.99856990057703,30,0.009949641079549742,0.018263179694243736
-2.0,0.192,0.185,1.999659544828895,85,0.009949641079333278,0.010151678220245541
-2.0,0.192,0.192,2.0000090053432054,0,0.019899237358849804,0.0014970715769864196
-2.0,0.192,0.199,1.999686448787741,160,0.009949641079501845,0.007551908840314758
-2.0,0.192,0.20600000000000002,1.9987647295703588,72,0.009949641079401,0.016670032516479805
-2.0,0.192,0.21300000000000002,1.9973205529174645,70,0.009949641079565995,0.025823837360471225
-2.0,0.192,0.22,1.9953973326635464,152,0.009944780554698367,0.03211708320412143
-2.0,0.199,0.08,1.8482517107896348,100,0.009949641079151611,0.12357212633367232
-2.0,0.199,0.08700000000000001,1.8658449190651476,100,0.009949641079095475,0.1251351702385045
-2.0,0.199,0.094,1.8834818677271676,100,0.00994964107969318,0.12665850573269954
-2.0,0.199,0.101,1.901134770522749,63,0.009949641144335062,0.12661190616287632
-2.0,0.199,0.10800000000000001,1.9175339520147288,93,0.00994964107918489,0.11726970066432618
-2.0,0.199,0.115,1.9320616902769632,11,0.009944780554986807,0.1082389643899897
-2.0,0.199,0.12200000000000001,1.9448307679446044,198,0.009949641079726932,0.09991340878934651
-2.0,0.199,0.129,1.9559571265474602,174,0.009949641080105308,0.0896892513830514
-2.0,0.199,0.136,1.9655453682439465,10,0.009949641080296999,0.08101498570592103
-2.0,0.199,0.14300000000000002,1.9737207113608168,184,0.009944780557880414,0.07304510232100037
-2.0,0.199,0.15000000000000002,1.9805794285548115,3,0.00994478055523225,0.06208542063066458
-2.0,0.199,0.15700000000000003,1.9862260265322393,13,0.009949641079310283,0.05433106663115761
-2.0,0.199,0.16400000000000003,1.9907742110058675,177,0.009949641079397269,0.0458907399101397
-2.0,0.199,0.171,1.9943027701335012,185,0.00994478055515023,0.03672967310752406
-2.0,0.199,0.17800000000000002,1.9969044458111438,126,0.009949641079313622,0.02681142428330996
-2.0,0.199,0.185,1.9986785526203643,30,0.009949641079458895,0.01893371338305505
-2.0,0.199,0.192,1.999686448787741,160,0.009949641079501845,0.007551908840314869
-2.0,0.199,0.199,2.00000967395119,0,0.019899234032677307,0.0015515248335070675
-2.0,0.199,0.20600000000000002,1.999703457598745,160,0.009949641079350537,0.007819080608594486
-2.0,0.199,0.21300000000000002,1.9988483736579052,72,0.009949641079449456,0.017240633308001407
-2.0,0.199,0.22,1.9974937578532594,173,0.009944780554849538,0.023665484856406405
-2.0,0.20600000000000002,0.08,1.839216052120393,100,0.009949641079221406,0.12661726360761894
-2.0,0.20600000000000002,0.08700000000000001,1.8568948709988247,100,0.009949641079027103,0.12813823589699846
-2.0,0.20600000000000002,0.094,1.8746160262831255,100,0.00994964107992747,0.12962044083849567
-2.0,0.20600000000000002,0.101,1.8923776664378325,19,0.009949641157793643,0.13075326251662667
-2.0,0.20600000000000002,0.10800000000000001,1.9091762070541214,139,0.00994964108025619,0.12224539733212525
-2.0,0.20600000000000002,0.115,1.9241755182364344,17,0.00994478055529844,0.11388409635198027
-2.0,0.20600000000000002,0.12200000000000001,1.937473578478992,177,0.009944780555389159,0.10474367880238711
-2.0,0.20600000000000002,0.129,1.9491740295588975,147,0.009949641079805262,0.09625585230526035
-2.0,0.20600000000000002,0.136,1.9593812261913819,172,0.009949641080082155,0.08792212018900203
-2.0,0.20600000000000002,0.14300000000000002,1.9681895233945335,1,0.007462686567726977,0.07837832573370196
-2.0,0.20600000000000002,0.15000000000000002,1.9757056074847446,6,0.00994478055470737,0.06962599110754775
-2.0,0.20600000000000002,0.15700000000000003,1.982029064105932,76,0.009949641080098328,0.05991711576470082
-2.0,0.20600000000000002,0.16400000000000003,1.9872389822563823,97,0.009944780554687699,0.05158689974043762
-2.0,0.20600000000000002,0.171,1.9914389889678967,187,0.009949641079640133,0.042538551311178785
-2.0,0.20600000000000002,0.17800000000000002,1.994708363339563,192,0.009949641079814286,0.03539971868372693
-2.0,0.20600000000000002,0.185,1.9971247435384445,70,0.009949641079355483,0.024966662835336106
-2.0,0.20600000000000002,0.192,1.9987647295703588,72,0.009949641079401,0.016670032516479805
-2.0,0.20600000000000002,0.199,1.999703457598745,160,0.009949641079350537,0.007819080608594486
-2.0,0.20600000000000002,0.20600000000000002,2.000010366498867,199,0.019899230587967585,0.0016059691266150367
-2.0,0.20600000000000002,0.21300000000000002,1.999721064557241,39,0.009949641079395452,0.008086029792424343
-2.0,0.20600000000000002,0.22,1.9989292113321697,21,0.009944780555334801,0.014648572001398796
-2.0,0.21300000000000002,0.08,1.8303499104841177,100,0.00994964107911672,0.12965070625456154
-2.0,0.21300000000000002,0.08700000000000001,1.8481135436908722,100,0.009949641079048535,0.13112951026312536
-2.0,0.21300000000000002,0.094,1.8659180996038986,100,0.009949641080032393,0.13257050262053993
-2.0,0.21300000000000002,0.101,1.8837624178692487,99,0.009949641079121739,0.13397502518059945
-2.0,0.21300000000000002,0.10800000000000001,1.9008901807249305,142,0.009949641083447714,0.12637301085363406
-2.0,0.21300000000000002,0.115,1.9162947221311006,181,0.009949641079598818,0.11840772771872798
-2.0,0.21300000000000002,0.12200000000000001,1.9300593630297767,141,0.009949641079813757,0.10955905311033076
-2.0,0.21300000000000002,0.129,1.9422730408629594,145,0.00994964107943329,0.10128036116098094
-2.0,0.21300000000000002,0.136,1.953030444277556,45,0.009949641080076168,0.09311801445622303
-2.0,0.21300000000000002,0.14300000000000002,1.9624264175567026,16,0.009949641079962034,0.08374023092876992
-2.0,0.21300000000000002,0.15000000000000002,1.9705467446677443,55,0.009949641079777256,0.07512609833488204
-2.0,0.21300000000000002,0.15700000000000003,1.9774798812047343,109,0.009949641079414862,0.06773907811861934
-2.0,0.21300000000000002,0.16400000000000003,1.9833222675863733,191,0.009944780555431645,0.059676823922744204
-2.0,0.21300000000000002,0.171,1.9881454113891677,162,0.009949641079487573,0.05090454356996854
-2.0,0.21300000000000002,0.17800000000000002,1.992035971438723,103,0.00994964107925119,0.041385330377952
-2.0,0.21300000000000002,0.185,1.995070254029708,165,0.009949641079400285,0.03386327653884014
-2.0,0.21300000000000002,0.192,1.9973205529174645,70,0.009949641079565995,0.025823837360471225
-2.0,0.21300000000000002,0.199,1.9988483736579052,72,0.009949641079449456,0.017240633308001407
-2.0,0.21300000000000002,0.20600000000000002,1.999721064557241,39,0.009949641079395452,0.008086029792424454
-2.0,0.21300000000000002,0.21300000000000002,2.0000110829862106,199,0.01989922702357733,0.0016604044568117038
-2.0,0.21300000000000002,0.22,1.999739269647429,39,0.009949641079409583,0.008352756459528377
-2.0,0.22,0.08,1.8216557610406225,100,0.009949641079239294,0.13267168779949223
-2.0,0.22,0.08700000000000001,1.839503353434536,100,0.009949641079242,0.1341082504326102
-2.0,0.22,0.094,1.8573904466623867,100,0.009949641079296929,0.1355079709822421
-2.0,0.22,0.101,1.8753159104267922,100,0.009949641083971741,0.13687216354480403
-2.0,0.22,0.10800000000000001,1.8927001577096034,154,0.009944780556263902,0.13043294722716725
-2.0,0.22,0.115,1.9084530188886624,88,0.009949641079375893,0.12288689752475979
-2.0,0.22,0.12200000000000001,1.9226233738540541,184,0.00994964107983332,0.11435001727959648
-2.0,0.22,0.129,1.9352935030268883,198,0.009944780554905915,0.10629617907454225
-2.0,0.22,0.136,1.9465472227456775,170,0.009944780554977564,0.09831863405229924
-2.0,0.22,0.14300000000000002,1.9564734256310126,192,0.009944780559775036,0.08912080857057814
-2.0,0.22,0.15000000000000002,1.965146304985967,160,0.007462686568521127,0.0826387386401628
-2.0,0.22,0.15700000000000003,1.9726462652445726,193,0.009944780554856978,0.07339382399778949
-2.0,0.22,0.16400000000000003,1.9790664413733456,159,0.009949641079304222,0.06545953733248089
-2.0,0.22,0.171,1.98447762816857,48,0.009949641079347165,0.056818382704886705
-2.0,0.22,0.17800000000000002,1.9889643792816736,194,0.009944780558337344,0.04743336587811464
-2.0,0.22,0.185,1.9925741239085015,148,0.0099447805547321,0.040030955142788205
-2.0,0.22,0.192,1.9953973326635464,152,0.009944780554698367,0.03211708320412132
-2.0,0.22,0.199,1.9974937578532594,173,0.009944780554849538,0.023665484856406627
-2.0,0.22,0.20600000000000002,1.9989292113321697,21,0.009944780555334801,0.014648572001398907
-2.0,0.22,0.21300000000000002,1.999739269647429,39,0.009949641079409583,0.008352756459528377
-2.0,0.22,0.22,2.0000118234131965,0,0.019899223339603447,0.0017148308245985566
-1.0,0.08,0.08,1.0000031268574305,0,0.019899251047603855,0.0012480282440440194
-1.0,0.08,0.08700000000000001,0.9991255608786859,70,0.009949641080891029,0.021431482710622674
-1.0,0.08,0.094,0.9967802864646422,103,0.009949641079374282,0.0370570588600857
-1.0,0.08,0.101,0.9933367446781695,151,0.009949641079365013,0.052878762816269465
-1.0,0.08,0.10800000000000001,0.9890902025230662,196,0.009944780554959908,0.06649299335813341
-1.0,0.08,0.115,0.984271278174239,108,0.009949641079316736,0.07797467713128048
-1.0,0.08,0.12200000000000001,0.9790648599556618,166,0.007462686571765317,0.08952325524643112
-1.0,0.08,0.129,0.9736023526618363,16,0.009949641080035928,0.09692793056359861
-1.0,0.08,0.136,0.9679983408839166,46,0.009949641079352946,0.10651334765133413
-1.0,0.08,0.14300000000000002,0.9623366942039024,195,0.009944780555242163,0.11409575929218618
-1.0,0.08,0.15000000000000002,0.9566741293669472,45,0.00994964107973952,0.11970991669055053
-1.0,0.08,0.15700000000000003,0.9510651592689378,25,0.009949641079504384,0.12537667116190576
-1.0,0.08,0.16400000000000003,0.9455381456446993,29,0.009944780555076723,0.1310862638561774
-1.0,0.08,0.171,0.9401219963670794,69,0.009949641079432418,0.13682848822577653
-1.0,0.08,0.17800000000000002,0.9348327368103141,130,0.009949641079376795,0.1405131098440906
-1.0,0.08,0.185,0.929686529508694,130,0.009949641080072806,0.14417446001560974
-1.0,0.08,0.192,0.9246838032776773,147,0.00994964107949184,0.1499731323910155
-1.0,0.08,0.199,0.919832809026235,130,0.009949641109958177,0.1514213832864364
-1.0,0.08,0.20600000000000002,0.9151300195243359,69,0.009949641079490321,0.15500396172107866
-1.0,0.08,0.21300000000000002,0.9105797209946785,69,0.009949641079426986,0.15855728544883785
-1.0,0.08,0.22,0.9061842105871748,69,0.009949641079436987,0.16207985774173772
-1.0,0.08700000000000001,0.08,0.9991255608786859,70,0.009949641080891029,0.021431482710622674
-1.0,0.08700000000000001,0.08700000000000001,1.000003697996427,0,0.019899245365013887,0.0013570077553315407
-1.0,0.08700000000000001,0.094,0.999254811350636,169,0.009949641079523163,0.017879351192007897
-1.0,0.08700000000000001,0.101,0.9972393017697805,192,0.009949641079574578,0.034703954514634705
-1.0,0.08700000000000001,0.10800000000000001,0.9942517662829752,177,0.009949641079606305,0.049108861564513995
-1.0,0.08700000000000001,0.115,0.9905333362606524,13,0.009949641080320946,0.06114380085806059
-1.0,0.08700000000000001,0.12200000000000001,0.9862663234533621,196,0.009944780554727504,0.07331158130993276
-1.0,0.08700000000000001,0.129,0.9816161861182072,6,0.009944780555182896,0.08315474178698357
-1.0,0.08700000000000001,0.136,0.9767003628820599,15,0.009944780555241579,0.09309810097219329
-1.0,0.08700000000000001,0.14300000000000002,0.9716151501494814,1,0.007462686567601449,0.10078313964563324
-1.0,0.08700000000000001,0.15000000000000002,0.9664388242278545,16,0.009949641079805893,0.10855799641340746
-1.0,0.08700000000000001,0.15700000000000003,0.9612273822995594,10,0.009949641079671155,0.11409717771623051
-1.0,0.08700000000000001,0.16400000000000003,0.9560299481292632,192,0.009944780554839196,0.11970010206437898
-1.0,0.08700000000000001,0.171,0.9508744470379291,153,0.00994964107934442,0.12535747806149555
-1.0,0.08700000000000001,0.17800000000000002,0.9457894900086492,27,0.009949641079742961,0.1310595507418748
-1.0,0.08700000000000001,0.185,0.9408043068529617,195,0.009944780554937513,0.13679611415246073
-1.0,0.08700000000000001,0.192,0.9359150754413781,4,0.009944780555151548,0.14019642439814117
-1.0,0.08700000000000001,0.199,0.9311475070615169,4,0.009944780555054943,0.14357703654797926
-1.0,0.08700000000000001,0.20600000000000002,0.9265034798630791,4,0.009944780554935168,0.14693678210640926
-1.0,0.08700000000000001,0.21300000000000002,0.9219848606745082,4,0.009944780554946424,0.15027448752280315
-1.0,0.08700000000000001,0.22,0.9175935021842023,195,0.009944780554769895,0.15358897615041667
-1.0,0.094,0.08,0.9967802864646422,103,0.009949641079374282,0.0370570588600857
-1.0,0.094,0.08700000000000001,0.999254811350636,169,0.009949641079523163,0.017879351192007675
-1.0,0.094,0.094,1.0000043170149713,0,0.019899239206051224,0.0014659514058211753
-1.0,0.094,0.101,0.9993591148074595,72,0.009949641079368878,0.016343496524381496
-1.0,0.094,0.10800000000000001,0.9976113383298862,181,0.0099447805558855,0.031525255847267175
-1.0,0.094,0.115,0.9949902706385395,12,0.009949641079299415,0.04687648987051607
-1.0,0.094,0.12200000000000001,0.9917048746687834,102,0.009944780554736651,0.059579065016802324
-1.0,0.094,0.129,0.9879063315058372,8,0.009944780555058213,0.06972233548699003
-1.0,0.094,0.136,0.9837344686198898,3,0.009944780554999482,0.07999982226699243
-1.0,0.094,0.14300000000000002,0.9792889838254383,105,0.009949641079295992,0.0877736716879447
-1.0,0.094,0.15000000000000002,0.9746602322456329,91,0.009949641079347758,0.09566614318079703
-1.0,0.094,0.15700000000000003,0.9699155168925546,15,0.009944780555132563,0.10365249379243069
-1.0,0.094,0.16400000000000003,0.9651099539940744,33,0.009949641079318205,0.10914959669588853
-1.0,0.094,0.171,0.9602884983170422,25,0.007462686568019263,0.11471789569711555
-1.0,0.094,0.17800000000000002,0.9554785806380227,31,0.009944780555039407,0.12034846410510691
-1.0,0.094,0.185,0.9507084093460271,16,0.009949641079629772,0.1260319086268682
-1.0,0.094,0.192,0.9460069149775897,10,0.009949641079656214,0.13175837581463734
-1.0,0.094,0.199,0.9413786536816713,10,0.00994964107965538,0.1348950323324013
-1.0,0.094,0.20600000000000002,0.9368495646865518,10,0.009949641079544644,0.13801670716145653
-1.0,0.094,0.21300000000000002,0.9324073654471031,7,0.009944780555029065,0.14384146824559751
-1.0,0.094,0.22,0.9280703622046681,7,0.009944780554826053,0.14697650621677183
-1.0,0.101,0.08,0.9933367446781695,151,0.009949641079365013,0.052878762816269465
-1.0,0.101,0.08700000000000001,0.9972393017697805,192,0.009949641079574578,0.034703954514634594
-1.0,0.101,0.094,0.9993591148074595,72,0.009949641079368878,0.016343496524381385
-1.0,0.101,0.101,1.0000049839129739,199,0.019899232571298053,0.0015748591995132788
-1.0,0.101,0.10800000000000001,0.9994425525702814,72,0.0099496410793961,0.01748485048717363
-1.0,0.101,0.115,0.9979063173041195,73,0.009949641079493785,0.030561353747891373
-1.0,0.101,0.12200000000000001,0.9955952445714314,14,0.00994478055497928,0.04384929430917861
-1.0,0.101,0.129,0.9926747214109491,5,0.009944780555078832,0.054322429840587105
-1.0,0.101,0.136,0.9892732943142291,30,0.009944780554707273,0.06496409103660217
-1.0,0.101,0.14300000000000002,0.9855071619810272,8,0.009944780555059776,0.07572553715787134
-1.0,0.101,0.15000000000000002,0.9814727854457145,40,0.009949641079545244,0.08372801676658714
-1.0,0.101,0.15700000000000003,0.977244759995472,109,0.009949641079291591,0.09184639011790918
-1.0,0.101,0.16400000000000003,0.9728909966831778,193,0.009944780554866228,0.10005573832320458
-1.0,0.101,0.171,0.9684440864087961,91,0.00994964107929187,0.10554429587096648
-1.0,0.101,0.17800000000000002,0.9639621634738543,144,0.009949641079392557,0.11110755738962808
-1.0,0.101,0.185,0.959472273514966,149,0.00994478055469872,0.11673682449629341
-1.0,0.101,0.192,0.955002291877847,33,0.009949641079542841,0.1224229373101755
-1.0,0.101,0.199,0.950573730561187,166,0.009949641079489379,0.12529945168312118
-1.0,0.101,0.20600000000000002,0.9461891988392175,0,0.007462686567458139,0.1310782433737976
-1.0,0.101,0.21300000000000002,0.9418810965297052,1,0.007462686567336648,0.13398826181976808
-1.0,0.101,0.22,0.9376514317787364,31,0.009944780554745394,0.1398371657071471
-1.0,0.10800000000000001,0.08,0.9890902025230662,196,0.009944780554959908,0.0664929933581333
-1.0,0.10800000000000001,0.08700000000000001,0.9942517662829752,177,0.009949641079606305,0.049108861564513995
-1.0,0.10800000000000001,0.094,0.9976113383298862,181,0.0099447805558855,0.031525255847267175
-1.0,0.10800000000000001,0.101,0.9994425525702814,72,0.0099496410793961,0.01748485048717363
-1.0,0.10800000000000001,0.10800000000000001,1.0000056986903394,0,0.01989922545901496,0.001683731140414646
-1.0,0.10800000000000001,0.115,0.9995076936434859,44,0.009944780554794596,0.015319927427330238
-1.0,0.10800000000000001,0.12200000000000001,0.9981526218236679,70,0.009949641079446611,0.02919289012661841
-1.0,0.10800000000000001,0.129,0.9961024199091999,165,0.009949641079727466,0.04000098673925789
-1.0,0.10800000000000001,0.136,0.9934867179865274,96,0.009949641079369471,0.05100063833809887
-1.0,0.10800000000000001,0.14300000000000002,0.9904181682105037,177,0.009949641079345562,0.0621439742072214
-1.0,0.10800000000000001,0.15000000000000002,0.9870145603457057,30,0.009944780558419823,0.07027248043702916
-1.0,0.10800000000000001,0.15700000000000003,0.9833386750521824,191,0.009944780556243165,0.08162559411382575
-1.0,0.10800000000000001,0.16400000000000003,0.9794595290975694,76,0.009949641079418911,0.08691816552570619
-1.0,0.10800000000000001,0.171,0.9754425658917182,196,0.009944780554693174,0.09538638244633013
-1.0,0.10800000000000001,0.17800000000000002,0.9713296141958441,90,0.009949641079354305,0.10088350649069622
-1.0,0.10800000000000001,0.185,0.9671614682635002,105,0.009949641079323087,0.10645928740479771
-1.0,0.10800000000000001,0.192,0.9629647292295518,193,0.009944780554735603,0.11210526466020332
-1.0,0.10800000000000001,0.199,0.9587668801794755,91,0.009949641079314236,0.11781251997192344
-1.0,0.10800000000000001,0.20600000000000002,0.954596244914801,144,0.0099496410794116,0.12357167700623006
-1.0,0.10800000000000001,0.21300000000000002,0.9504453316173026,144,0.009949641079337428,0.12627794477492993
-1.0,0.10800000000000001,0.22,0.9463606453725865,184,0.009944780555932795,0.1321259261105624
-1.0,0.115,0.08,0.984271278174239,108,0.009949641079316736,0.07797467713128048
-1.0,0.115,0.08700000000000001,0.9905333362606524,13,0.009949641080320946,0.06114380085806048
-1.0,0.115,0.094,0.9949902706385395,12,0.009949641079299415,0.04687648987051596
-1.0,0.115,0.101,0.9979063173041195,73,0.009949641079493785,0.030561353747891595
-1.0,0.115,0.10800000000000001,0.9995076936434859,44,0.009944780554794596,0.015319927427330238
-1.0,0.115,0.115,1.000006461346965,199,0.0198992178714038,0.0017925672325370678
-1.0,0.115,0.12200000000000001,0.999570565453977,114,0.00994964107957208,0.012717259709964734
-1.0,0.115,0.129,0.9983579968767918,26,0.009944780554766715,0.02741407160270437
-1.0,0.115,0.136,0.9965189001036019,181,0.009944780554697873,0.03877339635117538
-1.0,0.115,0.14300000000000002,0.9941627788770012,14,0.009944780554873293,0.05028814999586262
-1.0,0.115,0.15000000000000002,0.9913941529335577,12,0.00994964107952392,0.058549988435556366
-1.0,0.115,0.15700000000000003,0.9882952889124378,22,0.009949641081690079,0.06696270860926934
-1.0,0.115,0.16400000000000003,0.984929861926791,30,0.009944780554870525,0.07550334320373142
-1.0,0.115,0.171,0.9813645323844907,13,0.009949641079504322,0.08414768016478702
-1.0,0.115,0.17800000000000002,0.9776628452965319,8,0.009944780555441329,0.08957992905102674
-1.0,0.115,0.185,0.9738457583831834,40,0.00994964107950439,0.09840549615976757
-1.0,0.115,0.192,0.9699593094067862,196,0.009944780554779088,0.10401906637649827
-1.0,0.115,0.199,0.9660356735980429,109,0.009949641079324969,0.10970261669796477
-1.0,0.115,0.20600000000000002,0.9620965258289268,90,0.009949641079397406,0.11213685633252612
-1.0,0.115,0.21300000000000002,0.9581477795642251,105,0.009949641079320668,0.11794087718203794
-1.0,0.115,0.22,0.9542324169247968,193,0.009944780554883249,0.1237923405741519
-1.0,0.12200000000000001,0.08,0.9790648599556618,166,0.007462686571765317,0.08952325524643134
-1.0,0.12200000000000001,0.08700000000000001,0.9862663234533621,196,0.009944780554727504,0.07331158130993276
-1.0,0.12200000000000001,0.094,0.9917048746687834,102,0.009944780554736651,0.059579065016802324
-1.0,0.12200000000000001,0.101,0.9955952445714314,14,0.00994478055497928,0.04384929430917872
-1.0,0.12200000000000001,0.10800000000000001,0.9981526218236679,70,0.009949641079446611,0.02919289012661841
-1.0,0.12200000000000001,0.115,0.999570565453977,114,0.00994964107957208,0.012717259709964734
-1.0,0.12200000000000001,0.12200000000000001,1.000007271882741,0,0.019899209806517874,0.0019013674798978863
-1.0,0.12200000000000001,0.129,0.9996114318156695,85,0.009949641079363905,0.013452857506692895
-1.0,0.12200000000000001,0.136,0.998532553017087,30,0.009949641079427533,0.025217581384283094
-1.0,0.12200000000000001,0.14300000000000002,0.9968748636661515,126,0.009949641079331398,0.0371489471427674
-1.0,0.12200000000000001,0.15000000000000002,0.9947504274108931,7,0.00994964107928057,0.0491981818420677
-1.0,0.12200000000000001,0.15700000000000003,0.9922248696343657,96,0.009949641079358919,0.05776180083203453
-1.0,0.12200000000000001,0.16400000000000003,0.9893907529003296,194,0.009944780554718747,0.06645911061671861
-1.0,0.12200000000000001,0.171,0.9863128502943608,177,0.00994964115147097,0.071719054155303
-1.0,0.12200000000000001,0.17800000000000002,0.9830203062935311,169,0.009944780554723611,0.08065585465676106
-1.0,0.12200000000000001,0.185,0.9795932414515719,48,0.009949641079547595,0.08614311433631905
-1.0,0.12200000000000001,0.192,0.9760489493529321,191,0.009944780555495343,0.09524805283556559
-1.0,0.12200000000000001,0.199,0.9724223042597245,76,0.009949641079402513,0.10091376669634744
-1.0,0.12200000000000001,0.20600000000000002,0.968749202691473,123,0.009949641377699284,0.10311811936969839
-1.0,0.12200000000000001,0.21300000000000002,0.9650331035898254,159,0.009949641079350235,0.10892045092897762
-1.0,0.12200000000000001,0.22,0.9613117579028426,196,0.009944780554702265,0.11478012110114566
-1.0,0.129,0.08,0.9736023526618363,16,0.009949641080035928,0.09692793056359861
-1.0,0.129,0.08700000000000001,0.9816161861182072,6,0.009944780555182896,0.08315474178698368
-1.0,0.129,0.094,0.9879063315058372,8,0.009944780555058213,0.06972233548699003
-1.0,0.129,0.101,0.9926747214109491,5,0.009944780555078832,0.05432242984058733
-1.0,0.129,0.10800000000000001,0.9961024199091999,165,0.009949641079727466,0.04000098673925767
-1.0,0.129,0.115,0.9983579968767918,26,0.009944780554766715,0.02741407160270437
-1.0,0.129,0.12200000000000001,0.9996114318156695,85,0.009949641079363905,0.013452857506692895
-1.0,0.129,0.129,1.0000081302975514,199,0.019899201265705706,0.002010131886520883
-1.0,0.129,0.136,0.9996546411514361,114,0.009949641079311278,0.014186721038804029
-1.0,0.129,0.14300000000000002,0.998685407472512,169,0.009949641079596222,0.026528086886377644
-1.0,0.129,0.15000000000000002,0.9971797188603523,129,0.00994964107931882,0.03512086378761203
-1.0,0.129,0.15700000000000003,0.9952480547809961,18,0.00994478055471762,0.04388182013671804
-1.0,0.129,0.16400000000000003,0.9929490581116126,192,0.009949641079730428,0.05278957135009166
-1.0,0.129,0.171,0.9903449393639486,103,0.009949641079305014,0.0618215151974193
-1.0,0.129,0.17800000000000002,0.9875012483917641,5,0.009944780554664585,0.07095380967875886
-1.0,0.129,0.185,0.9844717007762357,177,0.009949641079325331,0.07641237675172696
-1.0,0.129,0.192,0.9812869159146718,30,0.009944780554968828,0.08572925739315385
-1.0,0.129,0.199,0.9779799339231591,48,0.0099496410793301,0.0913834510584538
-1.0,0.129,0.20600000000000002,0.9745906515825662,186,0.009949641079469163,0.09711618842233938
-1.0,0.129,0.21300000000000002,0.9711450492722316,191,0.009944780554714407,0.10291926616743541
-1.0,0.129,0.22,0.96765429768001,191,0.009944780554798959,0.10502669382189211
-1.0,0.136,0.08,0.9679983408839166,46,0.009949641079352946,0.10651334765133413
-1.0,0.136,0.08700000000000001,0.9767003628820599,15,0.009944780555241579,0.09309810097219318
-1.0,0.136,0.094,0.9837344686198898,3,0.009944780554999482,0.07999982226699265
-1.0,0.136,0.101,0.9892732943142291,30,0.009944780554707273,0.06496409103660217
-1.0,0.136,0.10800000000000001,0.9934867179865274,96,0.009949641079369471,0.05100063833809887
-1.0,0.136,0.115,0.9965189001036019,181,0.009944780554697873,0.03877339635117538
-1.0,0.136,0.12200000000000001,0.998532553017087,30,0.009949641079427533,0.025217581384282983
-1.0,0.136,0.129,0.9996546411514361,114,0.009949641079311278,0.014186721038804029
-1.0,0.136,0.136,1.0000090365912726,199,0.0198991922489264,0.0021188604564339464
-1.0,0.136,0.14300000000000002,0.9996907747771182,160,0.009949641079381734,0.010727278563805176
-1.0,0.136,0.15000000000000002,0.9988040847410834,127,0.00994964107930723,0.023713826876929134
-1.0,0.136,0.15700000000000003,0.9974452568203375,173,0.009944780554776239,0.03268084595842169
-1.0,0.136,0.16400000000000003,0.9956798737700011,126,0.00994964107938517,0.04179918175807995
-1.0,0.136,0.171,0.9935678546903424,165,0.009949641079353512,0.05104692312362635
-1.0,0.136,0.17800000000000002,0.9911726848760462,14,0.009944780554850647,0.060400937157813805
-1.0,0.136,0.185,0.9885611724600444,187,0.009949641085902117,0.06983685827533637
-1.0,0.136,0.192,0.9857374664361612,194,0.009944780554753374,0.07539251468174724
-1.0,0.136,0.199,0.9827726344414158,177,0.009949641079326433,0.08104208558734605
-1.0,0.136,0.20600000000000002,0.979690422496119,37,0.009949641079494377,0.08677830732538139
-1.0,0.136,0.21300000000000002,0.9765155816003563,169,0.009944780554717694,0.09259350319642812
-1.0,0.136,0.22,0.9732738545359039,151,0.009949641079327555,0.09847957060571699
-1.0,0.14300000000000002,0.08,0.9623366942039024,195,0.009944780555242163,0.11409575929218618
-1.0,0.14300000000000002,0.08700000000000001,0.9716151501494814,1,0.007462686567601449,0.10078313964563324
-1.0,0.14300000000000002,0.094,0.9792889838254383,105,0.009949641079295992,0.0877736716879447
-1.0,0.14300000000000002,0.101,0.9855071619810272,8,0.009944780555059776,0.07572553715787134
-1.0,0.14300000000000002,0.10800000000000001,0.9904181682105037,177,0.009949641079345562,0.0621439742072214
-1.0,0.14300000000000002,0.115,0.9941627788770012,14,0.009944780554873293,0.05028814999586262
-1.0,0.14300000000000002,0.12200000000000001,0.9968748636661515,126,0.009949641079331398,0.0371489471427674
-1.0,0.14300000000000002,0.129,0.998685407472512,169,0.009949641079596222,0.026528086886377644
-1.0,0.14300000000000002,0.136,0.9996907747771182,160,0.009949641079381734,0.010727278563805176
-1.0,0.14300000000000002,0.14300000000000002,1.0000099907637745,199,0.019899182755397905,0.0022275531936716275
-1.0,0.14300000000000002,0.15000000000000002,0.9997152231337527,39,0.009949641079427965,0.011256238755120607
-1.0,0.14300000000000002,0.15700000000000003,0.9989225959888628,21,0.009944780554933993,0.02046009383973968
-1.0,0.14300000000000002,0.16400000000000003,0.9976756183970477,26,0.00994478055515748,0.034155769843428496
-1.0,0.14300000000000002,0.171,0.9960576939112165,126,0.009949641079345003,0.043608505655641006
-1.0,0.14300000000000002,0.17800000000000002,0.9941124228907618,181,0.009944780554688748,0.04891623549635726
-1.0,0.14300000000000002,0.185,0.9919021719149201,7,0.009949641079381535,0.058608407016743524
-1.0,0.14300000000000002,0.192,0.9894756636776384,118,0.009944780554664384,0.06415990004150451
-1.0,0.14300000000000002,0.199,0.9868689786662231,187,0.009949641080240755,0.07402424696525434
-1.0,0.14300000000000002,0.20600000000000002,0.9841000830234444,194,0.009944780554721916,0.07977472267648478
-1.0,0.14300000000000002,0.21300000000000002,0.9812163893804395,177,0.009949641079381894,0.08560763425747409
-1.0,0.14300000000000002,0.22,0.9782427708795285,162,0.009949641079409387,0.09151522908399934
-1.0,0.15000000000000002,0.08,0.9566741293669472,45,0.00994964107973952,0.11970991669055053
-1.0,0.15000000000000002,0.08700000000000001,0.9664388242278545,16,0.009949641079805893,0.10855799641340746
-1.0,0.15000000000000002,0.094,0.9746602322456329,91,0.009949641079347758,0.09566614318079703
-1.0,0.15000000000000002,0.101,0.9814727854457145,40,0.009949641079545244,0.08372801676658703
-1.0,0.15000000000000002,0.10800000000000001,0.9870145603457057,30,0.009944780558419823,0.07027248043702938
-1.0,0.15000000000000002,0.115,0.9913941529335577,12,0.00994964107952392,0.058549988435556255
-1.0,0.15000000000000002,0.12200000000000001,0.9947504274108931,7,0.00994964107928057,0.04919818184206748
-1.0,0.15000000000000002,0.129,0.9971797188603523,129,0.00994964107931882,0.03512086378761203
-1.0,0.15000000000000002,0.136,0.9988040847410834,127,0.00994964107930723,0.023713826876929134
-1.0,0.15000000000000002,0.14300000000000002,0.9997152231337527,39,0.009949641079427965,0.011256238755120607
-1.0,0.15000000000000002,0.15000000000000002,1.0000109928149201,199,0.019899172785546978,0.002336210102274028
-1.0,0.15000000000000002,0.15700000000000003,0.9997408676205963,39,0.009949641079438186,0.011784311694069571
-1.0,0.15000000000000002,0.16400000000000003,0.99900759081563,178,0.009944780554671892,0.02138272337986702
-1.0,0.15000000000000002,0.171,0.9978669201005497,30,0.009949641079375023,0.031110664082727557
-1.0,0.15000000000000002,0.17800000000000002,0.9963784607620818,70,0.00994964107936004,0.04094619292241697
-1.0,0.15000000000000002,0.185,0.994595589926882,126,0.009949641079398623,0.0463888096109204
-1.0,0.15000000000000002,0.192,0.9925443204889532,34,0.009949641079428828,0.056436534441386854
-1.0,0.15000000000000002,0.199,0.9902895771645669,7,0.009949641079314842,0.06211049477976105
-1.0,0.15000000000000002,0.20600000000000002,0.9878627629650754,185,0.00994478055495154,0.0678815870322147
-1.0,0.15000000000000002,0.21300000000000002,0.9852864139588687,96,0.009949641079676809,0.07374297160472498
-1.0,0.15000000000000002,0.22,0.9825840959310157,12,0.009949641079787066,0.07968741889064002
-1.0,0.15700000000000003,0.08,0.9510651592689378,25,0.009949641079504384,0.12537667116190565
-1.0,0.15700000000000003,0.08700000000000001,0.9612273822995594,10,0.009949641079671155,0.1140971777162304
-1.0,0.15700000000000003,0.094,0.9699155168925546,15,0.009944780555132563,0.10365249379243069
-1.0,0.15700000000000003,0.101,0.977244759995472,109,0.009949641079291591,0.09184639011790907
-1.0,0.15700000000000003,0.10800000000000001,0.9833386750521824,191,0.009944780556243165,0.08162559411382575
-1.0,0.15700000000000003,0.115,0.9882952889124378,22,0.009949641081690079,0.06696270860926934
-1.0,0.15700000000000003,0.12200000000000001,0.9922248696343657,96,0.009949641079358919,0.05776180083203453
-1.0,0.15700000000000003,0.129,0.9952480547809961,18,0.00994478055471762,0.04388182013671804
-1.0,0.15700000000000003,0.136,0.9974452568203375,173,0.009944780554776239,0.03268084595842191
-1.0,0.15700000000000003,0.14300000000000002,0.9989225959888628,21,0.009944780554933993,0.020460093839739457
-1.0,0.15700000000000003,0.15000000000000002,0.9997408676205963,39,0.009949641079438186,0.011784311694069682
-1.0,0.15700000000000003,0.15700000000000003,1.0000120427445651,0,0.019899162339072296,0.002444831186285912
-1.0,0.15700000000000003,0.16400000000000003,0.9997677081456053,39,0.009949641079469846,0.01231149794550368
-1.0,0.15700000000000003,0.171,0.9990964538952054,178,0.009944780554672048,0.02230251094538116
-1.0,0.15700000000000003,0.17800000000000002,0.9980531248791366,127,0.009949641079533677,0.027629783694507637
-1.0,0.15700000000000003,0.185,0.9966661880021583,39,0.009944780554751809,0.03786759630596248
-1.0,0.15700000000000003,0.192,0.9950169335696576,126,0.00994964107937819,0.04817056716228718
-1.0,0.15700000000000003,0.199,0.9931124682858659,18,0.009944780554767501,0.0538764230140969
-1.0,0.15700000000000003,0.20600000000000002,0.9910159710931412,165,0.009949641079334152,0.0596819778124672
-1.0,0.15700000000000003,0.21300000000000002,0.9887490626007224,192,0.009949641079518241,0.06558070043362119
-1.0,0.15700000000000003,0.22,0.9863343954118499,185,0.009944780554843689,0.07156568880382685
-1.0,0.16400000000000003,0.08,0.9455381456446993,29,0.009944780555076723,0.1310862638561775
-1.0,0.16400000000000003,0.08700000000000001,0.9560299481292632,192,0.009944780554839196,0.11970010206437875
-1.0,0.16400000000000003,0.094,0.9651099539940744,33,0.009949641079318205,0.10914959669588864
-1.0,0.16400000000000003,0.101,0.9728909966831778,193,0.009944780554866228,0.10005573832320458
-1.0,0.16400000000000003,0.10800000000000001,0.9794595290975694,76,0.009949641079418911,0.08691816552570641
-1.0,0.16400000000000003,0.115,0.984929861926791,30,0.009944780554870525,0.07550334320373153
-1.0,0.16400000000000003,0.12200000000000001,0.9893907529003296,194,0.009944780554718747,0.0664591106167185
-1.0,0.16400000000000003,0.129,0.9929490581116126,192,0.009949641079730428,0.05278957135009166
-1.0,0.16400000000000003,0.136,0.9956798737700011,126,0.00994964107938517,0.04179918175807995
-1.0,0.16400000000000003,0.14300000000000002,0.9976756183970477,26,0.00994478055515748,0.034155769843428385
-1.0,0.16400000000000003,0.15000000000000002,0.99900759081563,178,0.009944780554671892,0.02138272337986702
-1.0,0.16400000000000003,0.15700000000000003,0.9997677081456053,39,0.009949641079469846,0.01231149794550368
-1.0,0.16400000000000003,0.16400000000000003,1.0000131405525594,199,0.01989902478134336,0.0025534164497584833
-1.0,0.16400000000000003,0.171,0.9997951843041528,0,0.00994478056316667,0.007763517633983419
-1.0,0.16400000000000003,0.17800000000000002,0.9991692157907207,85,0.009949641079320653,0.018205591575872315
-1.0,0.16400000000000003,0.185,0.9981945715280158,72,0.009949641079366753,0.028731260968343553
-1.0,0.16400000000000003,0.192,0.9969343796685349,26,0.009944780554792679,0.039317500047295284
-1.0,0.16400000000000003,0.199,0.995384080800396,70,0.009949641079370086,0.0450665779886984
-1.0,0.16400000000000003,0.20600000000000002,0.9936223745586039,73,0.00994964107940384,0.050917652427250215
-1.0,0.16400000000000003,0.21300000000000002,0.9916699602106109,18,0.009944780554913915,0.05686449285079476
-1.0,0.16400000000000003,0.22,0.9895485683748377,34,0.009949641080355866,0.06290051686437315
-1.0,0.171,0.08,0.9401219963670794,69,0.009949641079432418,0.13682848822577676
-1.0,0.171,0.08700000000000001,0.9508744470379291,153,0.00994964107934442,0.12535747806149533
-1.0,0.171,0.094,0.9602884983170422,25,0.007462686568019263,0.11471789569711555
-1.0,0.171,0.101,0.9684440864087961,91,0.00994964107929187,0.10554429587096648
-1.0,0.171,0.10800000000000001,0.9754425658917182,196,0.009944780554693174,0.09538638244633013
-1.0,0.171,0.115,0.9813645323844907,13,0.009949641079504322,0.08414768016478691
-1.0,0.171,0.12200000000000001,0.9863128502943608,177,0.00994964115147097,0.07171905415530289
-1.0,0.171,0.129,0.9903449393639486,103,0.009949641079305014,0.0618215151974193
-1.0,0.171,0.136,0.9935678546903424,165,0.009949641079353512,0.05104692312362635
-1.0,0.171,0.14300000000000002,0.9960576939112165,126,0.009949641079345003,0.043608505655640895
-1.0,0.171,0.15000000000000002,0.9978669201005497,30,0.009949641079375023,0.031110664082727557
-1.0,0.171,0.15700000000000003,0.9990964538952054,178,0.009944780554672048,0.02230251094538116
-1.0,0.171,0.16400000000000003,0.9997951843041528,0,0.00994478056316667,0.007763517633983641
-1.0,0.171,0.171,1.0000142862387449,199,0.01989914001792537,0.002661965896747942
-1.0,0.171,0.17800000000000002,0.9998057114680037,0,0.009944780555203031,0.00808395520380456
-1.0,0.171,0.185,0.9992276910503233,85,0.009949641079343801,0.018928742754907746
-1.0,0.171,0.192,0.9983417871028659,72,0.009949641079398136,0.02982852825825366
-1.0,0.171,0.199,0.9971488553785792,30,0.009949641079316642,0.03563309502563461
-1.0,0.171,0.20600000000000002,0.9957257417703141,173,0.009944780554784732,0.04154165073602967
-1.0,0.171,0.21300000000000002,0.9940872828032344,126,0.009949641079528178,0.05267188181634397
-1.0,0.171,0.22,0.9922486011593414,181,0.00994478055473575,0.0587622087055083
-1.0,0.17800000000000002,0.08,0.9348327368103141,130,0.009949641079376795,0.1405131098440906
-1.0,0.17800000000000002,0.08700000000000001,0.9457894900086492,27,0.009949641079742961,0.1310595507418748
-1.0,0.17800000000000002,0.094,0.9554785806380227,31,0.009944780555039407,0.12034846410510691
-1.0,0.17800000000000002,0.101,0.9639621634738543,144,0.009949641079392557,0.11110755738962819
-1.0,0.17800000000000002,0.10800000000000001,0.9713296141958441,90,0.009949641079354305,0.1008835064906961
-1.0,0.17800000000000002,0.115,0.9776628452965319,8,0.009944780555441329,0.08957992905102674
-1.0,0.17800000000000002,0.12200000000000001,0.9830203062935311,169,0.009944780554723611,0.08065585465676106
-1.0,0.17800000000000002,0.129,0.9875012483917641,5,0.009944780554664585,0.07095380967875886
-1.0,0.17800000000000002,0.136,0.9911726848760462,14,0.009944780554850647,0.060400937157813805
-1.0,0.17800000000000002,0.14300000000000002,0.9941124228907618,181,0.009944780554688748,0.04891623549635726
-1.0,0.17800000000000002,0.15000000000000002,0.9963784607620818,70,0.00994964107936004,0.040946192922416746
-1.0,0.17800000000000002,0.15700000000000003,0.9980531248791366,127,0.009949641079533677,0.027629783694507526
-1.0,0.17800000000000002,0.16400000000000003,0.9991692157907207,85,0.009949641079320653,0.018205591575872315
-1.0,0.17800000000000002,0.171,0.9998057114680037,0,0.009944780555203031,0.00808395520380445
-1.0,0.17800000000000002,0.17800000000000002,1.000015479802957,199,0.01989912814271889,0.002770479531316594
-1.0,0.17800000000000002,0.185,0.9998166694506456,0,0.009944780554821326,0.008404072209291735
-1.0,0.17800000000000002,0.192,0.9992885083919065,85,0.00994964107936127,0.01965016929002994
-1.0,0.17800000000000002,0.199,0.9984554403348125,21,0.009944780554741715,0.025523579337677904
-1.0,0.17800000000000002,0.20600000000000002,0.9973666071184486,30,0.009949641079678351,0.03690001664818687
-1.0,0.17800000000000002,0.21300000000000002,0.9960211040876277,26,0.009944780554737631,0.04297430576321859
-1.0,0.17800000000000002,0.22,0.9944786236058254,70,0.00994964107933224,0.0491383158847688
-1.0,0.185,0.08,0.929686529508694,130,0.009949641080072806,0.14417446001561007
-1.0,0.185,0.08700000000000001,0.9408043068529617,195,0.009944780554937513,0.13679611415246073
-1.0,0.185,0.094,0.9507084093460271,16,0.009949641079629772,0.12603190862686797
-1.0,0.185,0.101,0.959472273514966,149,0.00994478055469872,0.11673682449629319
-1.0,0.185,0.10800000000000001,0.9671614682635002,105,0.009949641079323087,0.10645928740479782
-1.0,0.185,0.115,0.9738457583831834,40,0.00994964107950439,0.09840549615976757
-1.0,0.185,0.12200000000000001,0.9795932414515719,48,0.009949641079547595,0.08614311433631927
-1.0,0.185,0.129,0.9844717007762357,177,0.009949641079325331,0.07641237675172696
-1.0,0.185,0.136,0.9885611724600444,187,0.009949641085902117,0.06983685827533637
-1.0,0.185,0.14300000000000002,0.9919021719149201,7,0.009949641079381535,0.058608407016743524
-1.0,0.185,0.15000000000000002,0.994595589926882,126,0.009949641079398623,0.04638880961092029
-1.0,0.185,0.15700000000000003,0.9966661880021583,39,0.009944780554751809,0.03786759630596248
-1.0,0.185,0.16400000000000003,0.9981945715280158,72,0.009949641079366753,0.028731260968343553
-1.0,0.185,0.171,0.9992276910503233,85,0.009949641079343801,0.018928742754907524
-1.0,0.185,0.17800000000000002,0.9998166694506456,0,0.009944780554821326,0.008404072209291735
-1.0,0.185,0.185,1.0000167212450246,199,0.019899115791196666,0.0028789573575312977
-1.0,0.185,0.192,0.999828058237914,0,0.00994478055481885,0.008723868767948617
-1.0,0.185,0.199,0.9993516673878753,114,0.009949641079401248,0.020369872868950645
-1.0,0.185,0.20600000000000002,0.9985618016836171,21,0.009944780554736668,0.02643144261616448
-1.0,0.185,0.21300000000000002,0.9975358551077744,72,0.009949641079337214,0.03259056728162657
-1.0,0.185,0.22,0.996293261072291,30,0.009949641079307792,0.03884141523192208
-1.0,0.192,0.08,0.9246838032776773,147,0.00994964107949184,0.14997313239101573
-1.0,0.192,0.08700000000000001,0.9359150754413781,4,0.009944780555151548,0.14019642439814117
-1.0,0.192,0.094,0.9460069149775897,10,0.009949641079656214,0.13175837581463723
-1.0,0.192,0.101,0.955002291877847,33,0.009949641079542841,0.1224229373101754
-1.0,0.192,0.10800000000000001,0.9629647292295518,193,0.009944780554735603,0.11210526466020343
-1.0,0.192,0.115,0.9699593094067862,196,0.009944780554779088,0.10401906637649805
-1.0,0.192,0.12200000000000001,0.9760489493529321,191,0.009944780555495343,0.09524805283556548
-1.0,0.192,0.129,0.9812869159146718,30,0.009944780554968828,0.08572925739315407
-1.0,0.192,0.136,0.9857374664361612,194,0.009944780554753374,0.07539251468174724
-1.0,0.192,0.14300000000000002,0.9894756636776384,118,0.009944780554664384,0.06415990004150451
-1.0,0.192,0.15000000000000002,0.9925443204889532,34,0.009949641079428828,0.056436534441386965
-1.0,0.192,0.15700000000000003,0.9950169335696576,126,0.00994964107937819,0.04817056716228718
-1.0,0.192,0.16400000000000003,0.9969343796685349,26,0.009944780554792679,0.039317500047295506
-1.0,0.192,0.171,0.9983417871028659,72,0.009949641079398136,0.029828528258253773
-1.0,0.192,0.17800000000000002,0.9992885083919065,85,0.00994964107936127,0.01965016929002994
-1.0,0.192,0.185,0.999828058237914,0,0.00994478055481885,0.008723868767948506
-1.0,0.192,0.192,1.0000180105647685,199,0.019899102963348587,0.0029873993794655718
-1.0,0.192,0.199,0.9998398778150872,0,0.009944780554763399,0.00904334499771664
-1.0,0.192,0.20600000000000002,0.9993900660440251,39,0.009949641079490113,0.015203321133977155
-1.0,0.192,0.21300000000000002,0.9986720288351343,21,0.009944780555100058,0.02733647911121395
-1.0,0.192,0.22,0.9977034423745275,72,0.00994964107936809,0.033674318408319026
-1.0,0.199,0.08,0.919832809026235,130,0.009949641109958177,0.1514213832864365
-1.0,0.199,0.08700000000000001,0.9311475070615169,4,0.009944780555054943,0.1435770365479796
-1.0,0.199,0.094,0.9413786536816713,10,0.00994964107965538,0.1348950323324012
-1.0,0.199,0.101,0.950573730561187,166,0.009949641079489379,0.12529945168312107
-1.0,0.199,0.10800000000000001,0.9587668801794755,91,0.009949641079314236,0.11781251997192355
-1.0,0.199,0.115,0.9660356735980429,109,0.009949641079324969,0.10970261669796488
-1.0,0.199,0.12200000000000001,0.9724223042597245,76,0.009949641079402513,0.10091376669634744
-1.0,0.199,0.129,0.9779799339231591,48,0.0099496410793301,0.09138345105845369
-1.0,0.199,0.136,0.9827726344414158,177,0.009949641079326433,0.08104208558734605
-1.0,0.199,0.14300000000000002,0.9868689786662231,187,0.009949641080240755,0.07402424696525434
-1.0,0.199,0.15000000000000002,0.9902895771645669,7,0.009949641079314842,0.06211049477976083
-1.0,0.199,0.15700000000000003,0.9931124682858659,18,0.009944780554767501,0.0538764230140969
-1.0,0.199,0.16400000000000003,0.995384080800396,70,0.009949641079370086,0.04506657798869862
-1.0,0.199,0.171,0.9971488553785792,30,0.009949641079316642,0.03563309502563461
-1.0,0.199,0.17800000000000002,0.9984554403348125,21,0.009944780554741715,0.025523579337677904
-1.0,0.199,0.185,0.9993516673878753,114,0.009949641079401248,0.020369872868950645
-1.0,0.199,0.192,0.9998398778150872,0,0.009944780554763399,0.00904334499771664
-1.0,0.199,0.199,1.0000193477620045,199,0.019899089659223775,0.0030958056011975987
-1.0,0.199,0.20600000000000002,0.9998521281668884,134,0.009944780554662951,0.009362501016976332
-1.0,0.199,0.21300000000000002,0.9994246972092444,39,0.009949641079355826,0.01572502941547771
-1.0,0.199,0.22,0.9987551330319222,85,0.00994964107938327,0.022178012299782
-1.0,0.20600000000000002,0.08,0.9151300195243359,69,0.009949641079490321,0.15500396172107844
-1.0,0.20600000000000002,0.08700000000000001,0.9265034798630791,4,0.009944780554935168,0.14693678210640937
-1.0,0.20600000000000002,0.094,0.9368495646865518,10,0.009949641079544644,0.13801670716145653
-1.0,0.20600000000000002,0.101,0.9461891988392175,0,0.007462686567458139,0.1310782433737977
-1.0,0.20600000000000002,0.10800000000000001,0.954596244914801,144,0.0099496410794116,0.12357167700623006
-1.0,0.20600000000000002,0.115,0.9620965258289268,90,0.009949641079397406,0.11213685633252612
-1.0,0.20600000000000002,0.12200000000000001,0.968749202691473,123,0.009949641377699284,0.10311811936969839
-1.0,0.20600000000000002,0.129,0.9745906515825662,186,0.009949641079469163,0.09711618842233916
-1.0,0.20600000000000002,0.136,0.979690422496119,37,0.009949641079494377,0.08677830732538117
-1.0,0.20600000000000002,0.14300000000000002,0.9841000830234444,194,0.009944780554721916,0.07977472267648478
-1.0,0.20600000000000002,0.15000000000000002,0.9878627629650754,185,0.00994478055495154,0.06788158703221459
-1.0,0.20600000000000002,0.15700000000000003,0.9910159710931412,165,0.009949641079334152,0.05968197781246731
-1.0,0.20600000000000002,0.16400000000000003,0.9936223745586039,73,0.00994964107940384,0.050917652427250215
-1.0,0.20600000000000002,0.171,0.9957257417703141,173,0.009944780554784732,0.041541650736029556
-1.0,0.20600000000000002,0.17800000000000002,0.9973666071184486,30,0.009949641079678351,0.03690001664818687
-1.0,0.20600000000000002,0.185,0.9985618016836171,21,0.009944780554736668,0.026431442616164702
-1.0,0.20600000000000002,0.192,0.9993900660440251,39,0.009949641079490113,0.015203321133977266
-1.0,0.20600000000000002,0.199,0.9998521281668884,134,0.009944780554662951,0.009362501016976221
-1.0,0.20600000000000002,0.20600000000000002,1.0000207328365405,199,0.01989907587877343,0.003204176026811667
-1.0,0.20600000000000002,0.21300000000000002,0.9998648092774829,67,0.009944780554667172,0.009681336944544428
-1.0,0.20600000000000002,0.22,0.9994605242382608,39,0.00994964107935425,0.016245854394719927
-1.0,0.21300000000000002,0.08,0.9105797209946785,69,0.009949641079426986,0.15855728544883785
-1.0,0.21300000000000002,0.08700000000000001,0.9219848606745082,4,0.009944780554946424,0.15027448752280326
-1.0,0.21300000000000002,0.094,0.9324073654471031,7,0.009944780555029065,0.14384146824559751
-1.0,0.21300000000000002,0.101,0.9418810965297052,1,0.007462686567336648,0.13398826181976808
-1.0,0.21300000000000002,0.10800000000000001,0.9504453316173026,144,0.009949641079337428,0.12627794477493004
-1.0,0.21300000000000002,0.115,0.9581477795642251,105,0.009949641079320668,0.11794087718203805
-1.0,0.21300000000000002,0.12200000000000001,0.9650331035898254,159,0.009949641079350235,0.10892045092897762
-1.0,0.21300000000000002,0.129,0.9711450492722316,191,0.009944780554714407,0.10291926616743552
-1.0,0.21300000000000002,0.136,0.9765155816003563,169,0.009944780554717694,0.092593503196428
-1.0,0.21300000000000002,0.14300000000000002,0.9812163893804395,177,0.009949641079381894,0.0856076342574742
-1.0,0.21300000000000002,0.15000000000000002,0.9852864139588687,96,0.009949641079676809,0.07374297160472487
-1.0,0.21300000000000002,0.15700000000000003,0.9887490626007224,192,0.009949641079518241,0.0655807004336213
-1.0,0.21300000000000002,0.16400000000000003,0.9916699602106109,18,0.009944780554913915,0.05686449285079476
-1.0,0.21300000000000002,0.171,0.9940872828032344,126,0.009949641079528178,0.05267188181634397
-1.0,0.21300000000000002,0.17800000000000002,0.9960211040876277,26,0.009944780554737631,0.04297430576321859
-1.0,0.21300000000000002,0.185,0.9975358551077744,72,0.009949641079337214,0.03259056728162657
-1.0,0.21300000000000002,0.192,0.9986720288351343,21,0.009944780555100058,0.02733647911121395
-1.0,0.21300000000000002,0.199,0.9994246972092444,39,0.009949641079355826,0.01572502941547771
-1.0,0.21300000000000002,0.20600000000000002,0.9998648092774829,67,0.009944780554667172,0.009681336944544428
-1.0,0.21300000000000002,0.21300000000000002,1.0000221657881767,199,0.019899061622025312,0.003312510660397394
-1.0,0.21300000000000002,0.22,0.9998779211304818,0,0.00994478055467475,0.009999852899675643
-1.0,0.22,0.08,0.9061842105871748,69,0.009949641079436987,0.16207985774173772
-1.0,0.22,0.08700000000000001,0.9175935021842023,195,0.009944780554769895,0.15358897615041667
-1.0,0.22,0.094,0.9280703622046681,7,0.009944780554826053,0.14697650621677194
-1.0,0.22,0.101,0.9376514317787364,31,0.009944780554745394,0.1398371657071471
-1.0,0.22,0.10800000000000001,0.9463606453725865,184,0.009944780555932795,0.1321259261105624
-1.0,0.22,0.115,0.9542324169247968,193,0.009944780554883249,0.1237923405741519
-1.0,0.22,0.12200000000000001,0.9613117579028426,196,0.009944780554702265,0.11478012110114566
-1.0,0.22,0.129,0.96765429768001,191,0.009944780554798959,0.10502669382189223
-1.0,0.22,0.136,0.9732738545359039,151,0.009949641079327555,0.09847957060571699
-1.0,0.22,0.14300000000000002,0.9782427708795285,162,0.009949641079409387,0.09151522908399934
-1.0,0.22,0.15000000000000002,0.9825840959310157,12,0.009949641079787066,0.07968741889064002
-1.0,0.22,0.15700000000000003,0.9863343954118499,185,0.009944780554843689,0.07156568880382697
-1.0,0.22,0.16400000000000003,0.9895485683748377,34,0.009949641080355866,0.06290051686437304
-1.0,0.22,0.171,0.9922486011593414,181,0.00994478055473575,0.0587622087055083
-1.0,0.22,0.17800000000000002,0.9944786236058254,70,0.00994964107933224,0.049138315884769135
-1.0,0.22,0.185,0.996293261072291,30,0.009949641079307792,0.038841415231922194
-1.0,0.22,0.192,0.9977034423745275,72,0.00994964107936809,0.033674318408319026
-1.0,0.22,0.199,0.9987551330319222,85,0.00994964107938327,0.02217801229978178
-1.0,0.22,0.20600000000000002,0.9994605242382608,39,0.00994964107935425,0.016245854394719927
-1.0,0.22,0.21300000000000002,0.9998779211304818,0,0.00994478055467475,0.009999852899675865
-1.0,0.22,0.22,1.0000236466167083,0,0.01989904688881784,0.0034208095060495047
